,k4_plain
2017-01-03,1000.0
2017-01-04,1000.0
2017-01-05,1000.0
2017-01-06,998.25
2017-01-09,998.2086347434351
2017-01-10,1002.2933815085107
2017-01-11,1005.4716645468694
2017-01-12,1010.1171699393544
2017-01-13,1012.287405793513
2017-01-17,1014.0315544109512
2017-01-18,1017.6832353051752
2017-01-19,1012.7702615599248
2017-01-20,1019.1479864692424
2017-01-23,1017.1598124846504
2017-01-24,1027.4789538557316
2017-01-25,1042.3078302206698
2017-01-26,1042.2646683007342
2017-01-27,1041.3653898322846
2017-01-30,1030.4614064861732
2017-01-31,1034.4790831929513
2017-02-01,1023.7342784497916
2017-02-02,1033.515804117738
2017-02-03,1037.2466930210724
2017-02-06,1034.4810417149602
2017-02-07,1029.4414944546413
2017-02-08,1038.71381139212
2017-02-09,1045.5633453706846
2017-02-10,1051.7539923783972
2017-02-13,1058.0911962093512
2017-02-14,1055.9859964303776
2017-02-15,1062.474141688146
2017-02-16,1063.6367402720216
2017-02-17,1071.8765601054863
2017-02-21,1084.2657006658105
2017-02-22,1082.0947517889804
2017-02-23,1082.599272040435
2017-02-24,1077.1979931761596
2017-02-27,1076.0846758475598
2017-02-28,1074.7275133500407
2017-03-01,1094.0844431967525
2017-03-02,1087.3384831684036
2017-03-03,1089.8978565986988
2017-03-06,1085.0771117736613
2017-03-07,1083.7990248926274
2017-03-08,1085.0759372969612
2017-03-09,1087.7277637437612
2017-03-10,1092.194408566549
2017-03-13,1094.1990520674435
2017-03-14,1087.926120546772
2017-03-15,1102.9728515842153
2017-03-16,1094.4907381948856
2017-03-17,1097.3998286834894
2017-03-20,1093.1168786018288
2017-03-21,1083.7729076494304
2017-03-22,1086.9900877913096
2017-03-23,1085.8994899345016
2017-03-24,1091.0699934185916
2017-03-27,1088.5631988941677
2017-03-28,1093.925216961478
2017-03-29,1094.0332026739925
2017-03-30,1094.2488228301925
2017-03-31,1098.1777551044358
2017-04-03,1094.8326459555255
2017-04-04,1090.6378791348388
2017-04-05,1087.8735243728797
2017-04-06,1088.1847770081158
2017-04-07,1087.524354563856
2017-04-10,1091.203351922841
2017-04-11,1090.0561570057755
2017-04-12,1084.061062167772
2017-04-13,1077.7596229052965
2017-04-17,1087.3169598996803
2017-04-18,1083.8092810548503
2017-04-19,1086.2248378349927
2017-04-20,1104.7612613136075
2017-04-21,1097.8242907453855
2017-04-24,1115.27113144639
2017-04-25,1118.753987708212
2017-04-26,1115.2807802983623
2017-04-27,1113.8444026724549
2017-04-28,1113.0118187062533
2017-05-01,1114.146876838043
2017-05-02,1110.7535351380816
2017-05-03,1111.6839841246394
2017-05-04,1100.5822993921392
2017-05-05,1107.7779138249768
2017-05-08,1102.46715071043
2017-05-09,1079.4033404976271
2017-05-10,1083.2981035224864
2017-05-11,1088.5647509465578
2017-05-12,1080.6087223514123
2017-05-15,1093.1695853551264
2017-05-16,1104.1630855071712
2017-05-17,1081.5350466941973
2017-05-18,1076.2230008771348
2017-05-19,1085.6225770235712
2017-05-22,1109.047738113489
2017-05-23,1103.5725433758068
2017-05-24,1114.9129827253398
2017-05-25,1115.7205035278032
2017-05-26,1109.4341166730057
2017-05-30,1121.1440745060738
2017-05-31,1124.4791900500152
2017-06-01,1142.556220248577
2017-06-02,1150.9379716595543
2017-06-05,1153.183658606047
2017-06-06,1150.5856564560158
2017-06-07,1149.413030212728
2017-06-08,1152.430387118419
2017-06-09,1146.9866749834546
2017-06-12,1137.7346832711394
2017-06-13,1135.2337258911232
2017-06-14,1135.1477279936419
2017-06-15,1122.168500015952
2017-06-16,1115.4419110955914
2017-06-19,1125.1497505258276
2017-06-20,1122.3238161036336
2017-06-21,1122.462571926859
2017-06-22,1150.254390072192
2017-06-23,1150.8562504387874
2017-06-26,1159.4110259567337
2017-06-27,1162.7464096423953
2017-06-28,1167.3541577560263
2017-06-29,1158.9529109371592
2017-06-30,1160.0059820684007
2017-07-03,1153.2311973844223
2017-07-05,1165.7234488711072
2017-07-06,1157.7108244172907
2017-07-07,1164.5473672820776
2017-07-10,1162.4194771374437
2017-07-11,1160.7812631316815
2017-07-12,1169.906477830132
2017-07-13,1167.1630880080909
2017-07-14,1171.194303530113
2017-07-17,1178.1375947043373
2017-07-18,1178.917439721829
2017-07-19,1186.3634760305965
2017-07-20,1188.8419186993892
2017-07-21,1191.9574773304487
2017-07-24,1187.9441872695936
2017-07-25,1189.9462407042379
2017-07-26,1189.6668110331275
2017-07-27,1196.8322483787476
2017-07-28,1196.058956602052
2017-07-31,1197.4965041982348
2017-08-01,1200.266217063031
2017-08-02,1199.2467442585814
2017-08-03,1202.500724231442
2017-08-04,1200.298741524076
2017-08-07,1208.085986162525
2017-08-08,1208.446707450706
2017-08-09,1215.5656226681153
2017-08-10,1202.0631969846409
2017-08-11,1193.0250444895403
2017-08-14,1204.9265496959251
2017-08-15,1202.6249873944348
2017-08-16,1210.563610115889
2017-08-17,1191.1513760840169
2017-08-18,1189.9276579584719
2017-08-21,1198.0489264508165
2017-08-22,1206.9923051434878
2017-08-23,1196.838462578867
2017-08-24,1197.2700053838182
2017-08-25,1197.313751921365
2017-08-28,1199.394521897822
2017-08-29,1199.9335414119448
2017-08-30,1201.7063152079909
2017-08-31,1211.8489268326855
2017-09-01,1193.1022299874558
2017-09-05,1189.7172474090328
2017-09-06,1186.184182222964
2017-09-07,1196.1257455098562
2017-09-08,1201.122043278952
2017-09-11,1213.079195073103
2017-09-12,1208.032699309638
2017-09-13,1198.8384144177394
2017-09-14,1201.1248111896955
2017-09-15,1182.7109806443812
2017-09-18,1178.1559903979182
2017-09-19,1179.9517565595836
2017-09-20,1178.479825693194
2017-09-21,1179.7138931134496
2017-09-22,1182.101462800574
2017-09-25,1185.498540331063
2017-09-26,1179.7633546565783
2017-09-27,1168.950330215552
2017-09-28,1174.4104066054917
2017-09-29,1178.6358802277607
2017-10-02,1187.452043677916
2017-10-03,1191.3471611084228
2017-10-04,1197.3402644990201
2017-10-05,1200.4475190665523
2017-10-06,1198.0068402302081
2017-10-09,1198.1525379564719
2017-10-10,1204.7570736256419
2017-10-11,1203.8889543036937
2017-10-12,1208.0271938558803
2017-10-13,1208.9027042288585
2017-10-16,1212.8881730900025
2017-10-17,1207.157181319679
2017-10-18,1208.4148211240276
2017-10-19,1207.2321598197555
2017-10-20,1223.7659584369726
2017-10-23,1228.3913985539048
2017-10-24,1234.0482520132537
2017-10-25,1227.4464277942552
2017-10-26,1229.9216555038038
2017-10-27,1230.9581713556415
2017-10-30,1231.292390641744
2017-10-31,1239.3055447513364
2017-11-01,1242.2064128775871
2017-11-02,1246.5311969566847
2017-11-03,1241.8413520476865
2017-11-06,1241.5011730234685
2017-11-07,1245.993788778027
2017-11-08,1259.1370204782636
2017-11-09,1253.8862520477471
2017-11-10,1242.0065521663096
2017-11-13,1248.8935145215614
2017-11-14,1260.3022325938057
2017-11-15,1248.5692869823517
2017-11-16,1254.0993362825163
2017-11-17,1244.6739224377013
2017-11-20,1253.3716000978704
2017-11-21,1259.693448011377
2017-11-22,1259.23300331741
2017-11-24,1255.4708798178974
2017-11-27,1256.1153799660701
2017-11-28,1268.101449696925
2017-11-29,1286.3963566180778
2017-11-30,1288.369617289351
2017-12-01,1283.16623433855
2017-12-04,1300.212121384981
2017-12-05,1284.7758290137926
2017-12-06,1275.9715523996906
2017-12-07,1277.9323788539418
2017-12-08,1285.039645348555
2017-12-11,1284.7494501264305
2017-12-12,1272.293545698614
2017-12-13,1274.1315728476384
2017-12-14,1266.4257978932724
2017-12-15,1277.8295701510658
2017-12-18,1286.1723050204646
2017-12-19,1273.6774529622908
2017-12-20,1276.6892073297047
2017-12-21,1269.9621291924227
2017-12-22,1259.3275252973397
2017-12-26,1253.4504498330516
2017-12-27,1263.1886124409673
2017-12-28,1268.4239077888194
2017-12-29,1263.852377088879
2018-01-02,1270.8331999372306
2018-01-03,1283.650332823561
2018-01-04,1285.9137442231947
2018-01-05,1285.241290656076
2018-01-08,1301.2668697744073
2018-01-09,1300.6228135637625
2018-01-10,1292.0969617006851
2018-01-11,1308.349500554633
2018-01-12,1309.760723780561
2018-01-16,1305.0666852869283
2018-01-17,1322.062693503906
2018-01-18,1321.3537114347087
2018-01-19,1329.0024015830816
2018-01-22,1337.8877799503584
2018-01-23,1340.1127766401576
2018-01-24,1359.315943359903
2018-01-25,1377.5801684212652
2018-01-26,1388.751175512508
2018-01-29,1365.4350926213483
2018-01-30,1363.2980637439377
2018-01-31,1367.2844308276478
2018-02-01,1360.8083199553244
2018-02-02,1335.840303188785
2018-02-05,1285.6211607899863
2018-02-06,1290.997017717749
2018-02-07,1301.9715586128568
2018-02-08,1237.5173229319423
2018-02-09,1257.4152044924829
2018-02-12,1274.1551806501325
2018-02-13,1272.6608927505554
2018-02-14,1302.6230956441425
2018-02-15,1323.6231181408527
2018-02-16,1325.5879356663218
2018-02-20,1316.4435510412675
2018-02-21,1328.309578323495
2018-02-22,1331.5866810773095
2018-02-23,1355.9065564518028
2018-02-26,1373.4823899833204
2018-02-27,1360.4266888289987
2018-02-28,1347.027573457434
2018-03-01,1339.2779751453675
2018-03-02,1338.828675733702
2018-03-05,1358.98312927544
2018-03-06,1371.283705343645
2018-03-07,1368.2413064074556
2018-03-08,1384.327026429086
2018-03-09,1418.838790393597
2018-03-12,1425.278319474562
2018-03-13,1425.7952032216228
2018-03-14,1416.6151898748915
2018-03-15,1413.6163551967047
2018-03-16,1415.8591860839715
2018-03-19,1394.229444784242
2018-03-20,1393.3758710643583
2018-03-21,1387.5038999615426
2018-03-22,1356.670200095596
2018-03-23,1337.1095649328392
2018-03-26,1356.8952801231505
2018-03-27,1335.4208529697967
2018-03-28,1331.8634741723856
2018-03-29,1354.1755591425226
2018-04-02,1326.4785561922529
2018-04-03,1350.1296726841779
2018-04-04,1360.9616925706098
2018-04-05,1371.2788005863554
2018-04-06,1348.0113828317762
2018-04-09,1353.0441197293635
2018-04-10,1358.127924369025
2018-04-11,1354.540296285659
2018-04-12,1362.1813070508717
2018-04-13,1357.0745776084577
2018-04-16,1374.1685545186444
2018-04-17,1380.9503952644857
2018-04-18,1386.068545015897
2018-04-19,1381.8451315468358
2018-04-20,1374.3069927422746
2018-04-23,1376.8418953154812
2018-04-24,1377.8580186451163
2018-04-25,1390.0492656082558
2018-04-26,1386.9010213943645
2018-04-27,1399.3688350204845
2018-04-30,1396.401775948912
2018-05-01,1402.3471271492429
2018-05-02,1402.0921161382823
2018-05-03,1386.5824578827555
2018-05-04,1402.6974902368638
2018-05-07,1407.6704689404132
2018-05-08,1401.2338894062655
2018-05-09,1414.4894427640224
2018-05-10,1433.9681755977354
2018-05-11,1438.521293043857
2018-05-14,1435.8075089223446
2018-05-15,1424.7421112643535
2018-05-16,1429.290318806947
2018-05-17,1426.3812806719102
2018-05-18,1421.7417052535477
2018-05-21,1425.4088375386964
2018-05-22,1414.209087500301
2018-05-23,1414.385162850392
2018-05-24,1409.899849754696
2018-05-25,1388.1077691959729
2018-05-29,1371.6186684280547
2018-05-30,1397.1113219612012
2018-05-31,1386.5381641157155
2018-06-01,1399.3080216948863
2018-06-04,1434.050220087451
2018-06-05,1445.0590790132908
2018-06-06,1469.160709180642
2018-06-07,1554.1336000662516
2018-06-08,1567.527815553949
2018-06-11,1554.034446256506
2018-06-12,1554.2047424047487
2018-06-13,1552.2567932411225
2018-06-14,1548.8455950474213
2018-06-15,1553.800411313432
2018-06-18,1552.8432986092616
2018-06-19,1545.092400088128
2018-06-20,1551.5794979643463
2018-06-21,1547.3125555042373
2018-06-22,1552.0875005371736
2018-06-25,1546.7493755987973
2018-06-26,1542.3215498655152
2018-06-27,1531.1859891781673
2018-06-28,1539.9887089080003
2018-06-29,1545.710507348531
2018-07-02,1565.2853889039716
2018-07-03,1563.3740269820573
2018-07-05,1571.1592891959006
2018-07-06,1584.4217512412306
2018-07-09,1612.2226205974687
2018-07-10,1615.0995903481137
2018-07-11,1600.7160887686764
2018-07-12,1605.8514571699502
2018-07-13,1598.789823800635
2018-07-16,1609.951163256574
2018-07-17,1628.0656547316548
2018-07-18,1631.2466065372034
2018-07-19,1636.6837023093767
2018-07-20,1627.7117827885606
2018-07-23,1629.460591252174
2018-07-24,1621.5466659594765
2018-07-25,1631.421341751811
2018-07-26,1640.7109059587663
2018-07-27,1623.225710011964
2018-07-30,1601.7012962070637
2018-07-31,1609.6385662572018
2018-08-01,1606.6773239592685
2018-08-02,1660.5248558114006
2018-08-03,1671.4353303267496
2018-08-06,1701.4121734294065
2018-08-07,1715.8625796167223
2018-08-08,1724.6430315162254
2018-08-09,1735.3408690449887
2018-08-10,1890.9518649885472
2018-08-13,1875.4824478037278
2018-08-14,1893.2260176909347
2018-08-15,1884.7633062348239
2018-08-16,1904.1892105175764
2018-08-17,1918.3182818004439
2018-08-20,1926.2533442538258
2018-08-21,1914.5550270676188
2018-08-22,1946.292147208167
2018-08-23,1956.0634512491924
2018-08-24,1959.1626911149642
2018-08-27,1964.7245298481416
2018-08-28,1958.8497931066781
2018-08-29,1970.4735142243549
2018-08-30,1967.3761723952425
2018-08-31,1977.9217610374571
2018-09-04,1968.6488689817363
2018-09-05,1985.8184183746143
2018-09-06,1988.6250867993458
2018-09-07,1987.2917485911262
2018-09-10,2010.035981909563
2018-09-11,2013.3341475755765
2018-09-12,2039.0018176242288
2018-09-13,2047.8894619979815
2018-09-14,2061.4739309850406
2018-09-17,2051.0258602784806
2018-09-18,2058.6507620469065
2018-09-19,2035.949295962522
2018-09-20,2051.7064342349904
2018-09-21,2063.3853140079937
2018-09-24,2052.7950292186465
2018-09-25,2047.957017131926
2018-09-26,2039.8764471371314
2018-09-27,2021.6102958989645
2018-09-28,2030.9105891184445
2018-10-01,2028.5050358360427
2018-10-02,2026.0035801112642
2018-10-03,2023.484163474215
2018-10-04,2015.3663099943199
2018-10-05,2004.832955928188
2018-10-08,2017.1820053961637
2018-10-09,2019.709667553353
2018-10-10,1943.2729655608296
2018-10-11,1903.088647635598
2018-10-12,1906.4660945218898
2018-10-15,1905.1855373666585
2018-10-16,1974.9343116172977
2018-10-17,1931.0501941578173
2018-10-18,1832.1744444866047
2018-10-19,1808.7451138575282
2018-10-22,1790.2113285771466
2018-10-23,1769.6299765747292
2018-10-24,1761.8262698052747
2018-10-25,1759.5514619137957
2018-10-26,1742.3593179501327
2018-10-29,1753.4655333508822
2018-10-30,1759.4214417738149
2018-10-31,1752.9027094718783
2018-11-01,1772.3634676349307
2018-11-02,1757.1456253597944
2018-11-05,1787.6994606195942
2018-11-06,1800.5241445834458
2018-11-07,1820.2630766132102
2018-11-08,1822.4176516792966
2018-11-09,1839.0901905979129
2018-11-12,1796.3599443877265
2018-11-13,1791.4213779976146
2018-11-14,1781.3863089833033
2018-11-15,1774.49980010066
2018-11-16,1751.2662323233978
2018-11-19,1729.2004794273876
2018-11-20,1699.4860023987328
2018-11-21,1707.6525415706712
2018-11-23,1684.5559309996543
2018-11-26,1715.730699633086
2018-11-27,1698.8937733400508
2018-11-28,1744.551390004487
2018-11-29,1728.1638287233527
2018-11-30,1714.8106970808826
2018-12-03,1758.834513013058
2018-12-04,1706.3670436155228
2018-12-06,1704.1252394665307
2018-12-07,1685.6400718120083
2018-12-10,1667.9549995113705
2018-12-11,1631.6726093841498
2018-12-12,1658.0156325078783
2018-12-13,1644.9079629233745
2018-12-14,1629.6411352332188
2018-12-17,1579.9414832322575
2018-12-18,1570.3243183731686
2018-12-19,1572.867629938601
2018-12-20,1563.74460577414
2018-12-21,1541.3558321159526
2018-12-24,1525.1596362203827
2018-12-26,1607.1466847261408
2018-12-27,1588.2856808569768
2018-12-28,1580.1206195867694
2018-12-31,1603.7619699800598
2019-01-02,1640.701930801693
2019-01-03,1627.5692087437737
2019-01-04,1690.628888358915
2019-01-07,1699.422548167188
2019-01-08,1728.137638133789
2019-01-09,1712.3247427877693
2019-01-10,1719.2439781778064
2019-01-11,1706.4854599596822
2019-01-14,1694.510891902457
2019-01-15,1705.6090037235267
2019-01-16,1699.9415374858527
2019-01-17,1702.4715485923284
2019-01-18,1702.2087532578757
2019-01-22,1699.9296730619835
2019-01-23,1708.4461706827854
2019-01-24,1705.2637159630399
2019-01-25,1703.046802196611
2019-01-28,1699.690457484006
2019-01-29,1707.3957481708162
2019-01-30,1719.561710868249
2019-01-31,1734.1959431706364
2019-02-01,1739.1874419240382
2019-02-04,1754.6056821878703
2019-02-05,1759.4647171255274
2019-02-06,1745.4078082962076
2019-02-07,1750.3756432694568
2019-02-08,1753.5730251017512
2019-02-11,1762.648905226037
2019-02-12,1766.7842189611783
2019-02-13,1782.3997521525844
2019-02-14,1785.422546622921
2019-02-15,1785.6907660965694
2019-02-19,1797.2437810343058
2019-02-20,1800.4266790573924
2019-02-21,1807.992761159173
2019-02-22,1823.4679102645728
2019-02-25,1827.9336164340539
2019-02-26,1814.4762173206316
2019-02-27,1816.6054608497977
2019-02-28,1814.6607795196194
2019-03-01,1839.8442855419175
2019-03-04,1835.580434974707
2019-03-05,1839.1362774793
2019-03-06,1825.652248887244
2019-03-07,1818.6936078076674
2019-03-08,1821.244345251323
2019-03-11,1838.836464976764
2019-03-12,1844.528393391239
2019-03-13,1852.0276194172372
2019-03-14,1855.3929370175952
2019-03-15,1867.4712286902195
2019-03-18,1867.0208913045508
2019-03-19,1861.9900388874235
2019-03-20,1841.7910001163307
2019-03-21,1867.7553165690738
2019-03-22,1829.9975450792203
2019-03-25,1833.1963706815363
2019-03-26,1841.8922445382095
2019-03-27,1831.5357055883574
2019-03-28,1829.7554017101581
2019-03-29,1844.1788941207446
2019-04-01,1871.084439410664
2019-04-02,1878.5533781717309
2019-04-03,1888.3385338568119
2019-04-04,1889.62058922896
2019-04-05,1897.3082074372323
2019-04-08,1888.565306493746
2019-04-09,1883.8363034385743
2019-04-10,1884.757021328469
2019-04-11,1891.318078199451
2019-04-12,1896.9283789848141
2019-04-15,1894.4895064931166
2019-04-16,1887.3876278140017
2019-04-17,1876.0728441676767
2019-04-18,1868.8297466063716
2019-04-22,1861.6113863795047
2019-04-23,1878.5012619962927
2019-04-24,1888.2768129028568
2019-04-25,1892.0107774600835
2019-04-26,1894.57176482293
2019-04-29,1880.6732516252675
2019-04-30,1901.790185480872
2019-05-01,1888.2819714461582
2019-05-02,1885.0392530658232
2019-05-03,1898.8688474983219
2019-05-06,1894.9998504419284
2019-05-07,1891.011559861666
2019-05-08,1867.2621530749504
2019-05-09,1868.1090713668286
2019-05-10,1890.68109701898
2019-05-13,1864.0782324179283
2019-05-14,1874.9290120130488
2019-05-15,1883.861878181212
2019-05-16,1896.1802829128653
2019-05-17,1889.6658882165057
2019-05-20,1877.8193691598597
2019-05-21,1911.3326133497258
2019-05-22,1917.7399779080574
2019-05-23,1907.4539666081816
2019-05-24,1916.4448737731082
2019-05-28,1901.620992354707
2019-05-29,1886.662646200169
2019-05-30,1901.571440901156
2019-05-31,1877.1276686701428
2019-06-03,1883.9224738235698
2019-06-04,1904.9310546968188
2019-06-05,1912.6088157639617
2019-06-06,1934.2216301982296
2019-06-07,1946.5124447750177
2019-06-10,1946.6723916863634
2019-06-11,1945.5608515670033
2019-06-12,1950.1584608376857
2019-06-13,1945.2406769401064
2019-06-14,1947.7936180112097
2019-06-17,1949.2038479345752
2019-06-18,1973.9579988870169
2019-06-19,2001.3247319888258
2019-06-20,2020.4137902617965
2019-06-21,2011.2210354520046
2019-06-24,1999.626021015349
2019-06-25,1966.6389041854645
2019-06-26,1948.9548438307224
2019-06-27,1967.4625134828516
2019-06-28,2000.8457960920525
2019-07-01,2000.1272894468625
2019-07-02,2018.1196099522022
2019-07-03,2039.6461841551702
2019-07-05,2033.2813518931011
2019-07-08,2035.0232317497123
2019-07-09,2040.2575614134278
2019-07-10,2040.1378463968858
2019-07-11,2033.6303243185819
2019-07-12,2010.2669372881069
2019-07-15,2016.796020363759
2019-07-16,1999.2072850926056
2019-07-17,1994.5413405296563
2019-07-18,2003.7169651641284
2019-07-19,1987.4776874165175
2019-07-22,2000.0380754927646
2019-07-23,2017.895324346621
2019-07-24,2022.0925548642483
2019-07-25,2031.2563339641406
2019-07-26,2059.153617027681
2019-07-29,2078.971422574958
2019-07-30,2056.8073139953085
2019-07-31,2032.4719515982893
2019-08-01,2029.2770002708835
2019-08-02,2007.2423304706736
2019-08-05,1939.8737783203978
2019-08-06,1975.9483366058603
2019-08-07,1978.869319361003
2019-08-08,2049.4042427942304
2019-08-09,1996.2641844229956
2019-08-12,1971.989755230644
2019-08-13,2009.4463057394635
2019-08-14,1940.5901381488814
2019-08-15,1959.2429532924716
2019-08-16,1991.13708976957
2019-08-19,2006.532006970859
2019-08-20,1991.4146005980283
2019-08-21,2115.009329683972
2019-08-22,2134.7733322238564
2019-08-23,2086.0053289549
2019-08-26,2116.751040676704
2019-08-27,2106.9870280340756
2019-08-28,2119.198665044239
2019-08-29,2147.9089986760964
2019-08-30,2136.3211890206658
2019-09-03,2046.605953724074
2019-09-04,2043.2237348535741
2019-09-05,2068.711926357105
2019-09-06,2069.120404445366
2019-09-09,2349.2313515422547
2019-09-10,2405.4674309059374
2019-09-11,2428.5804041552474
2019-09-12,2401.565578809549
2019-09-13,2427.5927425144428
2019-09-16,2453.3117229332356
2019-09-17,2490.231519432171
2019-09-18,2480.0410278138897
2019-09-19,2472.4504059630053
2019-09-20,2453.7529550817185
2019-09-23,2452.5171364680527
2019-09-24,2435.48946690575
2019-09-25,2454.1274371755508
2019-09-26,2472.8180741998467
2019-09-27,2445.5309501000306
2019-09-30,2452.7958036413806
2019-10-01,2424.5405556160786
2019-10-02,2402.1414736665124
2019-10-03,2426.2373419169485
2019-10-04,2439.5021078195446
2019-10-07,2426.5761605733223
2019-10-08,2400.4878484619885
2019-10-09,2421.707752383706
2019-10-10,2437.7291741127488
2019-10-11,2451.6817314763493
2019-10-14,2437.9786171404007
2019-10-15,2484.7910435751014
2019-10-16,2485.9062373673037
2019-10-17,2500.44105038336
2019-10-18,2497.2583531219993
2019-10-21,2464.6222584540396
2019-10-22,2440.1607882887643
2019-10-23,2430.751359426212
2019-10-24,2425.645402031849
2019-10-25,2427.3476094200128
2019-10-28,2451.691708355185
2019-10-29,2464.1315282639757
2019-10-30,2451.899671902229
2019-10-31,2473.3935451672355
2019-11-01,2481.2635349490074
2019-11-04,2513.148217093232
2019-11-05,2537.3280814444183
2019-11-06,2549.2191308774436
2019-11-07,2567.844684281193
2019-11-08,2546.3979305437388
2019-11-11,2550.415606130446
2019-11-12,2543.5070726919116
2019-11-13,2561.1068524894404
2019-11-14,2573.8714058241108
2019-11-15,2600.3250044623533
2019-11-18,2609.375378912451
2019-11-19,2591.78234408159
2019-11-20,2597.919224013697
2019-11-21,2619.9134651659133
2019-11-22,2638.6267511212927
2019-11-25,2662.34159106662
2019-11-26,2676.6019464366
2019-11-27,2684.7238080543702
2019-11-29,2660.6467777480298
2019-12-02,2629.649630282108
2019-12-03,2643.402430049416
2019-12-04,2638.9784231624185
2019-12-05,2642.6148075704873
2019-12-06,2712.5303988459523
2019-12-09,2705.509806094188
2019-12-10,2695.5822276203826
2019-12-11,2683.902628166039
2019-12-12,2663.9874764322817
2019-12-13,2677.881679272324
2019-12-16,2697.820869754714
2019-12-17,2688.681214770732
2019-12-18,2699.8592381885505
2019-12-19,2724.5507820167563
2019-12-20,2738.015513005249
2019-12-23,2741.093419088808
2019-12-24,2744.966425243029
2019-12-26,2754.0706768164237
2019-12-27,2751.6219065153214
2019-12-30,2747.9069915691184
2019-12-31,2748.3453776568317
2020-01-02,2753.802443508748
2020-01-03,2745.894661159037
2020-01-06,2759.303752546948
2020-01-07,2725.155273496483
2020-01-08,2722.5297464869436
2020-01-09,2740.577810478545
2020-01-10,2731.766372143919
2020-01-13,2739.7361131721227
2020-01-14,2738.8830592263394
2020-01-15,2755.5903304505273
2020-01-16,2762.7051944130267
2020-01-17,2768.066281790233
2020-01-21,2758.527509618807
2020-01-22,2773.934775310031
2020-01-23,2748.1840679760685
2020-01-24,2740.897751285907
2020-01-27,2723.3794962572238
2020-01-28,2736.560951642433
2020-01-29,2747.485033983864
2020-01-30,2755.4629272065313
2020-01-31,2715.972407564766
2020-02-03,2751.347916610754
2020-02-04,2784.9110662449507
2020-02-05,2779.5702445188267
2020-02-06,2776.602600832485
2020-02-07,2757.826187782278
2020-02-10,2816.1118645856327
2020-02-11,2804.7616064729773
2020-02-12,2826.706394736226
2020-02-13,2825.8096494840047
2020-02-14,2840.108187494539
2020-02-18,2811.7222726003856
2020-02-19,2826.109490903708
2020-02-20,2832.156440808961
2020-02-21,2771.104177895876
2020-02-24,2732.9342717512955
2020-02-25,2669.8556695021794
2020-02-26,2658.465095198178
2020-02-27,2525.3449312687458
2020-02-28,2485.64508129609
2020-03-02,2621.696878831996
2020-03-03,2544.1056688926806
2020-03-04,2639.7683114285
2020-03-05,2515.7857374062633
2020-03-06,2469.1733207305315
2020-03-09,2091.655993089733
2020-03-10,2219.4040672635756
2020-03-11,1943.4735319356446
2020-03-12,1649.7186069288834
2020-03-13,1940.5782509334772
2020-03-16,1548.078873885855
2020-03-17,1637.437368470451
2020-03-18,1434.9344109964459
2020-03-19,1601.5236372191102
2020-03-20,1503.2276085937826
2020-03-23,1445.3507973980604
2020-03-24,1592.900966596339
2020-03-25,1825.462887690253
2020-03-26,1940.7045059546126
2020-03-27,1884.3459539856526
2020-03-30,1892.0458174809812
2020-03-31,1915.2347241778887
2020-04-01,1772.9800305652216
2020-04-02,1771.5498440228864
2020-04-03,1752.3280511803152
2020-04-06,1987.8474788227625
2020-04-07,2067.9501252112955
2020-04-08,2196.3830662443847
2020-04-09,2419.978857150409
2020-04-13,2339.195492718747
2020-04-14,2378.648843200674
2020-04-15,2235.8307471009584
2020-04-16,2219.160809128079
2020-04-17,2349.389504340108
2020-04-20,2291.147220379566
2020-04-21,2255.1621149625826
2020-04-22,2285.8212640053985
2020-04-23,2290.6249160113884
2020-04-24,2317.7130122473845
2020-04-27,2337.419468403319
2020-04-28,2329.744507408706
2020-04-29,2315.4249652271974
2020-04-30,2274.653789091731
2020-05-01,2244.7653371229726
2020-05-04,2261.257422070517
2020-05-05,2279.9226498308685
2020-05-06,2263.3844762898434
2020-05-07,2273.402410674518
2020-05-08,2307.424502776852
2020-05-11,2301.492047261506
2020-05-12,2280.7903817454217
2020-05-13,2276.8602559522333
2020-05-14,2277.9735686218
2020-05-15,2264.2716293624476
2020-05-18,2289.7462453008447
2020-05-19,2253.090263187169
2020-05-20,2271.52408930031
2020-05-21,2251.2924109625314
2020-05-22,2274.6098169913935
2020-05-26,2256.330327705895
2020-05-27,2313.472034095149
2020-05-28,2309.7531159658147
2020-05-29,2348.0463173284456
2020-06-01,2340.6098730601047
2020-06-02,2354.894921074569
2020-06-03,2348.796541077215
2020-06-04,2330.590884537663
2020-06-05,2355.7363052461305
2020-06-08,2387.7668663627524
2020-06-09,2399.481149201255
2020-06-10,2415.3083683245736
2020-06-11,2342.2379505975905
2020-06-12,2337.4057554289075
2020-06-15,2375.335847159746
2020-06-16,2401.800099232365
2020-06-17,2370.027125802845
2020-06-18,2373.0664282655252
2020-06-19,2386.643545630825
2020-06-22,2422.5242595691166
2020-06-23,2437.7446803037337
2020-06-24,2396.953642668307
2020-06-25,2404.464554845091
2020-06-26,2328.0128359618634
2020-06-29,2373.678414405738
2020-06-30,2419.6463669033533
2020-07-01,2446.1700364131143
2020-07-02,2446.454208012824
2020-07-06,2459.160313681213
2020-07-07,2443.768271912174
2020-07-08,2488.537122236185
2020-07-09,2555.7222224349857
2020-07-10,2532.1630704587815
2020-07-13,2607.844234911592
2020-07-14,2684.560592239968
2020-07-15,2787.4973316319815
2020-07-16,2806.581996157255
2020-07-17,2956.541725959979
2020-07-20,3052.1832277787476
2020-07-21,3046.281280102151
2020-07-22,3039.1136956439846
2020-07-23,2989.285503760483
2020-07-24,2938.6067930982213
2020-07-27,3014.8090348048286
2020-07-28,2974.9631958100904
2020-07-29,3003.3413598179145
2020-07-30,3018.420509859919
2020-07-31,3038.524245430174
2020-08-03,3088.713595718093
2020-08-04,3074.9877671711097
2020-08-05,3077.012377650248
2020-08-06,3113.0004879783537
2020-08-07,3089.1798779945534
2020-08-10,3077.4358513457937
2020-08-11,3059.070804379053
2020-08-12,3141.361044217535
2020-08-13,3134.1420306300647
2020-08-14,3113.3759328881156
2020-08-17,3142.9809419699645
2020-08-18,3121.062840552658
2020-08-19,3110.3357874340063
2020-08-20,3111.649992916034
2020-08-21,3149.4525567002934
2020-08-24,3145.9987699175354
2020-08-25,3149.7668329219064
2020-08-26,3190.158290366341
2020-08-27,3168.6859437069415
2020-08-28,3191.1089837655204
2020-08-31,3194.266542592621
2020-09-01,3243.0572819385334
2020-09-02,3298.3234002184754
2020-09-03,3163.321463728874
2020-09-04,3101.8119559276574
2020-09-08,3042.0274064302157
2020-09-09,3133.7364337377644
2020-09-10,3115.692373774393
2020-09-11,3140.5793160625394
2020-09-14,3158.1489460680264
2020-09-15,3141.8745614478526
2020-09-16,3126.1278400160395
2020-09-17,3146.4140898532096
2020-09-18,3085.6645299533657
2020-09-21,3034.136154176108
2020-09-22,3088.510353999369
2020-09-23,3014.670166539032
2020-09-24,3027.1683572145475
2020-09-25,3051.144066992174
2020-09-28,3154.1147195218387
2020-09-29,3119.3779260478673
2020-09-30,3154.3657767094146
2020-10-01,3235.1505384772768
2020-10-02,3349.5962504039762
2020-10-05,3396.966561393227
2020-10-06,3363.4056990955287
2020-10-07,3481.2236072786445
2020-10-08,3514.651363676304
2020-10-09,3540.7242081175173
2020-10-12,3503.6147914468556
2020-10-13,3516.736028317533
2020-10-14,3578.427926924591
2020-10-15,3637.440971587027
2020-10-16,3594.9715191047626
2020-10-19,3525.717495294507
2020-10-20,3559.7761103211988
2020-10-21,3535.2172582377552
2020-10-22,3542.177190493123
2020-10-23,3505.551478979501
2020-10-26,3478.0902837187664
2020-10-27,3476.03032656002
2020-10-28,3275.623645447127
2020-10-29,3296.817465120108
2020-10-30,3234.2964850900325
2020-11-02,3277.731754488552
2020-11-03,3349.2249402708353
2020-11-04,3399.063201341772
2020-11-05,3451.0361607914692
2020-11-06,3466.8893390022317
2020-11-09,3392.9178441118484
2020-11-10,3381.500448632237
2020-11-11,3424.4171734541264
2020-11-12,3405.5259583154834
2020-11-13,3434.4932674214606
2020-11-16,3485.8468418219063
2020-11-17,3468.377706887779
2020-11-18,3456.65616679464
2020-11-19,3480.2545951378343
2020-11-20,3506.6588071495307
2020-11-23,3555.813602081273
2020-11-24,3580.9428789984704
2020-11-25,3582.984018923404
2020-11-27,3572.8320410018405
2020-11-30,3552.8638674224762
2020-12-01,3561.806571049555
2020-12-02,3535.22236537702
2020-12-03,3527.664791230803
2020-12-04,3537.9687571700388
2020-12-07,3527.2099121621063
2020-12-08,3529.6373955153904
2020-12-09,3533.8891700765307
2020-12-10,3503.8801869715408
2020-12-11,3505.288870601737
2020-12-14,3485.711373216532
2020-12-15,3524.427380447419
2020-12-16,3501.3142148931197
2020-12-17,3521.4817814804637
2020-12-18,3505.0965888718288
2020-12-21,3536.643479547692
2020-12-22,3526.7023805255294
2020-12-23,3536.463239098314
2020-12-24,3542.479457835704
2020-12-28,3565.7449956280784
2020-12-29,3547.8205523163856
2020-12-30,3547.17435619016
2020-12-31,3579.404453180036
2021-01-04,3536.904564239524
2021-01-05,3568.9313860526686
2021-01-06,3657.763357421787
2021-01-07,3753.44327468826
2021-01-08,3750.1629567710524
2021-01-11,3693.1143386835015
2021-01-12,3688.011380648155
2021-01-13,3763.8297085501276
2021-01-14,3908.9171379917725
2021-01-15,3878.2951505254155
2021-01-19,4020.9472915485126
2021-01-20,4055.381209821356
2021-01-21,4073.295577860967
2021-01-22,4258.244932290681
2021-01-25,4247.471478258845
2021-01-26,4214.821059497147
2021-01-27,4205.11933130432
2021-01-28,4290.450875675568
2021-01-29,4258.60284508894
2021-02-01,4439.25687993794
2021-02-02,4487.35203525887
2021-02-03,4394.626291589194
2021-02-04,4522.368506841223
2021-02-05,4659.043449406804
2021-02-08,4755.038955845108
2021-02-09,4784.587268800415
2021-02-10,4775.145505260273
2021-02-11,4819.91503097957
2021-02-12,4806.199662042666
2021-02-16,4754.483221707018
2021-02-17,4699.320325351843
2021-02-18,4659.513630119085
2021-02-19,4811.290576564141
2021-02-22,4680.212083226928
2021-02-23,4629.189943452589
2021-02-24,4749.992719508189
2021-02-25,4560.952237207172
2021-02-26,4558.916932217421
2021-03-01,4771.996624074868
2021-03-02,4635.7736572419535
2021-03-03,4495.03331994338
2021-03-04,4279.28068045661
2021-03-05,4381.835790201704
2021-03-08,4352.360787022255
2021-03-09,4499.450632845638
2021-03-10,4598.130688695222
2021-03-11,4816.151634655991
2021-03-12,4798.992913381243
2021-03-15,4887.931620996878
2021-03-16,4814.073855150422
2021-03-17,4806.292317871248
2021-03-18,4789.415783384355
2021-03-19,4995.706746561341
2021-03-22,4817.98159868078
2021-03-23,4668.515072614834
2021-03-24,4611.286279993967
2021-03-25,4782.6422081143855
2021-03-26,4893.951617175356
2021-03-29,4677.720592960854
2021-03-30,4776.558363336555
2021-03-31,4821.444751195062
2021-04-01,4869.164723494071
2021-04-05,4833.20301468254
2021-04-06,4871.205354447994
2021-04-07,4793.47948307241
2021-04-08,4834.78862792608
2021-04-09,4819.014578553283
2021-04-12,4806.06691726598
2021-04-13,4751.995510216437
2021-04-14,4762.8864727048585
2021-04-15,4780.910107672293
2021-04-16,4835.722989058575
2021-04-19,4709.739572701463
2021-04-20,4495.617906143803
2021-04-21,4579.5220126765225
2021-04-22,4511.485814017851
2021-04-23,4569.308135052016
2021-04-26,4640.3044130106855
2021-04-27,4691.2195916533365
2021-04-28,4700.402554899794
2021-04-29,4861.401973801888
2021-04-30,4763.357004646108
2021-05-03,4913.626059607217
2021-05-04,4878.342839580251
2021-05-05,4871.185058035893
2021-05-06,4918.375777305034
2021-05-07,4936.8537025385385
2021-05-10,4837.050985931994
2021-05-11,4815.620217098732
2021-05-12,4456.341010842375
2021-05-13,4554.709620594545
2021-05-14,4770.536520493693
2021-05-17,4762.281249479436
2021-05-18,4645.310133052814
2021-05-19,4510.802169391543
2021-05-20,4466.138867190929
2021-05-21,4456.258436264937
2021-05-24,4489.571225988066
2021-05-25,4512.282460940214
2021-05-26,4614.1715591475395
2021-05-27,4689.049545136262
2021-05-28,4589.856321512465
2021-06-01,4579.368139962287
2021-06-02,4537.256280797634
2021-06-03,4471.240793807972
2021-06-04,4477.951767932006
2021-06-07,4443.448378230575
2021-06-08,4440.711460022958
2021-06-09,4417.425057852924
2021-06-10,4399.242888810759
2021-06-11,4442.132724445555
2021-06-14,4374.63135648466
2021-06-15,4381.335829611851
2021-06-16,4305.576947062278
2021-06-17,4247.5340745867425
2021-06-18,4110.257287772481
2021-06-21,4252.106757608243
2021-06-22,4250.389702878459
2021-06-23,4243.603549605863
2021-06-24,4320.700113312576
2021-06-25,4325.450683445587
2021-06-28,4319.375947517039
2021-06-29,4315.119582582993
2021-06-30,4352.713051915794
2021-07-01,4345.246665907252
2021-07-02,4332.014603643177
2021-07-06,4308.731129030813
2021-07-07,4332.678473490504
2021-07-08,4245.686942812605
2021-07-09,4320.079304219349
2021-07-12,4319.442935510135
2021-07-13,4216.783456502466
2021-07-14,4111.688905118803
2021-07-15,4081.5283453006523
2021-07-16,4033.3972064779555
2021-07-19,3969.273967833152
2021-07-20,4177.284781949425
2021-07-21,4255.639525637614
2021-07-22,4310.671871805732
2021-07-23,4334.551532827905
2021-07-26,4349.490262663514
2021-07-27,4325.792253845693
2021-07-28,4338.825979251626
2021-07-29,4384.315821290676
2021-07-30,4297.5724301266955
2021-08-02,4326.798159429717
2021-08-03,4438.675612466494
2021-08-04,4433.333517720964
2021-08-05,4475.731981268993
2021-08-06,4558.8765619597125
2021-08-09,4611.660494610099
2021-08-10,4654.249680876864
2021-08-11,4588.15530412832
2021-08-12,4682.439202414908
2021-08-13,4730.760859314606
2021-08-16,4723.766599937896
2021-08-17,4667.395682738169
2021-08-18,4625.1599680511135
2021-08-19,4637.695295011676
2021-08-20,4715.021968534644
2021-08-23,4718.996614663346
2021-08-24,4745.011317999637
2021-08-25,4822.457721229619
2021-08-26,4849.47703162809
2021-08-27,4919.272877768509
2021-08-30,4879.486762803526
2021-08-31,4890.039251928558
2021-09-01,4869.71516246148
2021-09-02,4890.337292978722
2021-09-03,4856.975230716953
2021-09-07,4794.607432366036
2021-09-08,4783.845771390688
2021-09-09,4772.644733308309
2021-09-10,4771.838539217841
2021-09-13,4768.045439934462
2021-09-14,4753.627660106293
2021-09-15,4779.235349260367
2021-09-16,4785.060248584193
2021-09-17,4775.553707395967
2021-09-20,4695.547920468054
2021-09-21,4732.354145334896
2021-09-22,4796.308762453318
2021-09-23,4881.283483175841
2021-09-24,4887.498967053708
2021-09-27,4793.8692713864775
2021-09-28,4652.764980907836
2021-09-29,4677.425844355532
2021-09-30,4599.330083931113
2021-10-01,4650.218383213218
2021-10-04,4565.490766322855
2021-10-05,4637.695318896993
2021-10-06,4630.058472964318
2021-10-07,4679.0326793499935
2021-10-08,4643.764639163157
2021-10-11,4569.681106433196
2021-10-12,4582.340379330766
2021-10-13,4659.640865045276
2021-10-14,4715.829812870523
2021-10-15,4755.368059972784
2021-10-18,4754.928582529074
2021-10-19,4762.296045700249
2021-10-20,4866.168112330567
2021-10-21,4870.798583015873
2021-10-22,4878.145983551385
2021-10-25,4872.130630104201
2021-10-26,4809.094633396215
2021-10-27,4858.583366893172
2021-10-28,4931.743056613519
2021-10-29,4879.630395629336
2021-11-01,4928.697074274961
2021-11-02,4980.762905671592
2021-11-03,4995.4663745364
2021-11-04,5051.494703577313
2021-11-05,5119.438957109607
2021-11-08,5116.427782026385
2021-11-09,5117.501397237958
2021-11-10,5099.173856837682
2021-11-11,5096.186304857529
2021-11-12,5109.48705786147
2021-11-15,5062.257526114507
2021-11-16,5110.3923287269245
2021-11-17,5107.421925714938
2021-11-18,5101.281635528025
2021-11-19,5120.737327711502
2021-11-22,5085.777484756965
2021-11-23,4989.01297994408
2021-11-24,5026.430923612748
2021-11-26,4922.481028199498
2021-11-29,5026.958349100669
2021-11-30,4891.246015315857
2021-12-01,4760.301521786376
2021-12-02,4842.477502947242
2021-12-03,4722.031199830219
2021-12-06,4676.57890448775
2021-12-07,4901.037214263505
2021-12-08,4893.532346711568
2021-12-09,4811.657537477114
2021-12-10,5025.7715600122865
2021-12-13,4957.424733412008
2021-12-14,4981.967534375775
2021-12-15,4992.323981272292
2021-12-16,4835.804607634915
2021-12-17,4795.939112098401
2021-12-20,4706.613125734916
2021-12-21,4882.987204361891
2021-12-22,4909.611216867183
2021-12-23,4804.789096865403
2021-12-27,4914.886657219115
2021-12-28,4891.5107294939635
2021-12-29,4919.42012235966
2021-12-30,4937.543601795823
2021-12-31,4947.889514120599
2022-01-03,5035.651006848882
2022-01-04,5095.76124802362
2022-01-05,4971.86236950945
2022-01-06,5016.0227375764025
2022-01-07,4953.963134618864
2022-01-10,4954.477037786807
2022-01-11,5020.347418483397
2022-01-12,5102.4465179848985
2022-01-13,4990.018096236115
2022-01-14,4892.605596410454
2022-01-18,4737.422013779348
2022-01-19,4615.733588385224
2022-01-20,4464.2296169515985
2022-01-21,4360.744209996252
2022-01-24,4349.703517683079
2022-01-25,4322.311677833935
2022-01-26,4286.713001485174
2022-01-27,4348.14254362634
2022-01-28,4416.532931392754
2022-01-31,4459.333036702231
2022-02-01,4435.456322115518
2022-02-02,4476.892878360805
2022-02-03,4511.524913875307
2022-02-04,4462.327602457631
2022-02-07,4507.4264060498135
2022-02-08,4541.035763979593
2022-02-09,4560.521752470501
2022-02-10,4461.876227190147
2022-02-11,4461.059185931438
2022-02-14,4421.59207736288
2022-02-15,4447.822135932525
2022-02-16,4462.990125705942
2022-02-17,4419.591653914108
2022-02-18,4410.388476844504
2022-02-22,4422.978066377507
2022-02-23,4373.983667484658
2022-02-24,4333.602196665617
2022-02-25,4475.006395423448
2022-02-28,4464.379542817078
2022-03-01,4531.692985640817
2022-03-02,4632.18315250034
2022-03-03,4640.094247324605
2022-03-04,4724.149556013681
2022-03-07,4541.885371319402
2022-03-08,4532.677351196893
2022-03-09,4657.204735356556
2022-03-10,4707.0265977078625
2022-03-11,4660.047462577065
2022-03-14,4493.514683278649
2022-03-15,4619.003332369201
2022-03-16,4798.023050272777
2022-03-17,4888.013100391382
2022-03-18,4932.584336320504
2022-03-21,4940.656578934663
2022-03-22,5030.779503472106
2022-03-23,4958.680734434394
2022-03-24,5033.542076009558
2022-03-25,5033.150012818789
2022-03-28,4966.4929840670575
2022-03-29,5121.0893757681715
2022-03-30,5023.017815673839
2022-03-31,4969.013606553013
2022-04-01,4963.522556047361
2022-04-04,5010.878483017464
2022-04-05,4996.444494694635
2022-04-06,5015.64039246967
2022-04-07,5024.829944505207
2022-04-08,5065.519305847715
2022-04-11,5059.583999532503
2022-04-12,5018.790401000275
2022-04-13,5055.114499018714
2022-04-14,5032.986097445993
2022-04-18,5101.656788198652
2022-04-19,5144.293338381472
2022-04-20,5219.5269827976
2022-04-21,5161.005358713012
2022-04-22,5000.0412388583
2022-04-25,4953.07716247856
2022-04-26,4920.272716703582
2022-04-27,4910.062464108994
2022-04-28,4972.239221071189
2022-04-29,4817.728832918166
2022-05-02,4806.532148106393
2022-05-03,4890.666130414638
2022-05-04,5173.225347409183
2022-05-05,4938.989959658253
2022-05-06,4884.896853358575
2022-05-09,4518.416873360208
2022-05-10,4602.109383655898
2022-05-11,4429.397099241562
2022-05-12,4389.694741536751
2022-05-13,4242.657689629548
2022-05-16,4280.746750365664
2022-05-17,4426.254010176697
2022-05-18,4109.304578072985
2022-05-19,4170.754379647564
2022-05-20,4108.675964025763
2022-05-23,4277.3777271273575
2022-05-24,4221.188174545699
2022-05-25,4210.123318815065
2022-05-26,4338.166850593585
2022-05-27,4495.7390637987155
2022-05-31,4443.78576836852
2022-06-01,4390.673671770417
2022-06-02,4517.681664347777
2022-06-03,4461.258633151858
2022-06-06,4436.787718489366
2022-06-07,4481.190192068048
2022-06-08,4383.023405643617
2022-06-09,4302.764330103659
2022-06-10,4228.972624697093
2022-06-13,4026.7105645244346
2022-06-14,4068.8181210999546
2022-06-15,4210.766558947481
2022-06-16,4028.2662200854074
2022-06-17,3990.450194945606
2022-06-21,4093.2539665151626
2022-06-22,4157.9356585458
2022-06-23,4333.327559199353
2022-06-24,4455.372920379234
2022-06-27,4745.853911227659
2022-06-28,4704.289924582982
2022-06-29,4552.583226057126
2022-06-30,4295.193754965497
2022-07-01,4293.453200719022
2022-07-05,4258.933136374634
2022-07-06,4178.348490091317
2022-07-07,4371.700577636666
2022-07-08,4354.334677577906
2022-07-11,4229.354273296858
2022-07-12,4155.039611853868
2022-07-13,4220.826645484103
2022-07-14,4031.7735538469096
2022-07-15,4146.40823409959
2022-07-18,4235.582009228039
2022-07-19,4400.339992739804
2022-07-20,4428.683543015019
2022-07-21,4336.0890894031845
2022-07-22,4279.341707738704
2022-07-25,4419.239592522693
2022-07-26,4392.6953806617375
2022-07-27,4550.6840870741735
2022-07-28,4651.039355100353
2022-07-29,4938.192047150945
2022-08-01,4903.05267177648
2022-08-02,4866.236020509161
2022-08-03,4872.816451658188
2022-08-04,4829.886141266188
2022-08-05,4864.0002501757035
2022-08-08,4880.1053998615125
2022-08-09,4882.399465051639
2022-08-10,5118.064590885152
2022-08-11,5130.976350723721
2022-08-12,5186.593228932449
2022-08-15,5224.789437176014
2022-08-16,5246.23197152527
2022-08-17,5179.633894842226
2022-08-18,5243.321497293822
2022-08-19,5147.513606815482
2022-08-22,5053.194776697932
2022-08-23,5144.617547224167
2022-08-24,5205.1838803934525
2022-08-25,5093.341948794339
2022-08-26,4899.716666821301
2022-08-29,4920.514399122622
2022-08-30,4870.284410378676
2022-08-31,4868.738339749786
2022-09-01,4865.640342772566
2022-09-02,4807.584472946589
2022-09-06,4766.670113069133
2022-09-07,4867.162106830725
2022-09-08,4898.039477919786
2022-09-09,4957.872836078711
2022-09-12,5020.224300164902
2022-09-13,4839.552657977317
2022-09-14,4800.897927706007
2022-09-15,4771.64749752351
2022-09-16,4770.311522857578
2022-09-19,4814.649160015657
2022-09-20,4745.69383360884
2022-09-21,4671.745217230417
2022-09-22,4648.137988944794
2022-09-23,4573.0090662354
2022-09-26,4510.036746429641
2022-09-27,4578.784495369109
2022-09-28,4670.02973591921
2022-09-29,4510.832515797172
2022-09-30,4518.291829860344
2022-10-03,4697.518293224566
2022-10-04,5001.928328863231
2022-10-05,4921.632837103893
2022-10-06,4852.779017085874
2022-10-07,4796.881766123354
2022-10-10,4754.101715112954
2022-10-11,4664.285319685094
2022-10-12,4701.262622232672
2022-10-13,4837.858492966077
2022-10-14,4608.053859116566
2022-10-17,4723.307613066861
2022-10-18,4721.665249996343
2022-10-19,4632.26796134571
2022-10-20,4662.81779115808
2022-10-21,4811.340568909338
2022-10-24,4858.747648140419
2022-10-25,5120.488390067119
2022-10-26,5306.302655110039
2022-10-27,5388.060430590445
2022-10-28,5488.226692943177
2022-10-31,5539.106869350172
2022-11-01,5542.939754840032
2022-11-02,5430.859926582804
2022-11-03,5455.9005070322255
2022-11-04,5516.890702687688
2022-11-07,6010.63739383372
2022-11-08,6259.624809230048
2022-11-09,6172.604446944728
2022-11-10,5370.510127021029
2022-11-11,5202.573492163587
2022-11-14,5203.401270444515
2022-11-15,5216.919473246314
2022-11-16,5205.696214815229
2022-11-17,5252.457433266756
2022-11-18,5317.362446736499
2022-11-21,5244.6978782062615
2022-11-22,5357.165782071326
2022-11-23,5286.544504608231
2022-11-25,5320.327354248048
2022-11-28,5248.868526223273
2022-11-29,5243.587711742502
2022-11-30,5368.865255967531
2022-12-01,5321.504927643607
2022-12-02,5274.516369991034
2022-12-05,5080.14979220238
2022-12-06,5003.675834067206
2022-12-07,5011.782819121539
2022-12-08,4960.280045018661
2022-12-09,4826.413426173492
2022-12-12,4935.431924448256
2022-12-13,4940.478010208836
2022-12-14,4942.1583184046285
2022-12-15,4899.820846529134
2022-12-16,4901.954502686671
2022-12-19,4872.792904176072
2022-12-20,5005.071245542735
2022-12-21,5041.601668614162
2022-12-22,5045.905827153885
2022-12-23,5067.26064755467
2022-12-27,5057.6020529301195
2022-12-28,4964.952786323449
2022-12-29,5063.291365417636
2022-12-30,5026.197126094418
2023-01-03,4919.439350025055
2023-01-04,4928.08061686104
2023-01-05,4899.967040191877
2023-01-06,5092.269947785506
2023-01-09,5004.673681771023
2023-01-10,5032.379311069552
2023-01-11,5044.606064414065
2023-01-12,5009.236739064755
2023-01-13,5033.044848863639
2023-01-17,4998.2858213647105
2023-01-18,4895.366262276107
2023-01-19,4852.686543896572
2023-01-20,4874.628191801168
2023-01-23,4879.10085705516
2023-01-24,4956.351170631986
2023-01-25,4965.85506029007
2023-01-26,4969.718593751021
2023-01-27,4879.930181400355
2023-01-30,4877.346727497241
2023-01-31,4971.5626952490975
2023-02-01,4984.092212286373
2023-02-02,4932.661792899994
2023-02-03,4955.403010576912
2023-02-06,4959.074394772833
2023-02-07,4870.554385549738
2023-02-08,4878.094655770234
2023-02-09,4866.907138271019
2023-02-10,4951.964423787028
2023-02-13,5028.9494244948555
2023-02-14,5041.225417360455
2023-02-15,5054.315703986462
2023-02-16,5039.1124277965455
2023-02-17,5133.860782750456
2023-02-21,5015.221346347103
2023-02-22,5035.308865549864
2023-02-23,5054.3736394715925
2023-02-24,5004.141962202093
2023-02-27,5037.083737221004
2023-02-28,5040.76823679207
2023-03-01,5082.3060279214715
2023-03-02,5099.129428206142
2023-03-03,5178.454411392061
2023-03-06,5154.387168448235
2023-03-07,5164.7027446375505
2023-03-08,5188.072032026168
2023-03-09,5099.786531573609
2023-03-10,4967.6704321305
2023-03-13,4883.918346210055
2023-03-14,5023.885232868732
2023-03-15,4875.753188085294
2023-03-16,5094.255953128266
2023-03-17,4975.210945152458
2023-03-20,5082.241847999088
2023-03-21,5216.1272643095135
2023-03-22,5126.527542340632
2023-03-23,5198.088103274499
2023-03-24,5184.278809679594
2023-03-27,5209.493446032684
2023-03-28,5268.994877025206
2023-03-29,5332.160658418107
2023-03-30,5411.780107597004
2023-03-31,5506.704871880218
2023-04-03,5510.195693268447
2023-04-04,5347.734971902076
2023-04-05,5218.732246344576
2023-04-06,5174.569816813258
2023-04-10,5234.95620564282
2023-04-11,5292.311093382936
2023-04-12,5327.910979161132
2023-04-13,5354.437134080399
2023-04-14,5363.16223864874
2023-04-17,5402.176352651293
2023-04-18,5423.020366703149
2023-04-19,5270.462343828429
2023-04-20,5380.952598134851
2023-04-21,5346.162584718431
2023-04-24,5369.79812153227
2023-04-25,5309.807531779712
2023-04-26,5304.47883414713
2023-04-27,5369.179534274355
2023-04-28,5378.5571469779825
2023-05-01,5406.883911293342
2023-05-02,5381.125439214348
2023-05-03,5407.434509848852
2023-05-04,5411.54807160035
2023-05-05,5475.423395858172
2023-05-08,5594.164911833882
2023-05-09,5654.566345089774
2023-05-10,5817.969895959831
2023-05-11,5665.155541966335
2023-05-12,5630.541982414629
2023-05-15,5617.771618711465
2023-05-16,5528.999699987296
2023-05-17,5522.518336377326
2023-05-18,5493.387131978056
2023-05-19,5483.784827426494
2023-05-22,5471.7758636357385
2023-05-23,5428.70079647541
2023-05-24,5355.721045153052
2023-05-25,5320.532295934104
2023-05-26,5330.906013947185
2023-05-30,5251.860332330953
2023-05-31,5279.35647717788
2023-06-01,5318.243387907573
2023-06-02,5371.41315479112
2023-06-05,5345.834802239686
2023-06-06,5329.27515196104
2023-06-07,5264.602724948635
2023-06-08,5277.2077669853215
2023-06-09,5270.044617902488
2023-06-12,5316.691394665123
2023-06-13,5315.877696070203
2023-06-14,5170.84212259482
2023-06-15,5194.168481822023
2023-06-16,5149.575936768019
2023-06-20,5144.091980402518
2023-06-21,5145.784823492191
2023-06-22,5167.688249517638
2023-06-23,5160.801048123909
2023-06-26,5166.676488710975
2023-06-27,5216.18118331058
2023-06-28,5243.9243066888575
2023-06-29,5294.82207831871
2023-06-30,5356.321248650218
2023-07-03,5343.433158936053
2023-07-05,5319.20127855713
2023-07-06,5262.434464077294
2023-07-07,5247.875413034122
2023-07-10,5273.151023063197
2023-07-11,5269.020941553135
2023-07-12,5295.267804218083
2023-07-13,5310.654803425324
2023-07-14,5351.466451125172
2023-07-17,5415.448151252596
2023-07-18,5458.535809348239
2023-07-19,5451.773732499651
2023-07-20,5406.194628117371
2023-07-21,5408.498899798219
2023-07-24,5396.921468954789
2023-07-25,5486.272732539564
2023-07-26,5506.109979934653
2023-07-27,5351.274996325178
2023-07-28,5390.503027270195
2023-07-31,5420.348886657251
2023-08-01,5422.635993672345
2023-08-02,5428.37960295461
2023-08-03,5354.88936427609
2023-08-04,5134.143273807891
2023-08-07,5226.285764283381
2023-08-08,5188.744774222932
2023-08-09,5162.6984308574665
2023-08-10,5163.997009536644
2023-08-11,5157.452642077817
2023-08-14,5171.288334967123
2023-08-15,5112.823093034309
2023-08-16,5070.299027408484
2023-08-17,5014.9248814520215
2023-08-18,5034.833202334647
2023-08-21,5063.767373857743
2023-08-22,5053.437857198111
2023-08-23,5098.730249348991
2023-08-24,5040.012031328996
2023-08-25,5052.769633381861
2023-08-28,5063.046411647545
2023-08-29,5123.5555215354925
2023-08-30,5122.046504584219
2023-08-31,5135.760809877961
2023-09-01,5214.187151467059
2023-09-05,5156.499260845158
2023-09-06,5172.044011508015
2023-09-07,5207.529423238493
2023-09-08,5189.477608717289
2023-09-11,5202.183258962611
2023-09-12,5172.382962993694
2023-09-13,5151.690865890846
2023-09-14,5182.7189917195055
2023-09-15,5154.530759865152
2023-09-18,5152.930433655351
2023-09-19,5133.701899931516
2023-09-20,5196.088293142452
2023-09-21,5137.610526717138
2023-09-22,5119.996076822888
2023-09-25,5139.846626110452
2023-09-26,5042.272694762087
2023-09-27,5077.66274967586
2023-09-28,5083.954286830184
2023-09-29,5027.284348387985
2023-10-02,4940.730747996238
2023-10-03,4909.296310530471
2023-10-04,4920.395643029421
2023-10-05,4902.70307955215
2023-10-06,4925.223548864054
2023-10-09,4958.677045553706
2023-10-10,4985.479803195227
2023-10-11,4988.68720733866
2023-10-12,4877.816370280921
2023-10-13,4779.777157732246
2023-10-16,4799.458652466015
2023-10-17,4869.822720488498
2023-10-18,4760.0858904935285
2023-10-19,4689.783827308045
2023-10-20,4640.1240888532
2023-10-23,4660.610366688198
2023-10-24,4701.833378033122
2023-10-25,4640.354675506586
2023-10-26,4756.821316183147
2023-10-27,4906.746456719193
2023-10-30,4995.6011043445405
2023-10-31,4932.837186216793
2023-11-01,4889.848707151263
2023-11-02,5068.145946235027
2023-11-03,5231.833616397301
2023-11-06,5196.957060399413
2023-11-07,5173.967611968441
2023-11-08,5137.350825129618
2023-11-09,5097.742825609429
2023-11-10,5081.321339975617
2023-11-13,5072.27020530886
2023-11-14,5145.985948544625
2023-11-15,5129.915758252126
2023-11-16,5144.425221750638
2023-11-17,5174.446306086061
2023-11-20,5189.426517123977
2023-11-21,5208.6935057986275
2023-11-22,5242.646183364915
2023-11-24,5257.788553457851
2023-11-27,5228.280366302889
2023-11-28,5218.471980451546
2023-11-29,5243.70373541414
2023-11-30,5252.655241940904
2023-12-01,5303.050032779119
2023-12-04,5294.906361501326
2023-12-05,5243.25819336034
2023-12-06,5255.785022511462
2023-12-07,5250.9319619086955
2023-12-08,5236.76988124383
2023-12-11,5319.740756119166
2023-12-12,5339.096887726031
2023-12-13,5419.494095134356
2023-12-14,5372.67459413455
2023-12-15,5349.363162526775
2023-12-18,5402.4061996034525
2023-12-19,5419.395648404021
2023-12-20,5413.298255190162
2023-12-21,5482.643559499162
2023-12-22,5488.35136931508
2023-12-26,5495.235598809187
2023-12-27,5457.208353485528
2023-12-28,5345.162849494343
2023-12-29,5336.881237997263
2024-01-02,5283.106539040834
2024-01-03,5249.795669752386
2024-01-04,5172.578652662777
2024-01-05,5060.9122598974645
2024-01-08,5130.092481102868
2024-01-09,5122.519708568315
2024-01-10,5152.3449004710565
2024-01-11,5177.98292028843
2024-01-12,5213.848919309299
2024-01-16,5248.612439998466
2024-01-17,5268.593985016011
2024-01-18,5311.815418589077
2024-01-19,5310.273915172252
2024-01-22,5334.541188320609
2024-01-23,5338.724430770958
2024-01-24,5301.070263835993
2024-01-25,5338.429479021898
2024-01-26,5363.86476836937
2024-01-29,5413.653623534425
2024-01-30,5413.884546119581
2024-01-31,5377.094424761644
2024-02-01,5443.092123771868
2024-02-02,5438.0318275364325
2024-02-05,5369.7235632104575
2024-02-06,5422.047528907327
2024-02-07,5453.491910472523
2024-02-08,5446.260706480958
2024-02-09,5434.619667334894
2024-02-12,5462.510207332293
2024-02-13,5526.315678985204
2024-02-14,5547.094143881629
2024-02-15,5550.715680888563
2024-02-16,5551.819856134286
2024-02-20,5506.477626513789
2024-02-21,5534.356260962527
2024-02-22,5639.5159736138785
2024-02-23,5667.822513432161
2024-02-26,5687.343567565118
2024-02-27,5685.971400650244
2024-02-28,5686.435305761682
2024-02-29,5707.651868427088
2024-03-01,5720.004916198877
2024-03-04,5689.1172862865005
2024-03-05,5598.248975549515
2024-03-06,5602.642972310132
2024-03-07,5673.025224695808
2024-03-08,5668.2424302353575
2024-03-11,5584.895653679603
2024-03-12,5634.576830833426
2024-03-13,5673.881809550256
2024-03-14,5619.752906714191
2024-03-15,5630.458342930985
2024-03-18,5613.297601972968
2024-03-19,5642.468913491509
2024-03-20,5714.765511333516
2024-03-21,5809.070625954058
2024-03-22,5751.78758445563
2024-03-25,5752.929705219002
2024-03-26,5756.058846213728
2024-03-27,5826.656708143144
2024-03-28,5853.0032319087995
2024-04-01,5820.111902029671
2024-04-02,5813.254588972686
2024-04-03,5806.914271467847
2024-04-04,5727.946975094624
2024-04-05,5811.067181094661
2024-04-08,5825.278289860606
2024-04-09,5784.212648588195
2024-04-10,5788.883602280293
2024-04-11,5756.475966201277
2024-04-12,5678.827138077859
2024-04-15,5598.249248076287
2024-04-16,5563.134288453768
2024-04-17,5532.987864628207
2024-04-18,5536.457482479615
2024-04-19,5593.446957743435
2024-04-22,5644.295354490249
2024-04-23,5674.963329156794
2024-04-24,5654.282135735808
2024-04-25,5660.615947462006
2024-04-26,5782.158966944381
2024-04-29,5834.220320812556
2024-04-30,5731.47069430916
2024-05-01,5695.1931445870905
2024-05-02,5787.355947257152
2024-05-03,5814.949138371661
2024-05-06,5917.883913804029
2024-05-07,5949.733076945729
2024-05-08,5940.139403229985
2024-05-09,6023.297122257976
2024-05-10,6005.577548817827
2024-05-13,5961.624119550229
2024-05-14,6052.741501089933
2024-05-15,6083.8885650484435
2024-05-16,5996.986400189294
2024-05-17,6048.874850397278
2024-05-20,6102.869871419247
2024-05-21,6170.7792794388915
2024-05-22,5971.109112931179
2024-05-23,6004.220000952623
2024-05-24,6149.60267439817
2024-05-28,6120.163710353484
2024-05-29,6128.357258677227
2024-05-30,6222.685984311552
2024-05-31,6293.979660455145
2024-06-03,6162.172333422884
2024-06-04,6082.936375433513
2024-06-05,6204.789197705562
2024-06-06,6134.277467239103
2024-06-07,6084.211902925999
2024-06-10,6479.214669390072
2024-06-11,6587.978943778682
2024-06-12,6671.17190840068
2024-06-13,6549.75708788287
2024-06-14,6325.889680027036
2024-06-17,6441.4570437813345
2024-06-18,6521.881656187253
2024-06-20,6516.714338581192
2024-06-21,6491.394476507658
2024-06-24,6548.162389069987
2024-06-25,6500.567469471411
2024-06-26,6469.55947311622
2024-06-27,6453.541281246011
2024-06-28,6527.366282147421
2024-07-01,6402.7893253269085
2024-07-02,6481.43873109951
2024-07-03,6537.681564318478
2024-07-05,6500.512943818604
2024-07-08,6501.720111204667
2024-07-09,6466.319559325545
2024-07-10,6541.488800278419
2024-07-11,6571.378764323012
2024-07-12,6589.113062546724
2024-07-15,6582.621041095864
2024-07-16,6736.277465842565
2024-07-17,6670.068700958562
2024-07-18,6606.3696508821895
2024-07-19,6572.311153181424
2024-07-22,6693.136256148675
2024-07-23,6786.371362712036
2024-07-24,6735.100752960937
2024-07-25,6807.717891767276
2024-07-26,6893.310382363457
2024-07-29,6811.905577722266
2024-07-30,6806.531713092867
2024-07-31,6855.699222128373
2024-08-01,6808.579069934331
2024-08-02,6539.80938606439
2024-08-05,6418.609908147248
2024-08-06,6564.25433886884
2024-08-07,6449.596402466785
2024-08-08,6762.94494428654
2024-08-09,7302.803264596185
2024-08-12,7307.876744938349
2024-08-13,7312.591842345173
2024-08-14,7368.552571408545
2024-08-15,7389.712325297269
2024-08-16,7448.547380639691
2024-08-19,7487.859497745595
2024-08-20,7444.601418999904
2024-08-21,7494.644028188037
2024-08-22,7493.33098059533
2024-08-23,7598.53269846099
2024-08-26,7559.172563609989
2024-08-27,7611.18872718087
2024-08-28,7587.880296975108
2024-08-29,7614.1712166499865
2024-08-30,7702.458102252551
2024-09-03,7659.903149949652
2024-09-04,7652.451999195195
2024-09-05,7647.124900393288
2024-09-06,7393.272780303803
2024-09-09,7390.961520843142
2024-09-10,7412.627656960457
2024-09-11,7476.416160153421
2024-09-12,7540.143212355661
2024-09-13,7622.362517306121
2024-09-16,7709.659967551089
2024-09-17,7600.267642164635
2024-09-18,7561.629582069022
2024-09-19,7597.965629488619
2024-09-20,7607.746866788874
2024-09-23,7694.430111631855
2024-09-24,7719.875366969757
2024-09-25,7708.481007698024
2024-09-26,7677.085954550536
2024-09-27,7620.343964207083
2024-09-30,7664.249310832017
2024-10-01,7621.486148873789
2024-10-02,7638.615444658073
2024-10-03,7545.357181987424
2024-10-04,7556.299309827187
2024-10-07,7494.405399631715
2024-10-08,7509.966529106965
2024-10-09,7542.056206305531
2024-10-10,7548.623009732133
2024-10-11,7694.11535696318
2024-10-14,7657.6712900028
2024-10-15,7796.961379301527
2024-10-16,7857.181420354202
2024-10-17,7779.593957427192
2024-10-18,7822.608429900304
2024-10-21,7888.651467263283
2024-10-22,7889.222293980212
2024-10-23,7842.868418314022
2024-10-24,7912.912238908249
2024-10-25,7925.42494652372
2024-10-28,7992.799634872454
2024-10-29,8006.620676649452
2024-10-30,8005.990580027701
2024-10-31,7957.074848846674
2024-11-01,8056.705726826364
2024-11-04,8013.35470829245
2024-11-05,8120.91565667435
2024-11-06,8581.700199362662
2024-11-07,8546.807418714274
2024-11-08,9325.84881183975
2024-11-11,9610.232547171949
2024-11-12,9551.152228216459
2024-11-13,9573.967825406311
2024-11-14,9522.837835815317
2024-11-15,9385.558810691806
2024-11-18,9486.68152277043
2024-11-19,9642.127079767948
2024-11-20,9600.735852484318
2024-11-21,9740.836144743878
2024-11-22,9701.00365904469
2024-11-25,9874.53658634009
2024-11-26,9897.640732125692
2024-11-27,9819.274754788661
2024-11-29,9855.929993968572
2024-12-02,9695.127197198943
2024-12-03,9680.034747738926
2024-12-04,9725.926661591442
2024-12-05,9686.027889205638
2024-12-06,9689.254563879404
2024-12-09,9613.717520552058
2024-12-10,9619.022844760893
2024-12-11,9528.644810814436
2024-12-12,9514.014962745827
2024-12-13,9481.30334645657
2024-12-16,9476.823412598136
2024-12-17,9424.752705234925
2024-12-18,9167.742233821722
2024-12-19,9196.7185461376
2024-12-20,9291.74027874298
2024-12-23,9298.66874990753
2024-12-24,9367.31210926697
2024-12-26,9399.023682181965
2024-12-27,9324.726242193734
2024-12-30,9254.673493424018
2024-12-31,9265.898141444792
2025-01-02,9257.029450090904
2025-01-03,9310.260825299349
2025-01-06,9232.615022993701
2025-01-07,9215.612186337403
2025-01-08,9315.777718064577
2025-01-10,9114.078519958854
2025-01-13,9155.729884373966
2025-01-14,9261.66589606069
2025-01-15,9373.340325116193
2025-01-16,9472.168158240653
2025-01-17,9535.860395230591
2025-01-21,9690.486623861734
2025-01-22,9839.198513179455
2025-01-23,9992.648827408713
2025-01-24,9953.026125885674
2025-01-27,9812.39201319246
2025-01-28,9960.544474730596
2025-01-29,9937.482600277497
2025-01-30,10072.046735194643
2025-01-31,10017.347699739334
2025-02-03,10020.272594805994
2025-02-04,9989.846106090596
2025-02-05,10077.523470620608
2025-02-06,10092.683751077562
2025-02-07,10035.64198279255
2025-02-10,10042.939674636344
2025-02-11,9776.717162016115
2025-02-12,9776.022457977542
2025-02-13,9917.24938139512
2025-02-14,9547.422351623263
2025-02-18,9650.916410704496
2025-02-19,9950.208238939944
2025-02-20,9700.392471534731
2025-02-21,9502.448939778564
2025-02-24,9456.09256334417
2025-02-25,9661.64608479618
2025-02-26,9854.885328864762
2025-02-27,9729.053244492368
2025-02-28,9911.169356972237
2025-03-03,9585.192879370134
2025-03-04,9291.270581010744
2025-03-05,9424.06789217507
2025-03-06,9093.724094344676
2025-03-07,9190.535960114219
2025-03-10,8755.573028693078
2025-03-11,8843.334685394526
2025-03-12,8853.852019176564
2025-03-13,8659.679610411113
2025-03-14,8840.520284531663
2025-03-17,9059.557377229772
2025-03-18,8947.40244038005
2025-03-19,9141.293895555053
2025-03-20,9083.671828344475
2025-03-21,9101.252772243515
2025-03-24,9277.335742776117
2025-03-25,9260.164511164265
2025-03-26,9286.452315871016
2025-03-27,9319.245766251544
2025-03-28,9152.085547738747
2025-03-31,9214.992513255647
2025-04-01,9304.147350800198
2025-04-02,9398.70110997431
2025-04-03,8768.652251283233
2025-04-04,8273.497425383957
2025-04-07,8039.0843221254245
2025-04-08,7951.233611435239
2025-04-09,8290.37679336048
2025-04-10,8308.042196412203
2025-04-11,8468.27586325502
2025-04-14,8646.447166987708
2025-04-15,8493.096359365476
2025-04-16,8400.815265407951
2025-04-17,8203.706685371437
2025-04-21,7910.767918125634
2025-04-22,8198.615391667001
2025-04-23,8183.19432577225
2025-04-24,8164.312825224196
2025-04-25,7808.970770334947
2025-04-28,7889.231623062407
2025-04-29,7867.707712933989
2025-04-30,7984.662025051793
2025-05-01,7917.431391079165
2025-05-02,8110.441875116361
2025-05-05,8139.482694849427
2025-05-06,8224.58276591709
2025-05-07,8281.291541631956
2025-05-08,8226.112131900589
2025-05-09,8179.182096524156
2025-05-12,8071.63230505123
2025-05-13,8111.602154744154
2025-05-14,8537.232258325243
2025-05-15,8723.100661415712
2025-05-16,8729.663311235567
2025-05-19,8784.436032477366
2025-05-20,8793.348206932405
2025-05-21,8682.445089435194
2025-05-22,8639.049865575169
2025-05-23,8649.837715603791
2025-05-27,8731.22119886161
2025-05-28,8650.80959539087
2025-05-29,8646.533387866752
2025-05-30,8800.636313877852
2025-06-02,8820.05859890153
2025-06-03,8798.543030297997
2025-06-04,8749.771650110306
2025-06-05,8712.675098098975
2025-06-06,8719.413435513923
2025-06-09,8595.09528011497
2025-06-10,8508.703029166034
2025-06-11,8573.057244349575
2025-06-12,8614.90781687017
2025-06-13,8561.421645187505
2025-06-16,8578.946770300152
2025-06-17,8534.685612762101
2025-06-18,8477.308145443272
2025-06-20,8473.791231644775
2025-06-23,8432.17566405911
2025-06-24,8395.607716236193
2025-06-25,8144.677703634082
2025-06-26,8233.331603194572
2025-06-27,8360.812144647425
2025-06-30,8443.319070540338
2025-07-01,8333.927278958961
2025-07-02,8363.198281664814
2025-07-03,8510.5034492372
2025-07-07,8487.18397971595
2025-07-08,8405.213081989028
2025-07-09,8480.633191148076
2025-07-10,8392.916609250882
2025-07-11,8273.8629938583
2025-07-14,8330.710142085944
2025-07-15,8243.276375777525
2025-07-16,8241.95508951633
2025-07-17,8227.66684550129
2025-07-18,8163.736266119471
2025-07-21,8196.152732240223
2025-07-22,8194.763086859677
2025-07-23,8224.723027872991
2025-07-24,8230.691477369519
2025-07-25,8385.742058369664
2025-07-28,8301.515030196384
2025-07-29,8272.04295889492
2025-07-30,8338.982049715356
2025-07-31,8285.44088335959
2025-08-01,8144.071469693601
2025-08-04,8272.992498576012
2025-08-05,8229.224333285842
2025-08-06,8269.67006022942
2025-08-07,8600.180805214255
2025-08-08,8535.617673475619
2025-08-11,8429.332839668306
2025-08-12,8528.286632510459
2025-08-13,8659.76898820882
2025-08-14,8591.835987697881
2025-08-15,8616.067619413536
2025-08-18,8612.51301283089
2025-08-19,8504.930061593583
2025-08-20,8517.631354781037
2025-08-21,8505.723972348933
2025-08-22,8560.559397660374
2025-08-25,8462.330236877186
2025-08-26,8468.76802172128
2025-08-27,8472.270905445961
2025-08-28,8445.098268018623
2025-08-29,8479.488710217938
2025-09-02,8469.06354164514
2025-09-03,8432.352050371355
2025-09-04,8456.781479280693
2025-09-05,8436.226371681823
2025-09-08,8385.145725789633
2025-09-09,8408.09411186345
2025-09-10,8426.185240623498
2025-09-11,8577.4534442121
2025-09-12,8554.560404535161
2025-09-15,8463.964534029006
2025-09-16,8417.739487962863
2025-09-17,8468.433557400933
2025-09-18,8490.399511121639
2025-09-19,8531.442852388382
2025-09-22,8548.831338096486
2025-09-23,8489.63963234903
2025-09-24,8430.386164511068
2025-09-25,8357.643282283256
2025-09-26,8328.194117090234
2025-09-29,8259.838630309883
2025-09-30,8302.97280659546
2025-10-01,8373.814415467823
2025-10-02,8221.02890062316
2025-10-03,8198.770617640435
2025-10-06,8065.180942731003
2025-10-07,8020.855219356371
2025-10-08,7986.234441668729
2025-10-09,8018.640014429792
2025-10-10,7953.699584779276
2025-10-13,7998.195989520938
2025-10-14,8130.352486874075
2025-10-15,8099.593205704969
2025-10-16,8063.3733807257295
2025-10-17,8096.774997933721
2025-10-20,8046.470701181639
2025-10-21,8139.650327797789
2025-10-22,8059.8024724852285
2025-10-23,8054.335598036043
2025-10-24,8053.629898140886
2025-10-27,8091.094453092964
2025-10-28,8059.849060472993
2025-10-29,7997.050668317263
2025-10-30,7701.4511695092015
2025-10-31,7774.644013412367
2025-11-03,7722.308589392292
2025-11-04,7803.726616546037
2025-11-05,7909.737138277907
2025-11-06,7881.5534036157005
2025-11-07,7931.4404491958985
2025-11-10,7947.243071193493
2025-11-11,8064.393346722127
2025-11-12,8114.347598896789
2025-11-13,8141.089194111656
2025-11-14,8083.498594011661
2025-11-17,8050.957631402332
2025-11-18,8072.979068934521
2025-11-19,8053.604029970033
2025-11-20,7936.099455229974
2025-11-21,7957.17361319691
2025-11-24,8066.114965040971
2025-11-25,8056.112591866403
2025-11-26,8109.475996589206
2025-11-28,8090.334045063422
2025-12-01,7872.136398037948
2025-12-02,7832.436116698541
2025-12-03,7779.503541221717
2025-12-04,7774.562761456614
2025-12-05,7602.269923707726
2025-12-08,7562.9628280485085
2025-12-09,7545.209998836288
2025-12-10,7642.59416825109
2025-12-11,7839.636400322019
2025-12-12,7834.84103682507
2025-12-15,7864.325288536249
2025-12-16,7827.495425950537
2025-12-17,7871.7588711082735
2025-12-18,7879.793426554099
2025-12-19,7858.933378678875
2025-12-22,7941.990594036816
2025-12-23,7924.372355417953
2025-12-24,7957.674737333866
2025-12-26,7969.232761940626
2025-12-29,7992.821739829681
2025-12-30,7927.3616028006545
2025-12-31,7851.263739412123
2026-01-02,7872.503741101121
2026-01-05,7955.319122311855
2026-01-06,7987.692093214917
2026-01-07,7932.527293101908
2026-01-08,8056.383986131532
2026-01-09,8027.3186753707505
2026-01-12,7963.687010076733
2026-01-13,7920.176637126915
2026-01-14,7890.295432214933
2026-01-15,7872.106537741195
2026-01-16,7719.593573571256
2026-01-20,7694.011767351909
2026-01-21,7710.746896576241
2026-01-22,7725.327288438489
2026-01-23,7633.013079393299
2026-01-26,7695.936403250775
2026-01-27,7787.90253948098
2026-01-28,7780.15721478737
2026-01-29,7847.7776242967175
2026-01-30,7899.226870043339
2026-02-02,7983.478924692882
2026-02-03,7986.862435025479
2026-02-04,7789.501207095368
2026-02-05,7645.829075602552
2026-02-06,7857.247067666129
2026-02-09,7869.643863047534
2026-02-10,7800.206673312268
2026-02-11,7860.871865928803
2026-02-12,7674.277406359272
2026-02-13,7814.144290109781
2026-02-17,7729.397191921383
2026-02-18,7878.857571194754
2026-02-19,7968.883646467518
2026-02-20,7964.694264442612
2026-02-23,8036.934029481455
2026-02-24,8091.413071554022
2026-02-25,8156.771891685085
2026-02-26,8157.938502406865
2026-02-27,8210.673113955485
2026-03-02,8235.435309693627
2026-03-03,8054.346326725217
2026-03-04,8053.144870104556
2026-03-05,7866.129211400734
2026-03-06,7832.710029462485
2026-03-09,7955.995935813144
2026-03-10,8102.047396224595
2026-03-11,8253.8784328825
2026-03-12,8212.962676850237
2026-03-13,8077.78583478229
2026-03-16,8217.683799812286
2026-03-17,8399.115130891154
2026-03-18,8430.999987684952
2026-03-19,8402.098694857212
2026-03-20,8217.994714897162
2026-03-23,8331.097547813464
2026-03-24,8514.453563875786
2026-03-25,8545.094424994333
2026-03-26,8354.526714999194
2026-03-27,8215.592800938464
2026-03-30,8128.092555427711
2026-03-31,8489.872430723275
2026-04-01,8794.336309772809
2026-04-02,8730.804143144636
2026-04-06,8706.268684104769
2026-04-07,8790.03721948257
2026-04-08,8842.866701388939
2026-04-09,8763.376731588514
2026-04-10,8869.629774999252
2026-04-13,8802.421137030995
2026-04-14,8728.578714434303
2026-04-15,8722.075871100553
2026-04-16,8822.630610834056
2026-04-17,8620.705874596299
2026-04-20,8678.774822633593
2026-04-21,8850.765199722258
2026-04-22,9049.32784406209
2026-04-23,9410.347825424034
2026-04-24,9402.617414765418
2026-04-27,9382.184704114416
2026-04-28,9401.984759991283
2026-04-29,9526.178925897424
2026-04-30,9633.041059274736
2026-05-01,9561.291218439645
2026-05-04,9704.719429176062
2026-05-05,9791.646693012677
2026-05-06,9750.801836293804
2026-05-07,9441.81897490414
2026-05-08,9427.991311468631
2026-05-11,9535.110167394618
2026-05-12,9633.048998383241
2026-05-13,9616.149179935983
2026-05-14,9650.791357833645
2026-05-15,9665.054162053593
2026-05-18,9698.222808129749
2026-05-19,9636.219051881217
2026-05-20,9684.229645112535
2026-05-21,9703.1482074951
2026-05-22,9881.07911572702
2026-05-26,9917.846595874576
2026-05-27,9666.382783735116
2026-05-28,9511.02647976486
2026-05-29,9569.15978130902
2026-06-01,9674.405103866686
2026-06-02,9936.122304614153
2026-06-03,10004.31949367057
2026-06-04,10025.959067249933
2026-06-05,9623.32443658713
2026-06-08,9746.454059709753
2026-06-09,9692.463077945178
2026-06-10,9534.465689827053
2026-06-11,9752.638819069965
2026-06-12,9909.959572393594
2026-06-15,9913.45159434667
2026-06-16,9818.135786491719
2026-06-17,9778.252837541215
2026-06-18,9965.775631785167
2026-06-22,10121.880254495054
2026-06-23,9719.643056288853
2026-06-24,9681.673687772873
2026-06-25,9878.81809073814
2026-06-26,9731.397879665825
2026-06-29,9813.539213165648
2026-06-30,10024.083363629125
2026-07-01,9795.105503433742
2026-07-02,9511.822236163596
2026-07-06,9512.294377240301
2026-07-07,9267.541042622053
2026-07-08,9395.971335299975
2026-07-09,9542.929606437268
2026-07-10,9533.50129529028
2026-07-13,9447.169387733768
2026-07-14,9488.479364637158
2026-07-15,9361.334842236387
2026-07-16,9418.185788103245
2026-07-17,9383.773931827582
2026-07-20,9392.372867958908
2026-07-21,9579.02114968872
2026-07-22,9521.944574871699
2026-07-23,9521.857125531431
2026-07-24,9336.732384286013
2026-07-27,9313.005582550613
2026-07-28,9085.278046486816
2026-07-29,8917.602483943945
2026-07-30,9245.24103948623
2026-07-31,9503.187774355118
2026-08-03,9573.008930444326
2026-08-04,9848.948289672833
2026-08-05,9893.231862359484
2026-08-06,9719.204257660193
2026-08-07,10239.143486041849
2026-08-10,10200.390233983067
2026-08-11,10202.080762912865
2026-08-12,10280.220364825502
2026-08-13,10540.6479133711
2026-08-14,10360.378130823327
2026-08-17,10170.716918092854
2026-08-18,10142.590457139944
2026-08-19,10429.193509220902
2026-08-20,10131.550940536868
2026-08-21,10257.816455649408
2026-08-24,10261.849315483705
2026-08-25,10133.579129905705
2026-08-26,10230.501431554505
2026-08-27,10078.644336725025
2026-08-28,9959.622633474793
2026-08-31,9912.302990015723
2026-09-01,9764.248237718855
2026-09-02,9775.212657877302
2026-09-03,9888.066726707504
2026-09-04,9910.46871259743
2026-09-08,9806.129978195824
2026-09-09,9812.161887788734
2026-09-10,9682.134701880055
2026-09-11,9702.3872146082
2026-09-14,9717.322879474325
2026-09-15,9637.25015971662
2026-09-16,9594.336551425326
2026-09-17,9557.796736069911
2026-09-18,9569.294437781382
2026-09-21,9561.26051974194
2026-09-22,9494.310810018886
2026-09-23,9412.727388901438
2026-09-24,9413.672944891865
2026-09-25,9579.572432798668
