,k4_bank7_brake8
2017-01-03,1000.0
2017-01-04,1000.0
2017-01-05,1000.0
2017-01-06,998.25
2017-01-09,998.2086347434351
2017-01-10,1002.2933815085107
2017-01-11,1005.4716645468694
2017-01-12,1010.1171699393544
2017-01-13,1012.287405793513
2017-01-17,1014.0315544109512
2017-01-18,1017.6832353051752
2017-01-19,1012.7702615599248
2017-01-20,1019.1479864692424
2017-01-23,1017.1598124846504
2017-01-24,1027.4789538557316
2017-01-25,1042.3078302206698
2017-01-26,1042.2646683007342
2017-01-27,1041.3653898322846
2017-01-30,1030.4614064861732
2017-01-31,1034.4790831929513
2017-02-01,1023.7342784497916
2017-02-02,1033.515804117738
2017-02-03,1037.2466930210724
2017-02-06,1034.4810417149602
2017-02-07,1029.4414944546413
2017-02-08,1038.71381139212
2017-02-09,1045.5633453706846
2017-02-10,1051.7539923783972
2017-02-13,1058.0911962093512
2017-02-14,1055.9859964303776
2017-02-15,1062.474141688146
2017-02-16,1063.6367402720216
2017-02-17,1071.8765601054863
2017-02-21,1084.2657006658105
2017-02-22,1082.0947517889804
2017-02-23,1082.599272040435
2017-02-24,1077.1979931761596
2017-02-27,1076.0846758475598
2017-02-28,1074.7275133500407
2017-03-01,1094.0844431967525
2017-03-02,1087.3384831684036
2017-03-03,1089.8978565986988
2017-03-06,1085.0771117736613
2017-03-07,1083.7990248926274
2017-03-08,1085.0759372969612
2017-03-09,1087.7277637437612
2017-03-10,1092.194408566549
2017-03-13,1094.1990520674435
2017-03-14,1087.926120546772
2017-03-15,1102.9728515842153
2017-03-16,1094.4907381948856
2017-03-17,1097.3998286834894
2017-03-20,1093.1168786018288
2017-03-21,1083.7729076494304
2017-03-22,1086.9900877913096
2017-03-23,1085.8994899345016
2017-03-24,1091.0699934185916
2017-03-27,1088.5631988941677
2017-03-28,1093.925216961478
2017-03-29,1094.0332026739925
2017-03-30,1094.2488228301925
2017-03-31,1098.1777551044358
2017-04-03,1094.8326459555255
2017-04-04,1090.6378791348388
2017-04-05,1087.8735243728797
2017-04-06,1088.1847770081158
2017-04-07,1087.524354563856
2017-04-10,1091.203351922841
2017-04-11,1090.0561570057755
2017-04-12,1084.061062167772
2017-04-13,1077.7596229052965
2017-04-17,1087.3169598996803
2017-04-18,1083.8092810548503
2017-04-19,1086.2248378349927
2017-04-20,1104.7612613136075
2017-04-21,1097.8242907453855
2017-04-24,1115.27113144639
2017-04-25,1118.753987708212
2017-04-26,1115.2807802983623
2017-04-27,1113.8444026724549
2017-04-28,1113.0118187062533
2017-05-01,1114.146876838043
2017-05-02,1110.7535351380816
2017-05-03,1111.6839841246394
2017-05-04,1100.5822993921392
2017-05-05,1107.7779138249768
2017-05-08,1102.46715071043
2017-05-09,1079.4033404976271
2017-05-10,1083.2981035224864
2017-05-11,1088.5647509465578
2017-05-12,1080.6087223514123
2017-05-15,1093.1695853551264
2017-05-16,1104.1630855071712
2017-05-17,1081.5350466941973
2017-05-18,1076.2230008771348
2017-05-19,1085.6225770235712
2017-05-22,1109.047738113489
2017-05-23,1103.5725433758068
2017-05-24,1114.9129827253398
2017-05-25,1115.7205035278032
2017-05-26,1109.4341166730057
2017-05-30,1121.1440745060738
2017-05-31,1124.4791900500152
2017-06-01,1142.556220248577
2017-06-02,1150.9379716595543
2017-06-05,1153.183658606047
2017-06-06,1150.5856564560158
2017-06-07,1149.413030212728
2017-06-08,1152.430387118419
2017-06-09,1146.9866749834546
2017-06-12,1137.7346832711394
2017-06-13,1135.2337258911232
2017-06-14,1135.1477279936419
2017-06-15,1122.168500015952
2017-06-16,1115.4419110955914
2017-06-19,1125.1497505258276
2017-06-20,1122.3238161036336
2017-06-21,1122.462571926859
2017-06-22,1150.254390072192
2017-06-23,1150.8562504387874
2017-06-26,1159.4110259567337
2017-06-27,1162.7464096423953
2017-06-28,1167.3541577560263
2017-06-29,1158.9529109371592
2017-06-30,1160.0059820684007
2017-07-03,1153.2311973844223
2017-07-05,1165.7234488711072
2017-07-06,1157.7108244172907
2017-07-07,1164.5473672820776
2017-07-10,1162.4194771374437
2017-07-11,1160.7812631316815
2017-07-12,1169.906477830132
2017-07-13,1167.1630880080909
2017-07-14,1171.194303530113
2017-07-17,1178.1375947043373
2017-07-18,1178.917439721829
2017-07-19,1186.3634760305965
2017-07-20,1188.8419186993892
2017-07-21,1191.9574773304487
2017-07-24,1187.9441872695936
2017-07-25,1189.9462407042379
2017-07-26,1189.6668110331275
2017-07-27,1196.8322483787476
2017-07-28,1196.058956602052
2017-07-31,1197.4965041982348
2017-08-01,1200.266217063031
2017-08-02,1199.2467442585814
2017-08-03,1202.500724231442
2017-08-04,1200.298741524076
2017-08-07,1208.085986162525
2017-08-08,1208.446707450706
2017-08-09,1215.5656226681153
2017-08-10,1202.0631969846409
2017-08-11,1193.0250444895403
2017-08-14,1204.9265496959251
2017-08-15,1202.6249873944348
2017-08-16,1210.563610115889
2017-08-17,1191.1513760840169
2017-08-18,1189.9276579584719
2017-08-21,1198.0489264508165
2017-08-22,1206.9923051434878
2017-08-23,1196.838462578867
2017-08-24,1197.2700053838182
2017-08-25,1197.313751921365
2017-08-28,1199.394521897822
2017-08-29,1199.9335414119448
2017-08-30,1201.7063152079909
2017-08-31,1211.8489268326855
2017-09-01,1193.1022299874558
2017-09-05,1189.7172474090328
2017-09-06,1186.184182222964
2017-09-07,1196.1257455098562
2017-09-08,1201.122043278952
2017-09-11,1213.079195073103
2017-09-12,1208.032699309638
2017-09-13,1198.8384144177394
2017-09-14,1201.1248111896955
2017-09-15,1182.7109806443812
2017-09-18,1178.1559903979182
2017-09-19,1179.9517565595836
2017-09-20,1178.479825693194
2017-09-21,1179.7138931134496
2017-09-22,1182.101462800574
2017-09-25,1185.498540331063
2017-09-26,1179.7633546565783
2017-09-27,1168.950330215552
2017-09-28,1174.4104066054917
2017-09-29,1178.6358802277607
2017-10-02,1187.452043677916
2017-10-03,1191.3471611084228
2017-10-04,1197.3402644990201
2017-10-05,1200.4475190665523
2017-10-06,1198.0068402302081
2017-10-09,1198.1525379564719
2017-10-10,1204.7570736256419
2017-10-11,1203.8889543036937
2017-10-12,1208.0271938558803
2017-10-13,1208.9027042288585
2017-10-16,1212.8881730900025
2017-10-17,1207.157181319679
2017-10-18,1208.4148211240276
2017-10-19,1207.2321598197555
2017-10-20,1223.7659584369726
2017-10-23,1228.3913985539048
2017-10-24,1234.0482520132537
2017-10-25,1227.4464277942552
2017-10-26,1229.9216555038038
2017-10-27,1230.9581713556415
2017-10-30,1231.292390641744
2017-10-31,1239.3055447513364
2017-11-01,1242.2064128775871
2017-11-02,1246.5311969566847
2017-11-03,1241.8413520476865
2017-11-06,1241.5011730234685
2017-11-07,1245.993788778027
2017-11-08,1259.1370204782636
2017-11-09,1253.8862520477471
2017-11-10,1242.0065521663096
2017-11-13,1248.8935145215614
2017-11-14,1260.3022325938057
2017-11-15,1248.5692869823517
2017-11-16,1254.0993362825163
2017-11-17,1244.6739224377013
2017-11-20,1253.3716000978704
2017-11-21,1259.693448011377
2017-11-22,1259.23300331741
2017-11-24,1255.4708798178974
2017-11-27,1256.1153799660701
2017-11-28,1268.101449696925
2017-11-29,1286.3963566180778
2017-11-30,1288.369617289351
2017-12-01,1283.16623433855
2017-12-04,1300.212121384981
2017-12-05,1284.7758290137926
2017-12-06,1275.9715523996906
2017-12-07,1277.9323788539418
2017-12-08,1285.039645348555
2017-12-11,1284.7494501264305
2017-12-12,1272.293545698614
2017-12-13,1274.1315728476384
2017-12-14,1266.4257978932724
2017-12-15,1277.8295701510658
2017-12-18,1286.1723050204646
2017-12-19,1273.6774529622908
2017-12-20,1276.6892073297047
2017-12-21,1269.9621291924227
2017-12-22,1259.3275252973397
2017-12-26,1253.4504498330516
2017-12-27,1263.1886124409673
2017-12-28,1268.4239077888194
2017-12-29,1263.852377088879
2018-01-02,1270.8331999372306
2018-01-03,1283.650332823561
2018-01-04,1285.9137442231947
2018-01-05,1285.241290656076
2018-01-08,1301.2668697744073
2018-01-09,1300.6228135637625
2018-01-10,1292.0969617006851
2018-01-11,1308.349500554633
2018-01-12,1309.760723780561
2018-01-16,1305.0666852869283
2018-01-17,1322.062693503906
2018-01-18,1321.3537114347087
2018-01-19,1329.0024015830816
2018-01-22,1337.8877799503584
2018-01-23,1340.1127766401576
2018-01-24,1359.315943359903
2018-01-25,1377.5801684212652
2018-01-26,1388.751175512508
2018-01-29,1365.4350926213483
2018-01-30,1363.2980637439377
2018-01-31,1367.2844308276478
2018-02-01,1360.8083199553244
2018-02-02,1335.840303188785
2018-02-05,1285.6211607899863
2018-02-06,1290.997017717749
2018-02-07,1301.9715586128568
2018-02-08,1237.5173229319423
2018-02-09,1257.4152044924829
2018-02-12,1274.1551806501325
2018-02-13,1272.6608927505554
2018-02-14,1302.6230956441425
2018-02-15,1323.6231181408527
2018-02-16,1325.5879356663218
2018-02-20,1316.4435510412675
2018-02-21,1328.309578323495
2018-02-22,1331.5866810773095
2018-02-23,1355.9065564518028
2018-02-26,1373.4823899833204
2018-02-27,1360.4266888289987
2018-02-28,1347.027573457434
2018-03-01,1339.2779751453675
2018-03-02,1338.828675733702
2018-03-05,1358.98312927544
2018-03-06,1371.283705343645
2018-03-07,1368.2413064074556
2018-03-08,1384.327026429086
2018-03-09,1418.838790393597
2018-03-12,1425.278319474562
2018-03-13,1425.7952032216228
2018-03-14,1416.6151898748915
2018-03-15,1413.6163551967047
2018-03-16,1415.8591860839715
2018-03-19,1394.229444784242
2018-03-20,1393.3758710643583
2018-03-21,1387.5038999615426
2018-03-22,1356.670200095596
2018-03-23,1337.1095649328392
2018-03-26,1356.8952801231505
2018-03-27,1335.4208529697967
2018-03-28,1331.8634741723856
2018-03-29,1354.1755591425226
2018-04-02,1326.4785561922529
2018-04-03,1350.1296726841779
2018-04-04,1360.9616925706098
2018-04-05,1371.2788005863554
2018-04-06,1348.0113828317762
2018-04-09,1353.0441197293635
2018-04-10,1358.127924369025
2018-04-11,1354.540296285659
2018-04-12,1362.1813070508717
2018-04-13,1357.0745776084577
2018-04-16,1374.1685545186444
2018-04-17,1380.9503952644857
2018-04-18,1386.068545015897
2018-04-19,1381.8451315468358
2018-04-20,1374.3069927422746
2018-04-23,1376.8418953154812
2018-04-24,1377.8580186451163
2018-04-25,1390.0492656082558
2018-04-26,1386.9010213943645
2018-04-27,1399.3688350204845
2018-04-30,1396.401775948912
2018-05-01,1402.3471271492429
2018-05-02,1402.0921161382823
2018-05-03,1386.5824578827555
2018-05-04,1402.6974902368638
2018-05-07,1407.6704689404132
2018-05-08,1401.2338894062655
2018-05-09,1414.4894427640224
2018-05-10,1433.9681755977354
2018-05-11,1438.521293043857
2018-05-14,1435.8075089223446
2018-05-15,1424.7421112643535
2018-05-16,1429.290318806947
2018-05-17,1426.3812806719102
2018-05-18,1421.7417052535477
2018-05-21,1425.4088375386964
2018-05-22,1414.209087500301
2018-05-23,1414.385162850392
2018-05-24,1409.899849754696
2018-05-25,1388.1077691959729
2018-05-29,1371.6186684280547
2018-05-30,1397.1113219612012
2018-05-31,1386.5381641157155
2018-06-01,1399.3080216948863
2018-06-04,1434.050220087451
2018-06-05,1445.0590790132908
2018-06-06,1469.160709180642
2018-06-07,1553.1339900579937
2018-06-08,1556.8615852905175
2018-06-11,1543.4540220161718
2018-06-12,1543.6232352299078
2018-06-13,1541.68767331866
2018-06-14,1538.298167360941
2018-06-15,1543.2214753305739
2018-06-18,1542.270879035634
2018-06-19,1534.5727517570595
2018-06-20,1541.0156828551167
2018-06-21,1536.7777914598532
2018-06-22,1541.5202267732916
2018-06-25,1536.2184460666404
2018-06-26,1531.8207668597786
2018-06-27,1520.761021819812
2018-06-28,1529.5038088786482
2018-06-29,1535.1866508745288
2018-07-02,1554.6282582864571
2018-07-03,1552.7299097318198
2018-07-05,1560.4621665596214
2018-07-06,1573.6343321060967
2018-07-09,1601.2459212849878
2018-07-10,1604.103303398367
2018-07-11,1589.817730833125
2018-07-12,1594.9181354557745
2018-07-13,1587.9045806986558
2018-07-16,1598.9899289945854
2018-07-17,1616.981089284767
2018-07-18,1620.1403838135527
2018-07-19,1625.5404615184552
2018-07-20,1616.629626652809
2018-07-23,1618.366528482428
2018-07-24,1610.5064845688958
2018-07-25,1620.313929356284
2018-07-26,1629.5402462475517
2018-07-27,1612.1740969732596
2018-07-30,1590.7962305590208
2018-07-31,1598.6794602889267
2018-08-01,1595.7383793917086
2018-08-02,1649.219294277729
2018-08-03,1660.0554856285935
2018-08-06,1689.828233596452
2018-08-07,1704.1802552544639
2018-08-08,1712.900926092036
2018-08-09,1723.5259281796218
2018-08-10,1878.0774580851992
2018-08-13,1862.7133632912257
2018-08-14,1880.3361273859239
2018-08-15,1871.9310336792696
2018-08-16,1891.2246781193303
2018-08-17,1905.2575526579915
2018-08-20,1913.1385898214019
2018-08-21,1901.5199197686457
2018-08-22,1933.0409600574562
2018-08-23,1942.745736892512
2018-08-24,1945.8238758112625
2018-08-27,1951.3478471738806
2018-08-28,1945.5131081460866
2018-08-29,1957.057690012167
2018-08-30,1953.9814362074328
2018-08-31,1964.4552259838333
2018-09-04,1955.2454677326832
2018-09-05,1972.2981195094326
2018-09-06,1975.0856789383129
2018-09-07,1973.7614186653648
2018-09-10,1996.3507995415644
2018-09-11,1999.6265098888546
2018-09-12,2025.1194234909863
2018-09-13,2033.946556990719
2018-09-14,2047.4385371183082
2018-09-17,2037.0616013338592
2018-09-18,2044.634589518559
2018-09-19,2022.0876846988397
2018-09-20,2037.737541652567
2018-09-21,2049.3369066303194
2018-09-24,2038.8187250172216
2018-09-25,2034.0136521804955
2018-09-26,2025.9880981530823
2018-09-27,2007.846310664174
2018-09-28,2017.0832835202723
2018-10-01,2014.6941082707326
2018-10-02,2012.2096835235523
2018-10-03,2009.7074201496532
2018-10-04,2001.6448364790097
2018-10-05,1991.1831979804792
2018-10-08,2003.4481698520526
2018-10-09,2005.9586226070733
2018-10-10,1930.0423342866386
2018-10-11,1890.131608338909
2018-10-12,1893.4860601261114
2018-10-15,1892.2142215502288
2018-10-16,1961.488116393656
2018-10-17,1917.9027807250968
2018-10-18,1819.7002193341943
2018-10-19,1796.4304055820814
2018-10-22,1778.0228062176807
2018-10-23,1757.5815808388998
2018-10-24,1749.8310050338894
2018-10-25,1747.5716850048802
2018-10-26,1730.4965924908215
2018-10-29,1741.5271920396433
2018-10-30,1747.442550097474
2018-10-31,1740.9682001056867
2018-11-01,1760.2964611259622
2018-11-02,1745.1822284123743
2018-11-05,1775.528040128648
2018-11-06,1788.2654081735627
2018-11-07,1807.8699491342077
2018-11-08,1810.0098549341863
2018-11-09,1826.5688800959883
2018-11-12,1784.1295596290618
2018-11-13,1779.2246171055342
2018-11-14,1769.2578711216422
2018-11-15,1762.418248528989
2018-11-16,1739.3428647916905
2018-11-19,1717.427344953788
2018-11-20,1687.9151767597846
2018-11-21,1696.0261146495122
2018-11-23,1673.0867556553787
2018-11-26,1704.0492731660104
2018-11-27,1687.3269798491563
2018-11-28,1732.6737399835777
2018-11-29,1716.3977522099412
2018-11-30,1703.1355343836196
2018-12-03,1746.8596173980814
2018-12-04,1694.7493689127864
2018-12-06,1692.5228279227067
2018-12-07,1674.1635151746295
2018-12-10,1656.5988503899782
2018-12-11,1620.5634862514003
2018-12-12,1646.7271548367937
2018-12-13,1633.7087278580427
2018-12-14,1618.5458432430366
2018-12-17,1569.184567672836
2018-12-18,1559.6328805744163
2018-12-19,1562.1588761898333
2018-12-20,1553.097965465411
2018-12-21,1530.8616241284685
2018-12-24,1514.7756988432227
2018-12-26,1596.2045445502683
2018-12-27,1577.4719544408163
2018-12-28,1569.3624843906339
2018-12-31,1592.8428743859665
2019-01-02,1629.5313321971755
2019-01-03,1616.4880233129352
2019-01-04,1679.11836573045
2019-01-07,1687.8521545517156
2019-01-08,1716.371739937083
2019-01-09,1700.6665055277451
2019-01-10,1707.5386318117705
2019-01-11,1694.8669790279625
2019-01-14,1682.9739389379556
2019-01-15,1693.9964900797252
2019-01-16,1688.3676103697178
2019-01-17,1690.8803960813761
2019-01-18,1690.6193899696586
2019-01-22,1688.3558267239073
2019-01-23,1696.8143403961
2019-01-24,1693.6535531855982
2019-01-25,1691.45173311374
2019-01-28,1688.1182398276244
2019-01-29,1695.7710696086617
2019-01-30,1707.8542012425237
2019-01-31,1722.3887974490024
2019-02-01,1727.3463119497114
2019-02-04,1742.659578257006
2019-02-05,1747.4855308121325
2019-02-06,1733.5243274142533
2019-02-07,1738.458339247919
2019-02-08,1741.6339519408205
2019-02-11,1750.6480396018032
2019-02-12,1754.7551983570715
2019-02-13,1770.2644143375317
2019-02-14,1773.2666283337073
2019-02-15,1773.5330216547673
2019-02-19,1785.0073787387412
2019-02-20,1788.1686062343858
2019-02-21,1795.6831752218209
2019-02-22,1811.0529629110147
2019-02-25,1815.4882646479975
2019-02-26,1802.1224892481425
2019-02-27,1804.2372359791095
2019-02-28,1802.3057948689525
2019-03-01,1827.317840839947
2019-03-04,1823.0830203861906
2019-03-05,1826.6146531982283
2019-03-06,1813.2224296245888
2019-03-07,1806.3111659417675
2019-03-08,1808.8445368768614
2019-03-11,1826.316881947098
2019-03-12,1831.9700572849717
2019-03-13,1839.418225381307
2019-03-14,1842.760630463928
2019-03-15,1854.7566879747155
2019-03-18,1854.309416678065
2019-03-19,1849.3128164501595
2019-03-20,1829.251301351144
2019-03-21,1855.0388416621097
2019-03-22,1817.538141186556
2019-03-25,1820.715187819677
2019-03-26,1829.3518564578126
2019-03-27,1819.0658292428272
2019-03-28,1817.2976464328397
2019-03-29,1831.6229375545938
2019-04-01,1858.3452984153205
2019-04-02,1865.7633854553433
2019-04-03,1875.4819196265535
2019-04-04,1876.755246218853
2019-04-05,1884.3905238431246
2019-04-08,1875.7071482986435
2019-04-09,1871.0103423134801
2019-04-10,1871.9247915632372
2019-04-11,1878.4411779603506
2019-04-12,1884.0132814248307
2019-04-15,1881.5910138173847
2019-04-16,1874.5374877577024
2019-04-17,1863.2997399848882
2019-04-18,1856.105956521404
2019-04-22,1848.9367419700334
2019-04-23,1865.7116241090582
2019-04-24,1875.4206188951807
2019-04-25,1879.129161028938
2019-04-26,1881.6727120974
2019-04-29,1867.8688259061528
2019-04-30,1888.8419866684055
2019-05-01,1875.425742316919
2019-05-02,1872.2051017465346
2019-05-03,1885.94053840097
2019-05-06,1882.0978831269
2019-05-07,1878.1367465301576
2019-05-08,1854.5490358354189
2019-05-09,1855.390187946304
2019-05-10,1877.8085336194672
2019-05-13,1851.386792668367
2019-05-14,1862.163695527483
2019-05-15,1871.0357429323599
2019-05-16,1883.2702787100484
2019-05-17,1876.8002367915683
2019-05-20,1865.0343738899246
2019-05-21,1898.3194456178999
2019-05-22,1904.683186105186
2019-05-23,1894.4672063578519
2019-05-24,1903.3968995916284
2019-05-28,1888.6739454812146
2019-05-29,1873.8174421279455
2019-05-30,1888.6247313950962
2019-05-31,1864.3473827921941
2019-06-03,1871.0959260137372
2019-06-04,1891.9614715069577
2019-06-05,1899.5869591017213
2019-06-06,1921.0526242761346
2019-06-07,1933.2597577445001
2019-06-10,1933.4186156690464
2019-06-11,1932.314643388959
2019-06-12,1936.880950174565
2019-06-13,1931.996648647496
2019-06-14,1934.5322082068017
2019-06-17,1935.9328366833
2019-06-18,1960.5184508168995
2019-06-19,1987.6988595261673
2019-06-20,2006.657951347766
2019-06-21,1997.5277847339908
2019-06-24,1986.0117141016017
2019-06-25,1953.2491876341162
2019-06-26,1935.6855279056017
2019-06-27,1954.067189448087
2019-06-28,1987.2231844292753
2019-07-01,1986.5095696838125
2019-07-02,2004.379390796328
2019-07-03,2025.7594028997228
2019-07-05,2019.4379051306837
2019-07-08,2021.1679255262125
2019-07-09,2026.3666176408165
2019-07-10,2026.2477176951725
2019-07-11,2019.7845016030337
2019-07-12,1996.5801824773744
2019-07-15,2003.0648127703948
2019-07-16,1985.5958291116376
2019-07-17,1980.961652289583
2019-07-18,1990.0748053575794
2019-07-19,1973.9460915399184
2019-07-22,1986.4209631363697
2019-07-23,2004.156632222821
2019-07-24,2008.325286204709
2019-07-25,2017.4266743875776
2019-07-26,2045.1340208481254
2019-07-29,2064.8168983217324
2019-07-30,2042.803692447639
2019-07-31,2018.6340155783375
2019-08-01,2015.4608168424104
2019-08-02,1993.5761684733338
2019-08-05,1926.666290162901
2019-08-06,1962.495237467553
2019-08-07,1965.3963329261207
2019-08-08,2035.4510245131603
2019-08-09,1982.6727663267982
2019-08-12,1958.5636078029154
2019-08-13,1995.7651381383637
2019-08-14,1927.3777727081006
2019-08-15,1945.9035915296279
2019-08-16,1977.5805791207924
2019-08-19,1992.8706811589022
2019-08-20,1977.8562005371552
2019-08-21,2100.609443986778
2019-08-22,2119.602809455114
2019-08-23,2098.797975832555
2019-08-26,2129.7316720221925
2019-08-27,2119.9079605592165
2019-08-28,2132.19426157799
2019-08-29,2161.080135032699
2019-08-30,2149.4214178667103
2019-09-03,2059.1560386708743
2019-09-04,2055.753079654385
2019-09-05,2081.397567610933
2019-09-06,2081.8085505327103
2019-09-09,2360.9539187131577
2019-09-10,2383.586289572755
2019-09-11,2392.888171712571
2019-09-12,2382.0159780452805
2019-09-13,2391.782934938891
2019-09-16,2417.1046714265603
2019-09-17,2453.4542211715934
2019-09-18,2443.421127353871
2019-09-19,2435.9477468716027
2019-09-20,2417.5395099270672
2019-09-23,2416.3219302246675
2019-09-24,2399.5455646569717
2019-09-25,2417.908465201992
2019-09-26,2436.323255215706
2019-09-27,2409.438849845374
2019-09-30,2416.596485842674
2019-10-01,2388.758239795806
2019-10-02,2366.6897322400546
2019-10-03,2390.429984262188
2019-10-04,2403.498983572329
2019-10-07,2390.7638025005763
2019-10-08,2365.0605118816748
2019-10-09,2385.967244179167
2019-10-10,2401.7522155131564
2019-10-11,2415.498855589488
2019-10-14,2401.9979771632475
2019-10-15,2448.11952753769
2019-10-16,2449.218262864646
2019-10-17,2463.5385654372594
2019-10-18,2460.402839664293
2019-10-21,2428.2484012193413
2019-10-22,2404.1479429781007
2019-10-23,2394.877382139211
2019-10-24,2389.846780456934
2019-10-25,2391.52386600409
2019-10-28,2415.5086852256513
2019-10-29,2427.764913416955
2019-10-30,2415.7135795655004
2019-10-31,2436.8902378597827
2019-11-01,2444.64407926069
2019-11-04,2476.058194821208
2019-11-05,2499.8812032968754
2019-11-06,2511.5967599812802
2019-11-07,2529.947430198326
2019-11-08,2508.8171960232175
2019-11-11,2512.7755771855136
2019-11-12,2505.9690025798727
2019-11-13,2523.3090379579385
2019-11-14,2535.885207032478
2019-11-15,2561.9483931371524
2019-11-18,2570.8651986287464
2019-11-19,2553.5318086724974
2019-11-20,2559.578118135336
2019-11-21,2581.247759692255
2019-11-22,2599.684867669691
2019-11-25,2623.0497147511796
2019-11-26,2637.0996102307795
2019-11-27,2645.1016062448243
2019-11-29,2621.3799141490326
2019-12-02,2590.8402346836288
2019-12-03,2604.3900652642405
2019-12-04,2600.031349597575
2019-12-05,2603.6140668252656
2019-12-06,2672.4978165165653
2019-12-09,2665.5808364127756
2019-12-10,2655.79977301683
2019-12-11,2644.292545649793
2019-12-12,2624.6713094982256
2019-12-13,2638.360456269833
2019-12-16,2658.005376396798
2019-12-17,2649.0006080082862
2019-12-18,2660.013661793711
2019-12-19,2684.3407981809673
2019-12-20,2697.6068114142345
2019-12-23,2700.6392925585023
2019-12-24,2704.455139376262
2019-12-26,2713.425026851539
2019-12-27,2711.0123964582967
2019-12-30,2707.3523076768042
2019-12-31,2707.784223891533
2020-01-02,2713.1607522357085
2020-01-03,2705.3696760243292
2020-01-06,2718.5808708079567
2020-01-07,2684.936368339502
2020-01-08,2682.3495898823157
2020-01-09,2700.131293501353
2020-01-10,2691.4498978127817
2020-01-13,2699.3020182922933
2020-01-14,2698.46155404959
2020-01-15,2714.9222528441874
2020-01-16,2721.9321128673896
2020-01-17,2727.214079224645
2020-01-21,2717.816083975916
2020-01-22,2732.995963226599
2020-01-23,2707.6252948819974
2020-01-24,2700.446512497405
2020-01-27,2683.1867987138266
2020-01-28,2696.1737170357264
2020-01-29,2706.936577506283
2020-01-30,2714.79672986699
2020-01-31,2675.889026727287
2020-02-03,2710.742450203679
2020-02-04,2743.810261775845
2020-02-05,2738.548261981283
2020-02-06,2735.624415938738
2020-02-07,2717.1251125207777
2020-02-10,2774.550586556913
2020-02-11,2763.3678399835007
2020-02-12,2784.988758496488
2020-02-13,2784.1052477607
2020-02-14,2798.1927623665415
2020-02-18,2770.2257778834464
2020-02-19,2784.400664003703
2020-02-20,2790.358370662124
2020-02-21,2730.207140873867
2020-02-24,2692.600561101919
2020-02-25,2630.4528974844343
2020-02-26,2619.230429721764
2020-02-27,2487.2448610907004
2020-02-28,2472.34175734744
2020-03-02,2607.641955147662
2020-03-03,2530.4793873427243
2020-03-04,2625.613554561445
2020-03-05,2502.31590548362
2020-03-06,2455.96061804299
2020-03-09,2078.931747587827
2020-03-10,2121.286569525304
2020-03-11,2029.8019129736658
2020-03-12,1932.4075872871044
2020-03-13,2026.4319750221757
2020-03-16,1614.9708328385364
2020-03-17,1646.059645316413
2020-03-18,1575.6066178746323
2020-03-19,1633.5648594379784
2020-03-20,1598.2088661996277
2020-03-23,1536.6685967150186
2020-03-24,1693.558324869787
2020-03-25,1939.556400732894
2020-03-26,1988.5708512343085
2020-03-27,1964.0339817273357
2020-03-30,1972.0569136284807
2020-03-31,1996.2187730438018
2020-04-01,1847.9954025691072
2020-04-02,1846.5052087180015
2020-04-03,1826.4765232717969
2020-04-06,2070.5511750602077
2020-04-07,2103.9480240445164
2020-04-08,2157.495013185025
2020-04-09,2248.6895959965777
2020-04-13,2173.6159641304143
2020-04-14,2210.2807692026577
2020-04-15,2077.5569931399955
2020-04-16,2059.784565234625
2020-04-17,2099.453173094854
2020-04-20,2047.4483557775693
2020-04-21,2015.3170809357152
2020-04-22,2042.6927835464717
2020-04-23,2046.981987678586
2020-04-24,2071.168661971925
2020-04-27,2088.77886369819
2020-04-28,2081.9203189508808
2020-04-29,2069.1240036495033
2020-04-30,2032.6898203198716
2020-05-01,2005.980722332352
2020-05-04,2020.7184786263272
2020-05-05,2037.3982118910144
2020-05-06,2022.6192696305093
2020-05-07,2031.571556500239
2020-05-08,2061.9745833831494
2020-05-11,2056.6731867502476
2020-05-12,2038.1736397113332
2020-05-13,2034.6615770261615
2020-05-14,2035.6564622001906
2020-05-15,2023.4120527030027
2020-05-18,2046.1768324490824
2020-05-19,2013.4200929083584
2020-05-20,2029.8930396392514
2020-05-21,2011.8134853736715
2020-05-22,2032.6505262060273
2020-05-26,2016.315498880729
2020-05-27,2067.3788147482637
2020-05-28,2064.0554927279154
2020-05-29,2098.2752939959937
2020-06-01,2091.629893874078
2020-06-02,2104.395384529476
2020-06-03,2098.945713461485
2020-06-04,2082.6766649993647
2020-06-05,2105.147267321104
2020-06-08,2133.7706102883353
2020-06-09,2144.2387982816954
2020-06-10,2158.3824131729493
2020-06-11,2093.0847863301615
2020-06-12,2088.7666109758734
2020-06-15,2122.6619280275295
2020-06-16,2146.311072377134
2020-06-17,2117.917916470479
2020-06-18,2120.6339162449976
2020-06-19,2132.766781649334
2020-06-22,2164.830721373196
2020-06-23,2178.4320854331722
2020-06-24,2141.980152668805
2020-06-25,2148.692099251635
2020-06-26,2080.372853701691
2020-06-29,2121.18080298603
2020-06-30,2162.258961593681
2020-07-01,2185.961202911377
2020-07-02,2186.2151460480713
2020-07-06,2197.569652733109
2020-07-07,2183.81492365056
2020-07-08,2223.8215333508138
2020-07-09,2283.8598872927346
2020-07-10,2262.8068159907116
2020-07-13,2330.4374740489648
2020-07-14,2398.9932074003623
2020-07-15,2489.3306777827042
2020-07-16,2496.1524989319814
2020-07-17,2548.0761098128482
2020-07-20,2630.5296442725726
2020-07-21,2625.4415137342853
2020-07-22,2619.2622645498227
2020-07-23,2576.3048615563266
2020-07-24,2532.6137241604665
2020-07-27,2598.2880027055335
2020-07-28,2563.9471923777
2020-07-29,2588.404680844024
2020-07-30,2601.4005229334784
2020-07-31,2618.7267630747756
2020-08-03,2661.9820357698404
2020-08-04,2650.1525449842547
2020-08-05,2651.8974386295004
2020-08-06,2682.913491180334
2020-08-07,2662.3838972585236
2020-08-10,2652.2624059004575
2020-08-11,2636.4346434367226
2020-08-12,2707.3557998925735
2020-08-13,2701.134153278117
2020-08-14,2683.237065241614
2020-08-17,2708.751895251731
2020-08-18,2689.861962461609
2020-08-19,2680.616941253367
2020-08-20,2681.749578280418
2020-08-21,2714.3294023985386
2020-08-24,2711.352785083218
2020-08-25,2714.60025873736
2020-08-26,2749.411299251025
2020-08-27,2730.905536478981
2020-08-28,2750.2306464231447
2020-08-31,2752.951962147038
2020-09-01,2795.001853671717
2020-09-02,2842.6324964907503
2020-09-03,2726.2822041788736
2020-09-04,2673.2707482048154
2020-09-08,2621.7459331493146
2020-09-09,2700.7845929813766
2020-09-10,2685.233470487714
2020-09-11,2706.6820740060616
2020-09-14,2721.8243129998514
2020-09-15,2707.798370431991
2020-09-16,2694.2271899794328
2020-09-17,2711.710725103748
2020-09-18,2659.3542238863806
2020-09-21,2614.9449232501497
2020-09-22,2661.806873590752
2020-09-23,2598.16832425753
2020-09-24,2608.939785588218
2020-09-25,2629.603050972018
2020-09-28,2718.3474485184483
2020-09-29,2688.409832957022
2020-09-30,2718.563820060376
2020-10-01,2788.1874928049524
2020-10-02,2886.8215745282014
2020-10-05,2927.647281727804
2020-10-06,2898.7231326369756
2020-10-07,3000.2635135613273
2020-10-08,3029.072946443036
2020-10-09,3051.5436098351197
2020-10-12,3019.5611687722294
2020-10-13,3030.8695972666187
2020-10-14,3084.0382452345584
2020-10-15,3134.8981452865637
2020-10-16,3098.2962020913455
2020-10-19,3038.610199626355
2020-10-20,3067.963332752697
2020-10-21,3046.797491039213
2020-10-22,3052.795850569747
2020-10-23,3021.2302867597145
2020-10-26,2997.5630848002365
2020-10-27,2995.787727914237
2020-10-28,2823.0689022806946
2020-10-29,2841.334618893926
2020-10-30,2787.451434020614
2020-11-02,2824.8857584649313
2020-11-03,2886.5015639887033
2020-11-04,2929.4542533700574
2020-11-05,2974.246714734131
2020-11-06,2987.909644073196
2020-11-09,2924.1579285272087
2020-11-10,2914.317941516389
2020-11-11,2951.305362644826
2020-11-12,2935.024126533245
2020-11-13,2959.9893601410504
2020-11-16,3004.248009669473
2020-11-17,2989.1923815142586
2020-11-18,2979.0902700064935
2020-11-19,2999.4283785346106
2020-11-20,3022.184628301904
2020-11-23,3064.548278095024
2020-11-24,3086.205735691028
2020-11-25,3087.9648751011046
2020-11-27,3079.215477652213
2020-11-30,3062.0060738961993
2020-12-01,3069.7132683863256
2020-12-02,3046.8018925845668
2020-12-03,3040.288460377994
2020-12-04,3049.168847431509
2020-12-07,3039.896426648807
2020-12-08,3041.9885329183985
2020-12-09,3045.652889340952
2020-12-10,3019.789897690335
2020-12-11,3021.0039599209226
2020-12-14,3004.131257182477
2020-12-15,3037.498324911978
2020-12-16,3017.578436068735
2020-12-17,3034.9596850246517
2020-12-18,3020.8382435166786
2020-12-21,3048.0266679727256
2020-12-22,3039.4590147434023
2020-12-23,3047.871329245616
2020-12-24,3053.0563571563926
2020-12-28,3073.1075667414066
2020-12-29,3057.6595348607398
2020-12-30,3057.102616122149
2020-12-31,3084.8798562382644
2021-01-04,3048.251681635512
2021-01-05,3075.853730736984
2021-01-06,3152.41282391883
2021-01-07,3234.8737621231335
2021-01-08,3232.0466475019116
2021-01-11,3182.87977209945
2021-01-12,3178.4818303031598
2021-01-13,3243.8252234675365
2021-01-14,3368.867613712171
2021-01-15,3342.4763093685056
2021-01-19,3465.4198666131883
2021-01-20,3495.0964517101534
2021-01-21,3510.5358003016586
2021-01-22,3669.932857931625
2021-01-25,3660.647846483591
2021-01-26,3632.508355556204
2021-01-27,3624.147002078489
2021-01-28,3697.6892814648527
2021-01-29,3670.24132208986
2021-02-01,3825.9364943855567
2021-02-02,3867.3869026232665
2021-02-03,3787.471994279459
2021-02-04,3897.5655564283625
2021-02-05,4015.357715064836
2021-02-08,4098.090641163149
2021-02-09,4123.556608089761
2021-02-10,4115.41930297844
2021-02-11,4154.003545097851
2021-02-12,4142.183068840484
2021-02-16,4097.611686334087
2021-02-17,4050.070004469481
2021-02-18,4015.762936387847
2021-02-19,4146.570631034853
2021-02-22,4033.6017254609706
2021-02-23,3989.6287200990882
2021-02-24,4093.7415844892803
2021-02-25,3930.8186224457277
2021-02-26,3929.064511825843
2021-03-01,4112.705466007624
2021-03-02,3995.3028388844077
2021-03-03,3874.0069537248464
2021-03-04,3688.0623419356807
2021-03-05,3776.4486074011206
2021-03-08,3751.0458218930294
2021-03-09,3877.813977985202
2021-03-10,3962.860560589857
2021-03-11,4146.487109770841
2021-03-12,4136.262798316576
2021-03-15,4212.996175224152
2021-03-16,4149.274136348344
2021-03-17,4142.56048321608
2021-03-18,4127.999967143899
2021-03-19,4305.985659221874
2021-03-22,4152.797722575091
2021-03-23,4023.966946520863
2021-03-24,3974.639314708909
2021-03-25,4122.337383181484
2021-03-26,4218.279116531288
2021-03-29,4031.9015457635696
2021-03-30,4117.0935001079515
2021-03-31,4155.782749072093
2021-04-01,4196.914369968939
2021-04-05,4165.9176341732655
2021-04-06,4198.673265767433
2021-04-07,4131.678443242618
2021-04-08,4167.284333265395
2021-04-09,4153.688092791978
2021-04-12,4142.528021445043
2021-04-13,4095.921862455248
2021-04-14,4105.309188529863
2021-04-15,4120.84443058666
2021-04-16,4168.089693914784
2021-04-19,4059.4998965855366
2021-04-20,3874.940459735621
2021-04-21,3947.260533178091
2021-04-22,3888.6176003459204
2021-04-23,3938.45681175775
2021-04-26,3999.651147151939
2021-04-27,4043.536835361217
2021-04-28,4051.451973294833
2021-04-29,4190.223366976904
2021-04-30,4105.714757529456
2021-05-03,4235.237251004552
2021-05-04,4204.825329954633
2021-05-05,4198.655771534138
2021-05-06,4239.33120953569
2021-05-07,4255.258021287513
2021-05-10,4169.2343438656135
2021-05-11,4150.7623662712185
2021-05-12,3838.1649457493318
2021-05-13,3866.4274681918873
2021-05-14,3927.1725687585435
2021-05-17,3920.379697531996
2021-05-18,3824.1297101313007
2021-05-19,3713.449482369159
2021-05-20,3676.6981679813944
2021-05-21,3668.5680296943356
2021-05-24,3695.9924343805224
2021-05-25,3714.6892203125126
2021-05-26,3798.5683515882765
2021-05-27,3860.2108680784395
2021-05-28,3778.5510872690393
2021-06-01,3769.9168017873444
2021-06-02,3735.2486553166773
2021-06-03,3680.902097893464
2021-06-04,3686.4268369695324
2021-06-07,3658.022283201747
2021-06-08,3655.7691439867604
2021-06-09,3636.59885758242
2021-06-10,3621.6305775774053
2021-06-11,3656.939185019228
2021-06-14,3601.369391667452
2021-06-15,3606.8887788660395
2021-06-16,3544.521073217762
2021-06-17,3496.7378870921484
2021-06-18,3383.726211837159
2021-06-21,3500.5023004402638
2021-06-22,3499.088753139073
2021-06-23,3493.502123617281
2021-06-24,3556.971061251197
2021-06-25,3560.8819182985303
2021-06-28,3555.8809556452766
2021-06-29,3552.376947845735
2021-06-30,3583.325377267347
2021-07-01,3577.1787532786357
2021-07-02,3566.2855967716678
2021-07-06,3547.1177204484807
2021-07-07,3566.8321206621144
2021-07-08,3495.217255228187
2021-07-09,3556.4599866750264
2021-07-12,3555.936102808154
2021-07-13,3471.422763206474
2021-07-14,3384.9047758055212
2021-07-15,3360.0754112000604
2021-07-16,3320.451955869313
2021-07-19,3267.663172053811
2021-07-20,3438.9058935653566
2021-07-21,3503.4106146756953
2021-07-22,3548.715416587227
2021-07-23,3568.3740971206553
2021-07-26,3580.6722498097047
2021-07-27,3561.1631125486974
2021-07-28,3571.892990316969
2021-07-29,3609.3420257673215
2021-07-30,3537.931438586227
2021-08-02,3561.9912137727797
2021-08-03,3654.09315383388
2021-08-04,3649.6953303520404
2021-08-05,3684.5994208759794
2021-08-06,3753.0473250722307
2021-08-09,3796.501144132242
2021-08-10,3831.5622451344543
2021-08-11,3777.1507425444806
2021-08-12,3854.768973144205
2021-08-13,3894.549270484063
2021-08-16,3888.7913197942694
2021-08-17,3842.384553317275
2021-08-18,3807.6144440865423
2021-08-19,3817.934020560887
2021-08-20,3881.592393688095
2021-08-23,3884.8644794352513
2021-08-24,3906.280811165638
2021-08-25,3970.037750518653
2021-08-26,3992.2811144786306
2021-08-27,4049.739812931709
2021-08-30,4016.9863109855723
2021-08-31,4025.673537003934
2021-09-01,4008.941943469373
2021-09-02,4025.918896173211
2021-09-03,3998.453928252123
2021-09-07,3947.110292250947
2021-09-08,3938.2508677001974
2021-09-09,3929.02973055341
2021-09-10,3928.366039722215
2021-09-13,3925.2434105117636
2021-09-14,3913.3741244536373
2021-09-15,3934.455386026481
2021-09-16,3939.2506733146947
2021-09-17,3931.4245129674555
2021-09-20,3865.560587822918
2021-09-21,3895.8609264930064
2021-09-22,3948.510894405087
2021-09-23,4018.4654421915993
2021-09-24,4023.582274118242
2021-09-27,3946.502608964911
2021-09-28,3830.3399814535755
2021-09-29,3850.6417786920956
2021-09-30,3786.350262837946
2021-10-01,3828.2435216052054
2021-10-04,3758.492399457378
2021-10-05,3817.934040224224
2021-10-06,3811.64708689042
2021-10-07,3851.9645887519496
2021-10-08,3822.93054449021
2021-10-11,3761.9420530131433
2021-10-12,3772.363666680428
2021-10-13,3836.0004809689285
2021-10-14,3882.2574430665195
2021-10-15,3914.806890393822
2021-10-18,3914.4450951966655
2021-10-19,3920.5102819968233
2021-10-20,4006.0218716436075
2021-10-21,4009.8338580799855
2021-10-22,4015.8825285257126
2021-10-25,4010.930451877554
2021-10-26,3959.0367285856755
2021-10-27,3999.777809496216
2021-10-28,4060.0057569030723
2021-10-29,4017.10455520328
2021-11-01,4057.4981838831463
2021-11-02,4100.360833616042
2021-11-03,4112.465310177835
2021-11-04,4158.590044545478
2021-11-05,4214.524438799792
2021-11-08,4212.045520487832
2021-11-09,4212.929362952787
2021-11-10,4197.841407501579
2021-11-11,4195.381936661506
2021-11-12,4206.331642099774
2021-11-15,4167.450425339837
2021-11-16,4207.076896847055
2021-11-17,4204.631543715201
2021-11-18,4199.576614206151
2021-11-19,4215.593308783037
2021-11-22,4186.81298466102
2021-11-23,4107.15262075026
2021-11-24,4137.956550509445
2021-11-26,4052.380889133228
2021-11-29,4138.3907480117705
2021-11-30,4026.6669923083587
2021-12-01,3918.8683110993857
2021-12-02,3986.518825889459
2021-12-03,3887.362669853098
2021-12-06,3849.9445443269888
2021-12-07,4034.7274941711084
2021-12-08,4028.5491906553157
2021-12-09,3961.1466124955596
2021-12-10,4137.4137363394775
2021-12-13,4081.147928028343
2021-12-14,4101.352531564976
2021-12-15,4109.878367874419
2021-12-16,3981.0254347958307
2021-12-17,3948.2065836265688
2021-12-20,3874.669902028679
2021-12-21,4019.8680127927264
2021-12-22,4041.7859519072535
2021-12-23,3955.49224078471
2021-12-27,4046.1289028585024
2021-12-28,4026.88491547968
2021-12-29,4049.8610304973604
2021-12-30,4064.7809948996555
2021-12-31,4073.298158733379
2022-01-03,4145.546887351432
2022-01-04,4195.032013080154
2022-01-05,4093.033560551935
2022-01-06,4129.388120495676
2022-01-07,4078.2982031203496
2022-01-10,4078.72126851455
2022-01-11,4132.948368703584
2022-01-12,4200.535591473768
2022-01-13,4107.980072197988
2022-01-14,4027.7862531878645
2022-01-18,3900.032996048031
2022-01-19,3799.85427587199
2022-01-20,3673.904825083639
2022-01-21,3644.282635666478
2022-01-24,3635.0590080434868
2022-01-25,3612.1752863066113
2022-01-26,3582.435399966278
2022-01-27,3633.7549373366764
2022-01-28,3690.8900184066706
2022-01-31,3726.657999794466
2022-02-01,3706.7042665789977
2022-02-02,3741.332732136245
2022-02-03,3770.274670310165
2022-02-04,3729.160553735144
2022-02-07,3766.849556954876
2022-02-08,3794.936847488858
2022-02-09,3811.22125914675
2022-02-10,3728.783340094105
2022-02-11,3728.1005399269734
2022-02-14,3695.117935879079
2022-02-15,3717.0383568912457
2022-02-16,3729.7142234303437
2022-02-17,3693.446184972261
2022-02-18,3685.755103555894
2022-02-22,3696.2762048413165
2022-02-23,3655.331658411209
2022-02-24,3621.584923187815
2022-02-25,3739.7562021969597
2022-02-28,3730.8753572477444
2022-03-01,3787.129101499093
2022-03-02,3871.1085847814074
2022-03-03,3877.7198749832423
2022-03-04,3947.9647716875306
2022-03-07,3795.646863081659
2022-03-08,3787.9517343331668
2022-03-09,3892.019084433656
2022-03-10,3933.655140847755
2022-03-11,3894.394747352245
2022-03-14,3755.223550884845
2022-03-15,3860.0942286612294
2022-03-16,4009.700741186022
2022-03-17,4084.9052924937587
2022-03-18,4122.153408200584
2022-03-21,4128.8993693712355
2022-03-22,4204.214963633561
2022-03-23,4143.962129368274
2022-03-24,4206.523641402495
2022-03-25,4206.195994775929
2022-03-28,4150.490814790207
2022-03-29,4279.686789860273
2022-03-30,4197.728532661581
2022-03-31,4152.597295260245
2022-04-01,4148.00843250329
2022-04-04,4187.583710379618
2022-04-05,4175.521247763265
2022-04-06,4191.563231040505
2022-04-07,4199.242926036128
2022-04-08,4233.246964912966
2022-04-11,4228.286838235393
2022-04-12,4194.195688493829
2022-04-13,4224.551683290305
2022-04-14,4206.059010942189
2022-04-18,4263.447005273112
2022-04-19,4299.078306973496
2022-04-20,4361.950951939285
2022-04-21,4313.044517558142
2022-04-22,4178.5270415220275
2022-04-25,4139.279232602423
2022-04-26,4111.864605961426
2022-04-27,4103.331913023678
2022-04-28,4155.292936525155
2022-04-29,4026.1688344925706
2022-05-02,4016.811781615128
2022-05-03,4087.122425746178
2022-05-04,4318.5968021365115
2022-05-05,4240.296735793687
2022-05-06,4216.148721288779
2022-05-09,3899.861639835421
2022-05-10,3972.0916694840976
2022-05-11,3816.9300862422633
2022-05-12,3805.508504772949
2022-05-13,3757.524081603585
2022-05-16,3791.274934394879
2022-05-17,3920.209437137553
2022-05-18,3639.3594130498436
2022-05-19,3693.8103017542544
2022-05-20,3638.8040671941776
2022-05-23,3788.213018289292
2022-05-24,3738.4493290463192
2022-05-25,3728.6498553577294
2022-05-26,3842.0502693535313
2022-05-27,3981.6024515002664
2022-05-31,3935.5905799049924
2022-06-01,3888.5524286464038
2022-06-02,4001.03567725755
2022-06-03,3951.0652327476164
2022-06-06,3929.3928330759095
2022-06-07,3968.71740132691
2022-06-08,3881.7770536030785
2022-06-09,3810.696475440231
2022-06-10,3745.3436533620643
2022-06-13,3566.2124575345993
2022-06-14,3603.504557478141
2022-06-15,3729.2196490566716
2022-06-16,3567.5902069785375
2022-06-17,3534.0988552195795
2022-06-21,3625.1458984520477
2022-06-22,3682.4305361725437
2022-06-23,3835.066879967998
2022-06-24,3875.71468293554
2022-06-27,4128.262427735015
2022-06-28,4092.1261867323587
2022-06-29,3960.230517856489
2022-06-30,3736.4529471815135
2022-07-01,3734.9383387396583
2022-07-05,3704.908839789991
2022-07-06,3634.807100500575
2022-07-07,3803.006853894226
2022-07-08,3787.9000075086274
2022-07-11,3679.1777090929213
2022-07-12,3614.530288206861
2022-07-13,3671.759399789396
2022-07-14,3507.299324919022
2022-07-15,3607.021725296964
2022-07-18,3684.5953085176848
2022-07-19,3827.920710260721
2022-07-20,3852.5771830059634
2022-07-21,3772.0279010821214
2022-07-22,3722.6625161607517
2022-07-25,3844.3617510766594
2022-07-26,3821.270549376847
2022-07-27,3958.7072570542737
2022-07-28,4041.752297037248
2022-07-29,4138.9453753228645
2022-08-01,4109.519487643216
2022-08-02,4078.6890407901337
2022-08-03,4084.199526557495
2022-08-04,4048.2494711514037
2022-08-05,4076.8190948438587
2022-08-08,4090.317797263845
2022-08-09,4092.2405923907254
2022-08-10,4289.76582291982
2022-08-11,4300.587951691013
2022-08-12,4347.203817563374
2022-08-15,4379.2184165220915
2022-08-16,4397.190727634036
2022-08-17,4341.370770248901
2022-08-18,4394.7512795949715
2022-08-19,4314.448774924721
2022-08-22,4235.394343574803
2022-08-23,4312.021408683413
2022-08-24,4362.785789684325
2022-08-25,4269.0441657411
2022-08-26,4106.754869507578
2022-08-29,4124.1867322480375
2022-08-30,4082.085879301504
2022-08-31,4080.790022109029
2022-09-01,4078.1933996842936
2022-09-02,4029.533192916459
2022-09-06,3995.2403433324575
2022-09-07,4079.468884040032
2022-09-08,4105.349114000321
2022-09-09,4155.499143417751
2022-09-12,4207.759752789479
2022-09-13,4056.327701348603
2022-09-14,4023.9287867652033
2022-09-15,3999.4121963671105
2022-09-16,3998.2924335649063
2022-09-19,4035.4545430669496
2022-09-20,3977.6588292010306
2022-09-21,3915.677930905037
2022-09-22,3895.8912562236096
2022-09-23,3832.921070362265
2022-09-26,3780.1400835028235
2022-09-27,3837.761813885043
2022-09-28,3914.2400801664307
2022-09-29,3780.8070669117287
2022-09-30,3787.059178295955
2022-10-03,3937.279936191972
2022-10-04,4186.4188588222805
2022-10-05,4159.498616350701
2022-10-06,4136.414362311445
2022-10-07,4113.282452606354
2022-10-10,4076.60055797136
2022-10-11,3999.587196000877
2022-10-12,4031.293504990709
2022-10-13,4148.418081036676
2022-10-14,3951.3710303847524
2022-10-17,4050.2002458130714
2022-10-18,4048.7919319999014
2022-10-19,3972.134438461157
2022-10-20,3998.330684642667
2022-10-21,4125.6878343526705
2022-10-24,4166.339043147094
2022-10-25,4390.7797326526725
2022-10-26,4547.107261423328
2022-10-27,4575.1499289365165
2022-10-28,4606.468163521989
2022-10-31,4649.194118049726
2022-11-01,4652.412732895709
2022-11-02,4558.295180957807
2022-11-03,4579.322676874331
2022-11-04,4630.540858453212
2022-11-07,5041.0186846157285
2022-11-08,5124.612639661273
2022-11-09,5095.396800614359
2022-11-10,4826.105132136818
2022-11-11,4768.211960944073
2022-11-14,4768.970304301894
2022-11-15,4781.354585866915
2022-11-16,4771.072746296565
2022-11-17,4813.911583982153
2022-11-18,4873.371023433016
2022-11-21,4806.773839582097
2022-11-22,4909.850838765164
2022-11-23,4845.126334180245
2022-11-25,4876.08836532745
2022-11-28,4810.596237354185
2022-11-29,4805.756362599203
2022-11-30,4920.573428388714
2022-12-01,4877.167613191592
2022-12-02,4834.10252639776
2022-12-05,4655.965252982292
2022-12-06,4585.876750398781
2022-12-07,4593.306814917224
2022-12-08,4546.104441667667
2022-12-09,4423.415475520637
2022-12-12,4523.331100189563
2022-12-13,4527.955845704132
2022-12-14,4529.4958508012105
2022-12-15,4490.6934914192125
2022-12-16,4492.648990634324
2022-12-19,4465.922339858166
2022-12-20,4587.155647204859
2022-12-21,4620.635837249329
2022-12-22,4624.580605302238
2022-12-23,4644.152331695493
2022-12-27,4635.300214572179
2022-12-28,4550.387016402891
2022-12-29,4640.514478390915
2022-12-30,4606.51754986731
2023-01-03,4508.673880645672
2023-01-04,4516.593615255043
2023-01-05,4490.827478140427
2023-01-06,4667.073394585195
2023-01-09,4586.791279384492
2023-01-10,4612.18353209404
2023-01-11,4623.3893707124635
2023-01-12,4590.973328551544
2023-01-13,4612.793498526244
2023-01-17,4580.936795302478
2023-01-18,4486.610857964111
2023-01-19,4447.494829124332
2023-01-20,4467.604383845292
2023-01-23,4471.70358856614
2023-01-24,4542.50362212967
2023-01-25,4551.213951908554
2023-01-26,4554.754886385632
2023-01-27,4472.463665629341
2023-01-30,4470.095926074881
2023-01-31,4556.445008301169
2023-02-01,4567.928330318909
2023-02-02,4520.7922702805145
2023-02-03,4541.634631951965
2023-02-06,4544.999461326249
2023-02-07,4463.870734025922
2023-02-08,4470.7814035102365
2023-02-09,4460.5280261741145
2023-02-10,4538.483161765469
2023-02-13,4609.040035668408
2023-02-14,4620.291002385142
2023-02-15,4632.288270610543
2023-02-16,4618.354444135506
2023-02-17,4705.191460067547
2023-02-21,4596.4582305129225
2023-02-22,4614.868473370375
2023-02-23,4632.341368573539
2023-02-24,4586.303957565542
2023-02-27,4616.495146040934
2023-02-28,4619.87199567711
2023-03-01,4657.94144640098
2023-03-02,4673.360119150092
2023-03-03,4746.061590664562
2023-03-06,4724.003924756062
2023-03-07,4733.458166513985
2023-03-08,4754.8761550613635
2023-03-09,4673.9623554170685
2023-03-10,4552.877743047797
2023-03-13,4476.118824933036
2023-03-14,4604.398696099667
2023-03-15,4468.6354447042995
2023-03-16,4668.893571596967
2023-03-17,4559.788635060034
2023-03-20,4657.882625401447
2023-03-21,4780.5888194548625
2023-03-22,4698.470533729448
2023-03-23,4764.055900071089
2023-03-24,4751.3996608309
2023-03-27,4774.508914598727
2023-03-28,4829.042069433871
2023-03-29,4886.933607158652
2023-03-30,4959.904957217569
2023-03-31,5046.903652576624
2023-04-03,5050.102995854436
2023-04-04,4901.207489895676
2023-04-05,4782.976289576022
2023-04-06,4742.501353639938
2023-04-10,4797.845573720825
2023-04-11,4850.4114182981975
2023-04-12,4883.038769453834
2023-04-13,4907.350032044734
2023-04-14,4915.34660406731
2023-04-17,4951.103100745931
2023-04-18,4970.20667231917
2023-04-19,4830.387005060809
2023-04-20,4931.651496441261
2023-04-21,4899.766394575509
2023-04-24,4921.428401138726
2023-04-25,4866.4469315327415
2023-04-26,4861.563171794195
2023-04-27,4920.861464946568
2023-04-28,4929.456061698624
2023-05-01,4955.417585625371
2023-05-02,4931.809905561726
2023-05-03,4955.922210065135
2023-05-04,4959.692295862678
2023-05-05,5018.234130736106
2023-05-08,5127.06091637891
2023-05-09,5182.418924700127
2023-05-10,5332.178535377881
2023-05-11,5192.123940247096
2023-05-12,5160.400558625132
2023-05-15,5148.69650026033
2023-05-16,5067.336897507136
2023-05-17,5061.396717592307
2023-05-18,5034.697923066856
2023-05-19,5025.8973958837305
2023-05-22,5014.891161732939
2023-05-23,4975.4127951154405
2023-05-24,4908.526738556688
2023-05-25,4876.2761947024865
2023-05-26,4885.783723533089
2023-05-30,4813.3382323453325
2023-05-31,4838.538492226403
2023-06-01,4874.178406905923
2023-06-02,4922.908581653711
2023-06-05,4899.465981419599
2023-06-06,4884.289035964711
2023-06-07,4825.016655166418
2023-06-08,4836.569195964579
2023-06-09,4830.004158594462
2023-06-12,4872.756002664848
2023-06-13,4872.010246626284
2023-06-14,4739.084916041694
2023-06-15,4760.463560861801
2023-06-16,4719.594423374524
2023-06-20,4714.568368763725
2023-06-21,4716.119862110706
2023-06-22,4736.1943864194745
2023-06-23,4729.882255539257
2023-06-26,4735.267106053178
2023-06-27,4780.638236303915
2023-06-28,4806.064852396362
2023-06-29,4852.71273993042
2023-06-30,4909.076826003284
2023-07-03,4897.264871564741
2023-07-05,4875.056315188733
2023-07-06,4823.029440676826
2023-07-07,4809.686047559274
2023-07-10,4832.85118379678
2023-07-11,4829.065957614601
2023-07-12,4853.121248416334
2023-07-13,4867.223457324925
2023-07-14,4904.627396456624
2023-07-17,4963.2667249813985
2023-07-18,5002.75663121086
2023-07-19,4996.559177172527
2023-07-20,4954.785856513424
2023-07-21,4956.897725123269
2023-07-24,4946.286991595577
2023-07-25,5028.177564822241
2023-07-26,5046.358433175397
2023-07-27,4904.451927832125
2023-07-28,4940.404479724049
2023-07-31,4967.758256666773
2023-08-01,4969.8543938335315
2023-08-02,4975.118420749821
2023-08-03,4907.764501728423
2023-08-04,4705.450363564783
2023-08-07,4789.899100614945
2023-08-08,4755.492724339922
2023-08-09,4731.621209790685
2023-08-10,4732.811359187028
2023-08-11,4726.813436145896
2023-08-14,4739.493870380812
2023-08-15,4685.910384444195
2023-08-16,4646.93701159734
2023-08-17,4596.186519971563
2023-08-18,4614.432527287528
2023-08-21,4640.950740872911
2023-08-22,4631.483722652077
2023-08-23,4672.994271101382
2023-08-24,4619.17893218406
2023-08-25,4630.871294476347
2023-08-28,4640.289977876406
2023-08-29,4695.746671999796
2023-08-30,4694.363655596997
2023-08-31,4706.932837910177
2023-09-01,4778.810702991603
2023-09-05,4725.939660750746
2023-09-06,4740.186449115849
2023-09-07,4772.708884627195
2023-09-08,4756.16436830348
2023-09-11,4767.809116682665
2023-09-12,4740.497098684133
2023-09-13,4721.532759232949
2023-09-14,4749.970085223837
2023-09-15,4724.135526514893
2023-09-18,4722.668825033431
2023-09-19,4705.045843714772
2023-09-20,4762.223070948277
2023-09-21,4708.628106294639
2023-09-22,4692.484435337554
2023-09-25,4710.677494896028
2023-09-26,4621.250833766432
2023-09-27,4653.685874605697
2023-09-28,4659.452078276176
2023-09-29,4607.513990804717
2023-10-02,4528.187480282714
2023-10-03,4499.3777690391
2023-10-04,4509.550324684159
2023-10-05,4493.335062505709
2023-10-06,4513.975107954374
2023-10-09,4544.635290143658
2023-10-10,4569.200059563365
2023-10-11,4572.13965049177
2023-10-12,4470.526354422776
2023-10-13,4380.6732623432845
2023-10-16,4398.711383138037
2023-10-17,4463.200161849645
2023-10-18,4362.626185032418
2023-10-19,4298.194233851176
2023-10-20,4252.6810056639215
2023-10-23,4271.456711433287
2023-10-24,4309.237665990938
2023-10-25,4252.892338693436
2023-10-26,4359.634197556332
2023-10-27,4497.040824021511
2023-10-30,4578.476247942397
2023-10-31,4520.95301853047
2023-11-01,4481.554010037673
2023-11-02,4644.9637093246665
2023-11-03,4794.983715779392
2023-11-06,4763.019297501983
2023-11-07,4741.949431955079
2023-11-08,4708.390089382326
2023-11-09,4672.0892956952575
2023-11-10,4657.038978354078
2023-11-13,4648.743599234907
2023-11-14,4716.304193536735
2023-11-15,4701.5758389268885
2023-11-16,4714.873784981979
2023-11-17,4742.388155864728
2023-11-20,4756.11754277807
2023-11-21,4773.77576811947
2023-11-22,4804.893450365175
2023-11-24,4818.7714563067975
2023-11-27,4791.727156494441
2023-11-28,4782.73775547682
2023-11-29,4805.862698477106
2023-11-30,4814.0667682497005
2023-12-01,4860.253673099276
2023-12-04,4852.789985599487
2023-12-05,4805.454358485946
2023-12-06,4816.9352170518105
2023-12-07,4812.487379397144
2023-12-08,4799.507810253976
2023-12-11,4875.55074722053
2023-12-12,4893.290672199129
2023-12-13,4966.974838895264
2023-12-14,4924.064692790582
2023-12-15,4902.699729157096
2023-12-18,4951.313755838107
2023-12-19,4966.884612312494
2023-12-20,4961.296341867974
2023-12-21,5024.851422038201
2023-12-22,5030.0826386874305
2023-12-26,5036.392045816983
2023-12-27,5001.540015830515
2023-12-28,4898.8501356745055
2023-12-29,4891.260025747373
2024-01-02,4841.975429805928
2024-01-03,4811.445965853564
2024-01-04,4740.676448572795
2024-01-05,4638.334024449949
2024-01-08,4701.73780569679
2024-01-09,4694.79734779066
2024-01-10,4722.132182951591
2024-01-11,4745.629468328529
2024-01-12,4778.500712688485
2024-01-16,4810.361533928151
2024-01-17,4828.674651278625
2024-01-18,4868.287162942979
2024-01-19,4866.874372643544
2024-01-22,4889.1153665482525
2024-01-23,4892.949314815591
2024-01-24,4858.439211757549
2024-01-25,4892.678991074933
2024-01-26,4915.990473658213
2024-01-29,4961.622037512901
2024-01-30,4961.833678424408
2024-01-31,4928.115474493006
2024-02-01,4988.602469156045
2024-02-02,4983.96469971898
2024-02-05,4921.3600683198365
2024-02-06,4969.31506495336
2024-02-07,4998.133889979698
2024-02-08,4991.506480178981
2024-02-09,4980.837449542153
2024-02-12,5006.399173197256
2024-02-13,5064.876988048716
2024-02-14,5083.920483718187
2024-02-15,5087.239628065575
2024-02-16,5088.251606410226
2024-02-20,5046.695381841845
2024-02-21,5072.246194042925
2024-02-22,5168.625235635324
2024-02-23,5194.56822377878
2024-02-26,5212.45930051123
2024-02-27,5211.201707381447
2024-02-28,5211.6268771437335
2024-02-29,5231.071890105651
2024-03-01,5242.39347776477
2024-03-04,5214.08491650153
2024-03-05,5130.803967180312
2024-03-06,5134.831072103587
2024-03-07,5199.336516812584
2024-03-08,5194.953078187566
2024-03-11,5118.565626741289
2024-03-12,5164.098503529786
2024-03-13,5200.121578175274
2024-03-14,5150.512353822557
2024-03-15,5160.323902907177
2024-03-18,5144.596056901811
2024-03-19,5171.331609664983
2024-03-20,5237.591554987441
2024-03-21,5324.02234045871
2024-03-22,5271.522343074537
2024-03-25,5272.569098545631
2024-03-26,5275.436961175487
2024-03-27,5340.140012369516
2024-03-28,5364.28664272637
2024-04-01,5334.141687300714
2024-04-02,5327.856949128002
2024-04-03,5322.046038189762
2024-04-04,5249.672387200175
2024-04-05,5325.852186376752
2024-04-08,5338.876689851463
2024-04-09,5301.239965212111
2024-04-10,5305.520901597507
2024-04-11,5275.819252298347
2024-04-12,5204.653979527779
2024-04-15,5130.804216951525
2024-04-16,5098.621301378194
2024-04-17,5070.992056656132
2024-04-18,5074.17196685919
2024-04-19,5126.402910328872
2024-04-22,5173.005545705179
2024-04-23,5201.112792591077
2024-04-24,5182.158446381421
2024-04-25,5187.963394763332
2024-04-26,5299.35776276427
2024-04-29,5347.072075244878
2024-04-30,5252.9018813874
2024-05-01,5219.65345016426
2024-05-02,5304.120803372607
2024-05-03,5329.410006310136
2024-05-06,5423.749889451431
2024-05-07,5452.939697427551
2024-05-08,5444.14708041899
2024-05-09,5520.361260344528
2024-05-10,5504.121243492734
2024-05-13,5463.837856626176
2024-05-14,5547.347079728764
2024-05-15,5575.893412702219
2024-05-16,5496.2474422991045
2024-05-17,5543.803288303941
2024-05-20,5593.289809764039
2024-05-21,5655.528888732809
2024-05-22,5472.530867937428
2024-05-23,5502.877048744905
2024-05-24,5636.120496996591
2024-05-28,5609.139640273383
2024-05-29,5616.6490401640185
2024-05-30,5703.101465166453
2024-05-31,5768.44223117919
2024-06-03,5647.64060920878
2024-06-04,5575.020729426587
2024-06-05,5686.6990321702015
2024-06-06,5622.074920597073
2024-06-07,5576.18975237417
2024-06-10,5938.21040741696
2024-06-11,6033.322275325467
2024-06-12,6063.820868352558
2024-06-13,6019.310118973026
2024-06-14,5933.169751101128
2024-06-17,6041.523984623695
2024-06-18,6116.928899562482
2024-06-20,6112.084099781787
2024-06-21,6088.34220154723
2024-06-24,6141.585391952774
2024-06-25,6096.945642979423
2024-06-26,6067.862934464802
2024-06-27,6052.839312823584
2024-06-28,6122.080516539825
2024-07-01,6005.238573357503
2024-07-02,6079.004618340011
2024-07-03,6131.75532032458
2024-07-05,6096.8945085384275
2024-07-08,6098.026722606854
2024-07-09,6064.8241996342185
2024-07-10,6135.326164069561
2024-07-11,6163.360252951296
2024-07-12,6179.993424269839
2024-07-15,6173.904494015388
2024-07-16,6318.020353846211
2024-07-17,6255.922507333615
2024-07-18,6196.178546823691
2024-07-19,6164.234749557919
2024-07-22,6277.557792391811
2024-07-23,6365.003908432498
2024-07-24,6316.916703354606
2024-07-25,6385.025026288591
2024-07-26,6465.303058252855
2024-07-29,6388.952697800536
2024-07-30,6383.9124977375905
2024-07-31,6430.027184136628
2024-08-01,6385.8327336930615
2024-08-02,6133.75102509398
2024-08-05,6020.07685234221
2024-08-06,6156.678184812453
2024-08-07,6049.139387666486
2024-08-08,6343.032042044792
2024-08-09,6849.3704274816755
2024-08-12,6854.128894191095
2024-08-13,6858.551230049101
2024-08-14,6911.037343786438
2024-08-15,6930.8832833916895
2024-08-16,6986.065255787863
2024-08-19,7022.936473947642
2024-08-20,6982.364299869392
2024-08-21,7029.299751238994
2024-08-22,7028.068231091797
2024-08-23,7126.7379486183
2024-08-26,7089.821694146937
2024-08-27,7138.60816142597
2024-08-28,7116.746957340637
2024-08-29,7141.405467396004
2024-08-30,7224.210598723077
2024-09-03,7184.297893795173
2024-09-04,7177.309386809683
2024-09-05,7172.3130488725865
2024-09-06,6934.222668877858
2024-09-09,6932.054916081225
2024-09-10,6952.375796518902
2024-09-11,7012.203655979574
2024-09-12,7071.973879956537
2024-09-13,7149.088168195126
2024-09-16,7230.965298447449
2024-09-17,7128.3651692439325
2024-09-18,7092.126155730156
2024-09-19,7126.20608909683
2024-09-20,7135.380006985778
2024-09-23,7216.681067999434
2024-09-24,7240.546421222911
2024-09-25,7229.859540499414
2024-09-26,7200.413813864532
2024-09-27,7147.194947550681
2024-09-30,7188.37420048757
2024-10-01,7148.266213692655
2024-10-02,7164.331947320897
2024-10-03,7076.8641129412745
2024-10-04,7087.126841392792
2024-10-07,7029.075939187977
2024-10-08,7043.6708743360605
2024-10-09,7073.768095645151
2024-10-10,7079.927164644218
2024-10-11,7216.38585652496
2024-10-14,7182.204610577155
2024-10-15,7312.846144234401
2024-10-16,7369.327108240041
2024-10-17,7296.5570698231595
2024-10-18,7336.900763201754
2024-10-21,7398.843172255554
2024-10-22,7399.378556202308
2024-10-23,7355.902803989951
2024-10-24,7421.597586667692
2024-10-25,7433.3333772133055
2024-10-28,7496.524754718137
2024-10-29,7509.487644637862
2024-10-30,7508.896670869144
2024-10-31,7463.018129376147
2024-11-01,7556.462901824891
2024-11-04,7515.80355861255
2024-11-05,7616.686021456715
2024-11-06,8048.860339424531
2024-11-07,8016.134060042981
2024-11-08,8746.804582926474
2024-11-11,9013.530862721556
2024-11-12,8958.11885518991
2024-11-13,8979.51782638158
2024-11-14,8931.562510323733
2024-11-15,8802.807173376215
2024-11-18,8897.651151580572
2024-11-19,9043.445056004082
2024-11-20,9004.623820124965
2024-11-21,9136.025251043455
2024-11-22,9098.66597410336
2024-11-25,9261.424199588319
2024-11-26,9283.093803323
2024-11-27,9209.593588645828
2024-11-29,9243.97289507851
2024-12-02,9093.154383207899
2024-12-03,9078.99902761851
2024-12-04,9122.041501338956
2024-12-05,9084.620053468792
2024-12-06,9087.646383124522
2024-12-09,9016.799453253909
2024-12-10,9021.775368587734
2024-12-11,8937.008928827832
2024-12-12,8923.28745159655
2024-12-13,8892.606907546711
2024-12-16,8888.405133874976
2024-12-17,8839.567509440989
2024-12-18,8598.514880927103
2024-12-19,8625.692046938957
2024-12-20,8714.813856974646
2024-12-23,8721.312137673538
2024-12-24,8785.693414096371
2024-12-26,8815.436007709142
2024-12-27,8745.751713903766
2024-12-30,8680.048557403134
2024-12-31,8690.576264288666
2025-01-02,8682.258232145547
2025-01-03,8732.184458274967
2025-01-06,8659.359702785709
2025-01-07,8643.41257640733
2025-01-08,8737.35880582188
2025-01-10,8548.183160155833
2025-01-13,8587.248381188443
2025-01-14,8686.606800053441
2025-01-15,8791.347336552195
2025-01-16,8884.03892539677
2025-01-17,8943.776495846458
2025-01-21,9088.801944201834
2025-01-22,9228.28027601529
2025-01-23,9372.202822781002
2025-01-24,9335.040304466354
2025-01-27,9203.138198155222
2025-01-28,9342.091837196469
2025-01-29,9320.461880156941
2025-01-30,9446.670895093634
2025-01-31,9395.368136100291
2025-02-03,9398.111423718376
2025-02-04,9369.574123113596
2025-02-05,9451.807578680278
2025-02-06,9466.026553623447
2025-02-07,9412.526522653596
2025-02-10,9419.371099029642
2025-02-11,9169.67840719568
2025-02-12,9169.026837500422
2025-02-13,9301.484946773347
2025-02-14,8954.620567544747
2025-02-18,9051.688655237542
2025-02-19,9332.397380808852
2025-02-20,9098.092735375067
2025-02-21,8912.439565818273
2025-02-24,8868.961468111022
2025-02-25,9061.75212124605
2025-02-26,9242.99309348597
2025-02-27,9124.973953944447
2025-02-28,9295.782432550852
2025-03-03,8990.045914005059
2025-03-04,8714.373322889245
2025-03-05,8838.925216591166
2025-03-06,8526.247897592468
2025-03-07,8553.683209406869
2025-03-10,8148.863348997434
2025-03-11,8230.54309466933
2025-03-12,8240.33157383838
2025-03-13,8059.615375437356
2025-03-14,8227.923685137986
2025-03-17,8431.782781851729
2025-03-18,8327.399529515176
2025-03-19,8507.855435067973
2025-03-20,8454.226241822078
2025-03-21,8470.588928605726
2025-03-24,8634.470374164071
2025-03-25,8618.489008958479
2025-03-26,8642.955221806133
2025-03-27,8673.476276948213
2025-03-28,8517.899288629205
2025-03-31,8576.447167583266
2025-04-01,8659.424093808157
2025-04-02,8747.425827817884
2025-04-03,8161.035687859857
2025-04-04,7700.192209366494
2025-04-07,7482.022569771662
2025-04-08,7400.259402000752
2025-04-09,7715.9019353879285
2025-04-10,7732.343228828945
2025-04-11,7881.473635193217
2025-04-14,8047.298704616194
2025-04-15,7904.574215389925
2025-04-16,7818.687664125233
2025-04-17,7635.237561422622
2025-04-21,7362.597745708549
2025-04-22,7630.499064738232
2025-04-23,7616.146588952289
2025-04-24,7598.573466493194
2025-04-25,7267.854547753518
2025-04-28,7342.553790542057
2025-04-29,7322.521362106479
2025-04-30,7431.371421122424
2025-05-01,7368.7994787708785
2025-05-02,7548.435459674118
2025-05-05,7575.463919630616
2025-05-06,7654.667051094859
2025-05-07,7707.446238723849
2025-05-08,7656.0904409173145
2025-05-09,7612.412383838069
2025-05-12,7512.315166924947
2025-05-13,7549.515338677068
2025-05-14,7945.651753443021
2025-05-15,8118.640558038945
2025-05-16,8124.748454423927
2025-05-19,8175.7257448861055
2025-05-20,8184.020357524367
2025-05-21,8080.802180562543
2025-05-22,8040.4139931358495
2025-05-23,8050.454307947738
2025-05-27,8126.198389505107
2025-05-28,8051.358842122361
2025-05-29,8047.37895089017
2025-05-30,8190.803441078631
2025-06-02,8208.879874796801
2025-06-03,8188.855209866984
2025-06-04,8143.46340245443
2025-06-05,8108.937425578483
2025-06-06,8115.208835430799
2025-06-09,7999.505204612129
2025-06-10,7919.099433811305
2025-06-11,7978.994276453769
2025-06-12,8017.944847888275
2025-06-13,7968.164956589087
2025-06-16,7984.475692535718
2025-06-17,7943.281575594757
2025-06-18,7889.880032797861
2025-06-20,7886.6068206555465
2025-06-23,7847.874969681815
2025-06-24,7813.840967800745
2025-06-25,7580.298944543834
2025-06-26,7662.809644871267
2025-06-27,7781.456526796843
2025-06-30,7858.246202953646
2025-07-01,7756.4346258183
2025-07-02,7783.677318407342
2025-07-03,7920.775095250813
2025-07-07,7899.071529237346
2025-07-08,7822.780737614557
2025-07-09,7892.974672188619
2025-07-10,7811.336338866037
2025-07-11,7700.532446073342
2025-07-14,7753.440417805366
2025-07-15,7672.065302597374
2025-07-16,7670.8355737835855
2025-07-17,7657.537421914633
2025-07-18,7598.036859578588
2025-07-21,7628.207053275921
2025-07-22,7626.91370223187
2025-07-23,7654.7975937136025
2025-07-24,7660.352464399142
2025-07-25,7804.658942601697
2025-07-28,7726.268357240771
2025-07-29,7698.838528939484
2025-07-30,7761.13913038237
2025-07-31,7711.308055220838
2025-08-01,7579.734719086869
2025-08-04,7699.7222710474325
2025-08-05,7658.9869848610115
2025-08-06,7696.630058340141
2025-08-07,8004.238332422129
2025-08-08,7944.149049925848
2025-08-11,7845.229136474748
2025-08-12,7937.326007429542
2025-08-13,8059.69740116581
2025-08-14,7996.471762188962
2025-08-15,8019.024282865967
2025-08-18,8015.715989830054
2025-08-19,7915.587910931215
2025-08-20,7927.409078428149
2025-08-21,7916.326808292146
2025-08-22,7967.362457796909
2025-08-25,7875.940006117085
2025-08-26,7881.931689942354
2025-08-27,7885.191844213308
2025-08-28,7859.902112402433
2025-08-29,7891.909497125534
2025-09-02,7882.206732055552
2025-09-03,7848.03913344927
2025-09-04,7870.775745125707
2025-09-05,7851.644986843256
2025-09-08,7804.103932398532
2025-09-09,7825.4621288876
2025-09-10,7842.299647723269
2025-09-11,7983.085845253726
2025-09-12,7961.779159978375
2025-09-15,7877.461055988647
2025-09-16,7834.439136563853
2025-09-17,7881.620402052672
2025-09-18,7902.064243032491
2025-09-19,7940.263519640576
2025-09-22,7956.447084498098
2025-09-23,7901.357019435978
2025-09-24,7846.209472036743
2025-09-25,7778.507248150274
2025-09-26,7751.0987386974375
2025-09-29,7687.479889290582
2025-09-30,7727.625118220321
2025-10-01,7793.557815928586
2025-10-02,7651.359447980665
2025-10-03,7630.6435344551965
2025-10-06,7506.310846463614
2025-10-07,7465.05663772274
2025-10-08,7432.834878419996
2025-10-09,7462.994933604062
2025-10-10,7402.554497745145
2025-10-13,7443.96756062776
2025-10-14,7566.966381925944
2025-10-15,7538.338539908688
2025-10-16,7504.628537984465
2025-10-17,7535.715617532721
2025-10-20,7488.897115751406
2025-10-21,7575.619936591355
2025-10-22,7501.305072900699
2025-10-23,7496.217021031118
2025-10-24,7495.5602220311985
2025-10-27,7530.428701386044
2025-10-28,7501.348432612076
2025-10-29,7442.901603517203
2025-10-30,7167.78542945145
2025-10-31,7235.906435288154
2025-11-03,7187.197551536424
2025-11-04,7262.973783298793
2025-11-05,7361.638392904656
2025-11-06,7335.407627012237
2025-11-07,7381.837790699284
2025-11-10,7396.545382970977
2025-11-11,7505.5778262739805
2025-11-12,7552.070539529671
2025-11-13,7576.959097844536
2025-11-14,7523.359191127679
2025-11-17,7493.073127823803
2025-11-18,7513.56860790991
2025-11-19,7495.536146374019
2025-11-20,7386.173954732758
2025-11-21,7405.787796213882
2025-11-24,7507.180146463938
2025-11-25,7497.870879531955
2025-11-26,7547.536510907035
2025-11-28,7529.720985207024
2025-12-01,7326.643165109717
2025-12-02,7289.693882193228
2025-12-03,7240.429226105004
2025-12-04,7235.83081362001
2025-12-05,7075.476866703533
2025-12-08,7038.8935239881175
2025-12-09,7022.37086251067
2025-12-10,7113.0068758057005
2025-12-11,7296.395228070562
2025-12-12,7291.93215535273
2025-12-15,7319.373320032235
2025-12-16,7285.095552556968
2025-12-17,7326.291798598888
2025-12-18,7333.769606117128
2025-12-19,7314.355038144581
2025-12-22,7391.656871909427
2025-12-23,7375.259474680595
2025-12-24,7406.25419536492
2025-12-26,7417.011316139452
2025-12-29,7438.965715159499
2025-12-30,7378.041584618469
2025-12-31,7307.216860238185
2026-01-02,7326.985053436719
2026-01-05,7404.061810753171
2026-01-06,7434.191523198236
2026-01-07,7382.84932264854
2026-01-08,7498.123467754151
2026-01-09,7471.072213855611
2026-01-12,7411.849852600901
2026-01-13,7371.354495246115
2026-01-14,7343.543883912172
2026-01-15,7326.615373957729
2026-01-16,7184.670670509144
2026-01-20,7160.861534562916
2026-01-21,7176.437016738153
2026-01-22,7190.007072308936
2026-01-23,7104.089700639408
2026-01-26,7162.652804396256
2026-01-27,7248.246222670935
2026-01-28,7241.037603897241
2026-01-29,7303.972312609483
2026-01-30,7351.856425084146
2026-02-02,7430.270302732199
2026-02-03,7433.419355492334
2026-02-04,7249.734111924626
2026-02-05,7116.0176229063545
2026-02-06,7312.785578669913
2026-02-09,7324.323348286439
2026-02-10,7259.697751643435
2026-02-11,7316.1591995109775
2026-02-12,7142.494649924007
2026-02-13,7272.669572720222
2026-02-17,7193.794955169176
2026-02-18,7332.898600087078
2026-02-19,7416.686392336617
2026-02-20,7412.787310101906
2026-02-23,7480.021279892227
2026-02-24,7530.725241442257
2026-02-25,7591.5550757566425
2026-02-26,7592.640847145613
2026-02-27,7641.721257053616
2026-03-02,7664.767576754475
2026-03-03,7496.227006284579
2026-03-04,7495.108803614698
2026-03-05,7321.052241541872
2026-03-06,7289.948814396929
2026-03-09,7404.691725018187
2026-03-10,7540.62266930982
2026-03-11,7681.932698853824
2026-03-12,7643.852166566071
2026-03-13,7518.042292862017
2026-03-16,7648.246143185958
2026-03-17,7817.105339034884
2026-03-18,7846.780760837408
2026-03-19,7819.882159383809
2026-03-20,7648.5355136651215
2026-03-23,7753.800978570848
2026-03-24,7924.451489936428
2026-03-25,7952.969117723369
2026-03-26,7775.60664083914
2026-03-27,7646.300038363516
2026-03-30,7564.863050574971
2026-03-31,7901.573686237881
2026-04-01,8182.483885473916
2026-04-02,8153.309911191611
2026-04-06,8130.397712857153
2026-04-07,8208.6241399089
2026-04-08,8257.958434628168
2026-04-09,8183.72750417327
2026-04-10,8282.95075187142
2026-04-13,8220.187608414426
2026-04-14,8151.229469955538
2026-04-15,8145.156755177011
2026-04-16,8239.06033284147
2026-04-17,8050.491845577466
2026-04-20,8104.7198402985605
2026-04-21,8265.333964991389
2026-04-22,8450.762742212419
2026-04-23,8781.862005737567
2026-04-24,8773.342503926742
2026-04-27,8754.265749778151
2026-04-28,8772.751833418397
2026-04-29,8888.704220262607
2026-04-30,8988.474763733451
2026-05-01,8921.491024926952
2026-05-04,9055.321574273363
2026-05-05,9136.432001662113
2026-05-06,9098.320324854629
2026-05-07,8810.013402066632
2026-05-08,8797.111032412507
2026-05-11,8897.061959133473
2026-05-12,8988.447148367053
2026-05-13,8972.678192466454
2026-05-14,9005.002266081432
2026-05-15,9018.310665310544
2026-05-18,9049.259809479512
2026-05-19,8991.405075621899
2026-05-20,9036.203008227954
2026-05-21,9053.855622486106
2026-05-22,9219.880166217592
2026-05-26,9254.18732609396
2026-05-27,9019.550381392648
2026-05-28,8874.589847335958
2026-05-29,8928.833120527714
2026-06-01,9027.035882662485
2026-06-02,9271.240103686174
2026-06-03,9334.87383269582
2026-06-04,9355.065379885464
2026-06-05,8979.37331204524
2026-06-08,9094.263634934692
2026-06-09,9043.885495452589
2026-06-10,8896.460607141964
2026-06-11,9100.034537028503
2026-06-12,9246.82806800978
2026-06-15,9250.086419002426
2026-06-16,9161.148731521498
2026-06-17,9123.934576499325
2026-06-18,9298.909158841418
2026-06-22,9444.567937393955
2026-06-23,9069.246707554432
2026-06-24,9033.81808446537
2026-06-25,9217.770439212456
2026-06-26,9080.214949144385
2026-06-29,9156.859740942104
2026-06-30,9353.315190214003
2026-07-01,9139.659535098544
2026-07-02,8875.332355168544
2026-07-06,8875.772902612582
2026-07-07,8647.397399387359
2026-07-08,8767.2336940202
2026-07-09,8904.358155169773
2026-07-10,8895.560745703968
2026-07-13,8815.005794886387
2026-07-14,8853.5514873414
2026-07-15,8734.914924816536
2026-07-16,8787.961652009955
2026-07-17,8755.852487874863
2026-07-20,8763.876020503156
2026-07-21,8938.03460891485
2026-07-22,8884.777350881819
2026-07-23,8884.695753272037
2026-07-24,8711.958756624765
2026-07-27,8689.819649532725
2026-07-28,8477.330652281973
2026-07-29,8320.875210994407
2026-07-30,8626.589615722183
2026-07-31,8867.2756740873
2026-08-03,8932.424701300803
2026-08-04,9189.899395656845
2026-08-05,9231.219703765002
2026-08-06,9068.837271426457
2026-08-07,9553.984422182953
2026-08-10,9517.824369637225
2026-08-11,9519.401775704693
2026-08-12,9592.312614433205
2026-08-13,9835.31348118576
2026-08-14,9667.106570461285
2026-08-17,9490.136663321156
2026-08-18,9463.892303120369
2026-08-19,9731.317122263135
2026-08-20,9453.591503078063
2026-08-21,9571.407877669219
2026-08-24,9575.170876018276
2026-08-25,9455.483974812787
2026-08-26,9545.920656491979
2026-08-27,9404.225179680207
2026-08-28,9293.167892485773
2026-08-31,9249.014674290567
2026-09-01,9110.867103743996
2026-09-02,9121.097832469975
2026-09-03,9226.400196584076
2026-09-04,9247.303138759866
2026-09-08,9149.946299834603
2026-09-09,9155.574580204462
2026-09-10,9034.248249508413
2026-09-11,9053.14555194182
2026-09-14,9067.081786907218
2026-09-15,8992.367186193806
2026-09-16,8952.325170406686
2026-09-17,8918.2304409822
2026-09-18,8928.958766373094
2026-09-21,8921.46244327707
2026-09-22,8858.992717695462
2026-09-23,8782.86850520376
2026-09-24,8783.750788689205
2026-09-25,8938.549002550591
