,k4_bank7
2017-01-03,1000.0
2017-01-04,1000.0
2017-01-05,1000.0
2017-01-06,998.25
2017-01-09,998.2086347434351
2017-01-10,1002.2933815085107
2017-01-11,1005.4716645468694
2017-01-12,1010.1171699393544
2017-01-13,1012.287405793513
2017-01-17,1014.0315544109512
2017-01-18,1017.6832353051752
2017-01-19,1012.7702615599248
2017-01-20,1019.1479864692424
2017-01-23,1017.1598124846504
2017-01-24,1027.4789538557316
2017-01-25,1042.3078302206698
2017-01-26,1042.2646683007342
2017-01-27,1041.3653898322846
2017-01-30,1030.4614064861732
2017-01-31,1034.4790831929513
2017-02-01,1023.7342784497916
2017-02-02,1033.515804117738
2017-02-03,1037.2466930210724
2017-02-06,1034.4810417149602
2017-02-07,1029.4414944546413
2017-02-08,1038.71381139212
2017-02-09,1045.5633453706846
2017-02-10,1051.7539923783972
2017-02-13,1058.0911962093512
2017-02-14,1055.9859964303776
2017-02-15,1062.474141688146
2017-02-16,1063.6367402720216
2017-02-17,1071.8765601054863
2017-02-21,1084.2657006658105
2017-02-22,1082.0947517889804
2017-02-23,1082.599272040435
2017-02-24,1077.1979931761596
2017-02-27,1076.0846758475598
2017-02-28,1074.7275133500407
2017-03-01,1094.0844431967525
2017-03-02,1087.3384831684036
2017-03-03,1089.8978565986988
2017-03-06,1085.0771117736613
2017-03-07,1083.7990248926274
2017-03-08,1085.0759372969612
2017-03-09,1087.7277637437612
2017-03-10,1092.194408566549
2017-03-13,1094.1990520674435
2017-03-14,1087.926120546772
2017-03-15,1102.9728515842153
2017-03-16,1094.4907381948856
2017-03-17,1097.3998286834894
2017-03-20,1093.1168786018288
2017-03-21,1083.7729076494304
2017-03-22,1086.9900877913096
2017-03-23,1085.8994899345016
2017-03-24,1091.0699934185916
2017-03-27,1088.5631988941677
2017-03-28,1093.925216961478
2017-03-29,1094.0332026739925
2017-03-30,1094.2488228301925
2017-03-31,1098.1777551044358
2017-04-03,1094.8326459555255
2017-04-04,1090.6378791348388
2017-04-05,1087.8735243728797
2017-04-06,1088.1847770081158
2017-04-07,1087.524354563856
2017-04-10,1091.203351922841
2017-04-11,1090.0561570057755
2017-04-12,1084.061062167772
2017-04-13,1077.7596229052965
2017-04-17,1087.3169598996803
2017-04-18,1083.8092810548503
2017-04-19,1086.2248378349927
2017-04-20,1104.7612613136075
2017-04-21,1097.8242907453855
2017-04-24,1115.27113144639
2017-04-25,1118.753987708212
2017-04-26,1115.2807802983623
2017-04-27,1113.8444026724549
2017-04-28,1113.0118187062533
2017-05-01,1114.146876838043
2017-05-02,1110.7535351380816
2017-05-03,1111.6839841246394
2017-05-04,1100.5822993921392
2017-05-05,1107.7779138249768
2017-05-08,1102.46715071043
2017-05-09,1079.4033404976271
2017-05-10,1083.2981035224864
2017-05-11,1088.5647509465578
2017-05-12,1080.6087223514123
2017-05-15,1093.1695853551264
2017-05-16,1104.1630855071712
2017-05-17,1081.5350466941973
2017-05-18,1076.2230008771348
2017-05-19,1085.6225770235712
2017-05-22,1109.047738113489
2017-05-23,1103.5725433758068
2017-05-24,1114.9129827253398
2017-05-25,1115.7205035278032
2017-05-26,1109.4341166730057
2017-05-30,1121.1440745060738
2017-05-31,1124.4791900500152
2017-06-01,1142.556220248577
2017-06-02,1150.9379716595543
2017-06-05,1153.183658606047
2017-06-06,1150.5856564560158
2017-06-07,1149.413030212728
2017-06-08,1152.430387118419
2017-06-09,1146.9866749834546
2017-06-12,1137.7346832711394
2017-06-13,1135.2337258911232
2017-06-14,1135.1477279936419
2017-06-15,1122.168500015952
2017-06-16,1115.4419110955914
2017-06-19,1125.1497505258276
2017-06-20,1122.3238161036336
2017-06-21,1122.462571926859
2017-06-22,1150.254390072192
2017-06-23,1150.8562504387874
2017-06-26,1159.4110259567337
2017-06-27,1162.7464096423953
2017-06-28,1167.3541577560263
2017-06-29,1158.9529109371592
2017-06-30,1160.0059820684007
2017-07-03,1153.2311973844223
2017-07-05,1165.7234488711072
2017-07-06,1157.7108244172907
2017-07-07,1164.5473672820776
2017-07-10,1162.4194771374437
2017-07-11,1160.7812631316815
2017-07-12,1169.906477830132
2017-07-13,1167.1630880080909
2017-07-14,1171.194303530113
2017-07-17,1178.1375947043373
2017-07-18,1178.917439721829
2017-07-19,1186.3634760305965
2017-07-20,1188.8419186993892
2017-07-21,1191.9574773304487
2017-07-24,1187.9441872695936
2017-07-25,1189.9462407042379
2017-07-26,1189.6668110331275
2017-07-27,1196.8322483787476
2017-07-28,1196.058956602052
2017-07-31,1197.4965041982348
2017-08-01,1200.266217063031
2017-08-02,1199.2467442585814
2017-08-03,1202.500724231442
2017-08-04,1200.298741524076
2017-08-07,1208.085986162525
2017-08-08,1208.446707450706
2017-08-09,1215.5656226681153
2017-08-10,1202.0631969846409
2017-08-11,1193.0250444895403
2017-08-14,1204.9265496959251
2017-08-15,1202.6249873944348
2017-08-16,1210.563610115889
2017-08-17,1191.1513760840169
2017-08-18,1189.9276579584719
2017-08-21,1198.0489264508165
2017-08-22,1206.9923051434878
2017-08-23,1196.838462578867
2017-08-24,1197.2700053838182
2017-08-25,1197.313751921365
2017-08-28,1199.394521897822
2017-08-29,1199.9335414119448
2017-08-30,1201.7063152079909
2017-08-31,1211.8489268326855
2017-09-01,1193.1022299874558
2017-09-05,1189.7172474090328
2017-09-06,1186.184182222964
2017-09-07,1196.1257455098562
2017-09-08,1201.122043278952
2017-09-11,1213.079195073103
2017-09-12,1208.032699309638
2017-09-13,1198.8384144177394
2017-09-14,1201.1248111896955
2017-09-15,1182.7109806443812
2017-09-18,1178.1559903979182
2017-09-19,1179.9517565595836
2017-09-20,1178.479825693194
2017-09-21,1179.7138931134496
2017-09-22,1182.101462800574
2017-09-25,1185.498540331063
2017-09-26,1179.7633546565783
2017-09-27,1168.950330215552
2017-09-28,1174.4104066054917
2017-09-29,1178.6358802277607
2017-10-02,1187.452043677916
2017-10-03,1191.3471611084228
2017-10-04,1197.3402644990201
2017-10-05,1200.4475190665523
2017-10-06,1198.0068402302081
2017-10-09,1198.1525379564719
2017-10-10,1204.7570736256419
2017-10-11,1203.8889543036937
2017-10-12,1208.0271938558803
2017-10-13,1208.9027042288585
2017-10-16,1212.8881730900025
2017-10-17,1207.157181319679
2017-10-18,1208.4148211240276
2017-10-19,1207.2321598197555
2017-10-20,1223.7659584369726
2017-10-23,1228.3913985539048
2017-10-24,1234.0482520132537
2017-10-25,1227.4464277942552
2017-10-26,1229.9216555038038
2017-10-27,1230.9581713556415
2017-10-30,1231.292390641744
2017-10-31,1239.3055447513364
2017-11-01,1242.2064128775871
2017-11-02,1246.5311969566847
2017-11-03,1241.8413520476865
2017-11-06,1241.5011730234685
2017-11-07,1245.993788778027
2017-11-08,1259.1370204782636
2017-11-09,1253.8862520477471
2017-11-10,1242.0065521663096
2017-11-13,1248.8935145215614
2017-11-14,1260.3022325938057
2017-11-15,1248.5692869823517
2017-11-16,1254.0993362825163
2017-11-17,1244.6739224377013
2017-11-20,1253.3716000978704
2017-11-21,1259.693448011377
2017-11-22,1259.23300331741
2017-11-24,1255.4708798178974
2017-11-27,1256.1153799660701
2017-11-28,1268.101449696925
2017-11-29,1286.3963566180778
2017-11-30,1288.369617289351
2017-12-01,1283.16623433855
2017-12-04,1300.212121384981
2017-12-05,1284.7758290137926
2017-12-06,1275.9715523996906
2017-12-07,1277.9323788539418
2017-12-08,1285.039645348555
2017-12-11,1284.7494501264305
2017-12-12,1272.293545698614
2017-12-13,1274.1315728476384
2017-12-14,1266.4257978932724
2017-12-15,1277.8295701510658
2017-12-18,1286.1723050204646
2017-12-19,1273.6774529622908
2017-12-20,1276.6892073297047
2017-12-21,1269.9621291924227
2017-12-22,1259.3275252973397
2017-12-26,1253.4504498330516
2017-12-27,1263.1886124409673
2017-12-28,1268.4239077888194
2017-12-29,1263.852377088879
2018-01-02,1270.8331999372306
2018-01-03,1283.650332823561
2018-01-04,1285.9137442231947
2018-01-05,1285.241290656076
2018-01-08,1301.2668697744073
2018-01-09,1300.6228135637625
2018-01-10,1292.0969617006851
2018-01-11,1308.349500554633
2018-01-12,1309.760723780561
2018-01-16,1305.0666852869283
2018-01-17,1322.062693503906
2018-01-18,1321.3537114347087
2018-01-19,1329.0024015830816
2018-01-22,1337.8877799503584
2018-01-23,1340.1127766401576
2018-01-24,1359.315943359903
2018-01-25,1377.5801684212652
2018-01-26,1388.751175512508
2018-01-29,1365.4350926213483
2018-01-30,1363.2980637439377
2018-01-31,1367.2844308276478
2018-02-01,1360.8083199553244
2018-02-02,1335.840303188785
2018-02-05,1285.6211607899863
2018-02-06,1290.997017717749
2018-02-07,1301.9715586128568
2018-02-08,1237.5173229319423
2018-02-09,1257.4152044924829
2018-02-12,1274.1551806501325
2018-02-13,1272.6608927505554
2018-02-14,1302.6230956441425
2018-02-15,1323.6231181408527
2018-02-16,1325.5879356663218
2018-02-20,1316.4435510412675
2018-02-21,1328.309578323495
2018-02-22,1331.5866810773095
2018-02-23,1355.9065564518028
2018-02-26,1373.4823899833204
2018-02-27,1360.4266888289987
2018-02-28,1347.027573457434
2018-03-01,1339.2779751453675
2018-03-02,1338.828675733702
2018-03-05,1358.98312927544
2018-03-06,1371.283705343645
2018-03-07,1368.2413064074556
2018-03-08,1384.327026429086
2018-03-09,1418.838790393597
2018-03-12,1425.278319474562
2018-03-13,1425.7952032216228
2018-03-14,1416.6151898748915
2018-03-15,1413.6163551967047
2018-03-16,1415.8591860839715
2018-03-19,1394.229444784242
2018-03-20,1393.3758710643583
2018-03-21,1387.5038999615426
2018-03-22,1356.670200095596
2018-03-23,1337.1095649328392
2018-03-26,1356.8952801231505
2018-03-27,1335.4208529697967
2018-03-28,1331.8634741723856
2018-03-29,1354.1755591425226
2018-04-02,1326.4785561922529
2018-04-03,1350.1296726841779
2018-04-04,1360.9616925706098
2018-04-05,1371.2788005863554
2018-04-06,1348.0113828317762
2018-04-09,1353.0441197293635
2018-04-10,1358.127924369025
2018-04-11,1354.540296285659
2018-04-12,1362.1813070508717
2018-04-13,1357.0745776084577
2018-04-16,1374.1685545186444
2018-04-17,1380.9503952644857
2018-04-18,1386.068545015897
2018-04-19,1381.8451315468358
2018-04-20,1374.3069927422746
2018-04-23,1376.8418953154812
2018-04-24,1377.8580186451163
2018-04-25,1390.0492656082558
2018-04-26,1386.9010213943645
2018-04-27,1399.3688350204845
2018-04-30,1396.401775948912
2018-05-01,1402.3471271492429
2018-05-02,1402.0921161382823
2018-05-03,1386.5824578827555
2018-05-04,1402.6974902368638
2018-05-07,1407.6704689404132
2018-05-08,1401.2338894062655
2018-05-09,1414.4894427640224
2018-05-10,1433.9681755977354
2018-05-11,1438.521293043857
2018-05-14,1435.8075089223446
2018-05-15,1424.7421112643535
2018-05-16,1429.290318806947
2018-05-17,1426.3812806719102
2018-05-18,1421.7417052535477
2018-05-21,1425.4088375386964
2018-05-22,1414.209087500301
2018-05-23,1414.385162850392
2018-05-24,1409.899849754696
2018-05-25,1388.1077691959729
2018-05-29,1371.6186684280547
2018-05-30,1397.1113219612012
2018-05-31,1386.5381641157155
2018-06-01,1399.3080216948863
2018-06-04,1434.050220087451
2018-06-05,1445.0590790132908
2018-06-06,1469.160709180642
2018-06-07,1553.1339900579937
2018-06-08,1556.8615852905175
2018-06-11,1543.4540220161718
2018-06-12,1543.6232352299078
2018-06-13,1541.68767331866
2018-06-14,1538.298167360941
2018-06-15,1543.2214753305739
2018-06-18,1542.270879035634
2018-06-19,1534.5727517570595
2018-06-20,1541.0156828551167
2018-06-21,1536.7777914598532
2018-06-22,1541.5202267732916
2018-06-25,1536.2184460666404
2018-06-26,1531.8207668597786
2018-06-27,1520.761021819812
2018-06-28,1529.5038088786482
2018-06-29,1535.1866508745288
2018-07-02,1554.6282582864571
2018-07-03,1552.7299097318198
2018-07-05,1560.4621665596214
2018-07-06,1573.6343321060967
2018-07-09,1601.2459212849878
2018-07-10,1604.103303398367
2018-07-11,1589.817730833125
2018-07-12,1594.9181354557745
2018-07-13,1587.9045806986558
2018-07-16,1598.9899289945854
2018-07-17,1616.981089284767
2018-07-18,1620.1403838135527
2018-07-19,1625.5404615184552
2018-07-20,1616.629626652809
2018-07-23,1618.366528482428
2018-07-24,1610.5064845688958
2018-07-25,1620.313929356284
2018-07-26,1629.5402462475517
2018-07-27,1612.1740969732596
2018-07-30,1590.7962305590208
2018-07-31,1598.6794602889267
2018-08-01,1595.7383793917086
2018-08-02,1649.219294277729
2018-08-03,1660.0554856285935
2018-08-06,1689.828233596452
2018-08-07,1704.1802552544639
2018-08-08,1712.900926092036
2018-08-09,1723.5259281796218
2018-08-10,1878.0774580851992
2018-08-13,1862.7133632912257
2018-08-14,1880.3361273859239
2018-08-15,1871.9310336792696
2018-08-16,1891.2246781193303
2018-08-17,1905.2575526579915
2018-08-20,1913.1385898214019
2018-08-21,1901.5199197686457
2018-08-22,1933.0409600574562
2018-08-23,1942.745736892512
2018-08-24,1945.8238758112625
2018-08-27,1951.3478471738806
2018-08-28,1945.5131081460866
2018-08-29,1957.057690012167
2018-08-30,1953.9814362074328
2018-08-31,1964.4552259838333
2018-09-04,1955.2454677326832
2018-09-05,1972.2981195094326
2018-09-06,1975.0856789383129
2018-09-07,1973.7614186653648
2018-09-10,1996.3507995415644
2018-09-11,1999.6265098888546
2018-09-12,2025.1194234909863
2018-09-13,2033.946556990719
2018-09-14,2047.4385371183082
2018-09-17,2037.0616013338592
2018-09-18,2044.634589518559
2018-09-19,2022.0876846988397
2018-09-20,2037.737541652567
2018-09-21,2049.3369066303194
2018-09-24,2038.8187250172216
2018-09-25,2034.0136521804955
2018-09-26,2025.9880981530823
2018-09-27,2007.846310664174
2018-09-28,2017.0832835202723
2018-10-01,2014.6941082707326
2018-10-02,2012.2096835235523
2018-10-03,2009.7074201496532
2018-10-04,2001.6448364790097
2018-10-05,1991.1831979804792
2018-10-08,2003.4481698520526
2018-10-09,2005.9586226070733
2018-10-10,1930.0423342866386
2018-10-11,1890.131608338909
2018-10-12,1893.4860601261114
2018-10-15,1892.2142215502288
2018-10-16,1961.488116393656
2018-10-17,1917.9027807250968
2018-10-18,1819.7002193341943
2018-10-19,1796.4304055820814
2018-10-22,1778.0228062176807
2018-10-23,1757.5815808388998
2018-10-24,1749.8310050338894
2018-10-25,1747.5716850048802
2018-10-26,1730.4965924908215
2018-10-29,1741.5271920396433
2018-10-30,1747.442550097474
2018-10-31,1740.9682001056867
2018-11-01,1760.2964611259622
2018-11-02,1745.1822284123743
2018-11-05,1775.528040128648
2018-11-06,1788.2654081735627
2018-11-07,1807.8699491342077
2018-11-08,1810.0098549341863
2018-11-09,1826.5688800959883
2018-11-12,1784.1295596290618
2018-11-13,1779.2246171055342
2018-11-14,1769.2578711216422
2018-11-15,1762.418248528989
2018-11-16,1739.3428647916905
2018-11-19,1717.427344953788
2018-11-20,1687.9151767597846
2018-11-21,1696.0261146495122
2018-11-23,1673.0867556553787
2018-11-26,1704.0492731660104
2018-11-27,1687.3269798491563
2018-11-28,1732.6737399835777
2018-11-29,1716.3977522099412
2018-11-30,1703.1355343836196
2018-12-03,1746.8596173980814
2018-12-04,1694.7493689127864
2018-12-06,1692.5228279227067
2018-12-07,1674.1635151746295
2018-12-10,1656.5988503899782
2018-12-11,1620.5634862514003
2018-12-12,1646.7271548367937
2018-12-13,1633.7087278580427
2018-12-14,1618.5458432430366
2018-12-17,1569.184567672836
2018-12-18,1559.6328805744163
2018-12-19,1562.1588761898333
2018-12-20,1553.097965465411
2018-12-21,1530.8616241284685
2018-12-24,1514.7756988432227
2018-12-26,1596.2045445502683
2018-12-27,1577.4719544408163
2018-12-28,1569.3624843906339
2018-12-31,1592.8428743859665
2019-01-02,1629.5313321971755
2019-01-03,1616.4880233129352
2019-01-04,1679.11836573045
2019-01-07,1687.8521545517156
2019-01-08,1716.371739937083
2019-01-09,1700.6665055277451
2019-01-10,1707.5386318117705
2019-01-11,1694.8669790279625
2019-01-14,1682.9739389379556
2019-01-15,1693.9964900797252
2019-01-16,1688.3676103697178
2019-01-17,1690.8803960813761
2019-01-18,1690.6193899696586
2019-01-22,1688.3558267239073
2019-01-23,1696.8143403961
2019-01-24,1693.6535531855982
2019-01-25,1691.45173311374
2019-01-28,1688.1182398276244
2019-01-29,1695.7710696086617
2019-01-30,1707.8542012425237
2019-01-31,1722.3887974490024
2019-02-01,1727.3463119497114
2019-02-04,1742.659578257006
2019-02-05,1747.4855308121325
2019-02-06,1733.5243274142533
2019-02-07,1738.458339247919
2019-02-08,1741.6339519408205
2019-02-11,1750.6480396018032
2019-02-12,1754.7551983570715
2019-02-13,1770.2644143375317
2019-02-14,1773.2666283337073
2019-02-15,1773.5330216547673
2019-02-19,1785.0073787387412
2019-02-20,1788.1686062343858
2019-02-21,1795.6831752218209
2019-02-22,1811.0529629110147
2019-02-25,1815.4882646479975
2019-02-26,1802.1224892481425
2019-02-27,1804.2372359791095
2019-02-28,1802.3057948689525
2019-03-01,1827.317840839947
2019-03-04,1823.0830203861906
2019-03-05,1826.6146531982283
2019-03-06,1813.2224296245888
2019-03-07,1806.3111659417675
2019-03-08,1808.8445368768614
2019-03-11,1826.316881947098
2019-03-12,1831.9700572849717
2019-03-13,1839.418225381307
2019-03-14,1842.760630463928
2019-03-15,1854.7566879747155
2019-03-18,1854.309416678065
2019-03-19,1849.3128164501595
2019-03-20,1829.251301351144
2019-03-21,1855.0388416621097
2019-03-22,1817.538141186556
2019-03-25,1820.715187819677
2019-03-26,1829.3518564578126
2019-03-27,1819.0658292428272
2019-03-28,1817.2976464328397
2019-03-29,1831.6229375545938
2019-04-01,1858.3452984153205
2019-04-02,1865.7633854553433
2019-04-03,1875.4819196265535
2019-04-04,1876.755246218853
2019-04-05,1884.3905238431246
2019-04-08,1875.7071482986435
2019-04-09,1871.0103423134801
2019-04-10,1871.9247915632372
2019-04-11,1878.4411779603506
2019-04-12,1884.0132814248307
2019-04-15,1881.5910138173847
2019-04-16,1874.5374877577024
2019-04-17,1863.2997399848882
2019-04-18,1856.105956521404
2019-04-22,1848.9367419700334
2019-04-23,1865.7116241090582
2019-04-24,1875.4206188951807
2019-04-25,1879.129161028938
2019-04-26,1881.6727120974
2019-04-29,1867.8688259061528
2019-04-30,1888.8419866684055
2019-05-01,1875.425742316919
2019-05-02,1872.2051017465346
2019-05-03,1885.94053840097
2019-05-06,1882.0978831269
2019-05-07,1878.1367465301576
2019-05-08,1854.5490358354189
2019-05-09,1855.390187946304
2019-05-10,1877.8085336194672
2019-05-13,1851.386792668367
2019-05-14,1862.163695527483
2019-05-15,1871.0357429323599
2019-05-16,1883.2702787100484
2019-05-17,1876.8002367915683
2019-05-20,1865.0343738899246
2019-05-21,1898.3194456178999
2019-05-22,1904.683186105186
2019-05-23,1894.4672063578519
2019-05-24,1903.3968995916284
2019-05-28,1888.6739454812146
2019-05-29,1873.8174421279455
2019-05-30,1888.6247313950962
2019-05-31,1864.3473827921941
2019-06-03,1871.0959260137372
2019-06-04,1891.9614715069577
2019-06-05,1899.5869591017213
2019-06-06,1921.0526242761346
2019-06-07,1933.2597577445001
2019-06-10,1933.4186156690464
2019-06-11,1932.314643388959
2019-06-12,1936.880950174565
2019-06-13,1931.996648647496
2019-06-14,1934.5322082068017
2019-06-17,1935.9328366833
2019-06-18,1960.5184508168995
2019-06-19,1987.6988595261673
2019-06-20,2006.657951347766
2019-06-21,1997.5277847339908
2019-06-24,1986.0117141016017
2019-06-25,1953.2491876341162
2019-06-26,1935.6855279056017
2019-06-27,1954.067189448087
2019-06-28,1987.2231844292753
2019-07-01,1986.5095696838125
2019-07-02,2004.379390796328
2019-07-03,2025.7594028997228
2019-07-05,2019.4379051306837
2019-07-08,2021.1679255262125
2019-07-09,2026.3666176408165
2019-07-10,2026.2477176951725
2019-07-11,2019.7845016030337
2019-07-12,1996.5801824773744
2019-07-15,2003.0648127703948
2019-07-16,1985.5958291116376
2019-07-17,1980.961652289583
2019-07-18,1990.0748053575794
2019-07-19,1973.9460915399184
2019-07-22,1986.4209631363697
2019-07-23,2004.156632222821
2019-07-24,2008.325286204709
2019-07-25,2017.4266743875776
2019-07-26,2045.1340208481254
2019-07-29,2064.8168983217324
2019-07-30,2042.803692447639
2019-07-31,2018.6340155783375
2019-08-01,2015.4608168424104
2019-08-02,1993.5761684733338
2019-08-05,1926.666290162901
2019-08-06,1962.495237467553
2019-08-07,1965.3963329261207
2019-08-08,2035.4510245131603
2019-08-09,1982.6727663267982
2019-08-12,1958.5636078029154
2019-08-13,1995.7651381383637
2019-08-14,1927.3777727081006
2019-08-15,1945.9035915296279
2019-08-16,1977.5805791207924
2019-08-19,1992.8706811589022
2019-08-20,1977.8562005371552
2019-08-21,2100.609443986778
2019-08-22,2119.602809455114
2019-08-23,2098.797975832555
2019-08-26,2129.7316720221925
2019-08-27,2119.9079605592165
2019-08-28,2132.19426157799
2019-08-29,2161.080135032699
2019-08-30,2149.4214178667103
2019-09-03,2059.1560386708743
2019-09-04,2055.753079654385
2019-09-05,2081.397567610933
2019-09-06,2081.8085505327103
2019-09-09,2360.9539187131577
2019-09-10,2383.586289572755
2019-09-11,2392.888171712571
2019-09-12,2382.0159780452805
2019-09-13,2391.782934938891
2019-09-16,2417.1046714265603
2019-09-17,2453.4542211715934
2019-09-18,2443.421127353871
2019-09-19,2435.9477468716027
2019-09-20,2417.5395099270672
2019-09-23,2416.3219302246675
2019-09-24,2399.5455646569717
2019-09-25,2417.908465201992
2019-09-26,2436.323255215706
2019-09-27,2409.438849845374
2019-09-30,2416.596485842674
2019-10-01,2388.758239795806
2019-10-02,2366.6897322400546
2019-10-03,2390.429984262188
2019-10-04,2403.498983572329
2019-10-07,2390.7638025005763
2019-10-08,2365.0605118816748
2019-10-09,2385.967244179167
2019-10-10,2401.7522155131564
2019-10-11,2415.498855589488
2019-10-14,2401.9979771632475
2019-10-15,2448.11952753769
2019-10-16,2449.218262864646
2019-10-17,2463.5385654372594
2019-10-18,2460.402839664293
2019-10-21,2428.2484012193413
2019-10-22,2404.1479429781007
2019-10-23,2394.877382139211
2019-10-24,2389.846780456934
2019-10-25,2391.52386600409
2019-10-28,2415.5086852256513
2019-10-29,2427.764913416955
2019-10-30,2415.7135795655004
2019-10-31,2436.8902378597827
2019-11-01,2444.64407926069
2019-11-04,2476.058194821208
2019-11-05,2499.8812032968754
2019-11-06,2511.5967599812802
2019-11-07,2529.947430198326
2019-11-08,2508.8171960232175
2019-11-11,2512.7755771855136
2019-11-12,2505.9690025798727
2019-11-13,2523.3090379579385
2019-11-14,2535.885207032478
2019-11-15,2561.9483931371524
2019-11-18,2570.8651986287464
2019-11-19,2553.5318086724974
2019-11-20,2559.578118135336
2019-11-21,2581.247759692255
2019-11-22,2599.684867669691
2019-11-25,2623.0497147511796
2019-11-26,2637.0996102307795
2019-11-27,2645.1016062448243
2019-11-29,2621.3799141490326
2019-12-02,2590.8402346836288
2019-12-03,2604.3900652642405
2019-12-04,2600.031349597575
2019-12-05,2603.6140668252656
2019-12-06,2672.4978165165653
2019-12-09,2665.5808364127756
2019-12-10,2655.79977301683
2019-12-11,2644.292545649793
2019-12-12,2624.6713094982256
2019-12-13,2638.360456269833
2019-12-16,2658.005376396798
2019-12-17,2649.0006080082862
2019-12-18,2660.013661793711
2019-12-19,2684.3407981809673
2019-12-20,2697.6068114142345
2019-12-23,2700.6392925585023
2019-12-24,2704.455139376262
2019-12-26,2713.425026851539
2019-12-27,2711.0123964582967
2019-12-30,2707.3523076768042
2019-12-31,2707.784223891533
2020-01-02,2713.1607522357085
2020-01-03,2705.3696760243292
2020-01-06,2718.5808708079567
2020-01-07,2684.936368339502
2020-01-08,2682.3495898823157
2020-01-09,2700.131293501353
2020-01-10,2691.4498978127817
2020-01-13,2699.3020182922933
2020-01-14,2698.46155404959
2020-01-15,2714.9222528441874
2020-01-16,2721.9321128673896
2020-01-17,2727.214079224645
2020-01-21,2717.816083975916
2020-01-22,2732.995963226599
2020-01-23,2707.6252948819974
2020-01-24,2700.446512497405
2020-01-27,2683.1867987138266
2020-01-28,2696.1737170357264
2020-01-29,2706.936577506283
2020-01-30,2714.79672986699
2020-01-31,2675.889026727287
2020-02-03,2710.742450203679
2020-02-04,2743.810261775845
2020-02-05,2738.548261981283
2020-02-06,2735.624415938738
2020-02-07,2717.1251125207777
2020-02-10,2774.550586556913
2020-02-11,2763.3678399835007
2020-02-12,2784.988758496488
2020-02-13,2784.1052477607
2020-02-14,2798.1927623665415
2020-02-18,2770.2257778834464
2020-02-19,2784.400664003703
2020-02-20,2790.358370662124
2020-02-21,2730.207140873867
2020-02-24,2692.600561101919
2020-02-25,2630.4528974844343
2020-02-26,2619.230429721764
2020-02-27,2488.0749051285297
2020-02-28,2448.96096103666
2020-03-02,2583.0048530433837
2020-03-03,2506.558764464276
2020-03-04,2600.809580384331
2020-03-05,2478.656789580032
2020-03-06,2432.732297142472
2020-03-09,2060.786517568372
2020-03-10,2186.649235803361
2020-03-11,1914.7909910117526
2020-03-12,1625.37141584107
2020-03-13,1911.9384396966461
2020-03-16,1525.2317216483764
2020-03-17,1613.2714286931866
2020-03-18,1413.7570889026815
2020-03-19,1577.8877263048173
2020-03-20,1481.0423888349767
2020-03-23,1424.0197462082558
2020-03-24,1569.3923124205335
2020-03-25,1797.3318467170334
2020-03-26,1842.7481817102732
2020-03-27,1820.0124676786997
2020-03-30,1827.4470823357778
2020-03-31,1849.8371657073908
2020-04-01,1712.4829345820551
2020-04-02,1711.1020158376575
2020-04-03,1692.5420230099066
2020-04-06,1918.7188173116747
2020-04-07,1949.6666940686573
2020-04-08,1999.2871124921605
2020-04-09,2083.7944476327257
2020-04-13,2014.225923135238
2020-04-14,2048.2021185910703
2020-04-15,1925.2109026755388
2020-04-16,1910.855187282936
2020-04-17,2023.0047398160937
2020-04-20,1972.8536520561006
2020-04-21,1941.8677075309447
2020-04-22,1968.2675938289242
2020-04-23,1972.4039078080273
2020-04-24,1995.7288429733292
2020-04-27,2012.6976146614275
2020-04-28,2006.0888840098012
2020-04-29,1993.75865882708
2020-04-30,1958.6515460198063
2020-05-01,1932.9152942272278
2020-05-04,1947.1162455256203
2020-05-05,1963.1884396260775
2020-05-06,1948.9478025103053
2020-05-07,1957.5740131295051
2020-05-08,1986.8696464318682
2020-05-11,1981.761346776532
2020-05-12,1963.9356234235065
2020-05-13,1960.5514833852312
2020-05-14,1961.5101310668722
2020-05-15,1949.7117094158507
2020-05-18,1971.6473095196025
2020-05-19,1940.0836947039654
2020-05-20,1955.9566342206106
2020-05-21,1938.5356059107658
2020-05-22,1958.6136826653983
2020-05-26,1942.873639006364
2020-05-27,1992.0770351883407
2020-05-28,1988.87476116384
2020-05-29,2021.8481474482246
2020-06-01,2015.4447980097625
2020-06-02,2027.7453210663589
2020-06-03,2022.494147693376
2020-06-04,2006.8176796970147
2020-06-05,2028.4698174342577
2020-06-08,2056.0505896606987
2020-06-09,2066.13748653361
2020-06-10,2079.765937313128
2020-06-11,2016.8466977630915
2020-06-12,2012.685806737302
2020-06-15,2045.3465277514401
2020-06-16,2068.1342805447944
2020-06-17,2040.7753110929107
2020-06-18,2043.392383851806
2020-06-19,2055.0833242690087
2020-06-22,2085.9793736654256
2020-06-23,2099.0853244461077
2020-06-24,2063.961109362687
2020-06-25,2070.428581387496
2020-06-26,2004.5977819468958
2020-06-29,2043.9193509029758
2020-06-30,2083.5012871337044
2020-07-01,2106.340202902136
2020-07-02,2106.5848964663937
2020-07-06,2117.525828941756
2020-07-07,2104.2720992744526
2020-07-08,2142.821516474185
2020-07-09,2200.6730457947915
2020-07-10,2180.386807219764
2020-07-13,2245.5541001374513
2020-07-14,2311.6127735965983
2020-07-15,2398.65981058947
2020-07-16,2405.2331551321786
2020-07-17,2455.265511119354
2020-07-20,2534.715775045623
2020-07-21,2529.812973524656
2020-07-22,2523.8587960380437
2020-07-23,2482.466064631393
2020-07-24,2440.3663242129205
2020-07-27,2503.6484963813145
2020-07-28,2470.5585086462097
2020-07-29,2494.125162596894
2020-07-30,2506.6476468144215
2020-07-31,2523.342799558279
2020-08-03,2565.0225511219223
2020-08-04,2553.6239352689263
2020-08-05,2555.305273267915
2020-08-06,2585.1916035175714
2020-08-07,2565.4097752906237
2020-08-10,2555.6569470462673
2020-08-11,2540.4056917380994
2020-08-12,2608.7436306184027
2020-08-13,2602.7485999770424
2020-08-14,2585.503391783979
2020-08-17,2610.088874888138
2020-08-18,2591.886985113991
2020-08-19,2582.9787026514896
2020-08-20,2584.0700847410694
2020-08-21,2615.4632280649685
2020-08-24,2612.5950304448256
2020-08-25,2615.7242187883676
2020-08-26,2649.267309141998
2020-08-27,2631.435596456425
2020-08-28,2650.0568125817076
2020-08-31,2652.6790076629336
2020-09-01,2693.1972826113374
2020-09-02,2739.093036719956
2020-09-03,2626.980663458473
2020-09-04,2575.9000858234167
2020-09-08,2526.252000004714
2020-09-09,2602.4117719924543
2020-09-10,2587.427080377146
2020-09-11,2608.0944443846283
2020-09-14,2622.6851455883334
2020-09-15,2609.170081059771
2020-09-16,2596.0932144850162
2020-09-17,2612.939932931871
2020-09-18,2562.49045411653
2020-09-21,2519.6987086874356
2020-09-22,2564.853769013918
2020-09-23,2503.533177076418
2020-09-24,2513.912300921167
2020-09-25,2533.822931788342
2020-09-28,2619.334921701712
2020-09-29,2590.4877476749834
2020-09-30,2619.5434121712224
2020-10-01,2686.6311266193497
2020-10-02,2781.6725808927886
2020-10-05,2821.011260953489
2020-10-06,2793.140639103656
2020-10-07,2890.98253413551
2020-10-08,2918.7426181757637
2020-10-09,2940.394814758937
2020-10-12,2909.577295533074
2020-10-13,2920.4738281602995
2020-10-14,2971.7058722604734
2020-10-15,3020.7132618026317
2020-10-16,2985.4445002373545
2020-10-19,2927.932488416154
2020-10-20,2956.2164690754666
2020-10-21,2935.821567615185
2020-10-22,2941.6014441353163
2020-10-23,2911.1856179112315
2020-10-26,2888.3804652346616
2020-10-27,2886.669773581718
2020-10-28,2720.242022830496
2020-10-29,2737.8424327490366
2020-10-30,2685.9218778883633
2020-11-02,2721.9927022197976
2020-11-03,2781.364226351181
2020-11-04,2822.7524158333263
2020-11-05,2865.9133658229375
2020-11-06,2879.0786394416805
2020-11-09,2817.649003234207
2020-11-10,2808.167425880813
2020-11-11,2843.807624810572
2020-11-12,2828.1194130851827
2020-11-13,2852.1753181730337
2020-11-16,2894.821899779199
2020-11-17,2880.3146547187484
2020-11-18,2870.5805004370227
2020-11-19,2890.177817894764
2020-11-20,2912.1051987139176
2020-11-23,2952.9258036643037
2020-11-24,2973.794414491593
2020-11-25,2975.4894793706126
2020-11-27,2967.0587681698707
2020-11-30,2950.476196186897
2020-12-01,2957.9026654144927
2020-12-02,2935.8258088395582
2020-12-03,2929.5496205443096
2020-12-04,2938.106550211331
2020-12-07,2929.171866170819
2020-12-08,2931.1877699931356
2020-12-09,2934.7186566531122
2020-12-10,2909.7976932762404
2020-12-11,2910.967534754537
2020-12-14,2894.70939986071
2020-12-15,2926.8611123970545
2020-12-16,2907.666781476641
2020-12-17,2924.4149394053998
2020-12-18,2910.8078543704223
2020-12-21,2937.0059732615837
2020-12-22,2928.750386466442
2020-12-23,2936.8562925602323
2020-12-24,2941.852462083778
2020-12-28,2961.1733305463486
2020-12-29,2946.287974592809
2020-12-30,2945.7513409474905
2020-12-31,2972.516828598559
2021-01-04,2937.222791073126
2021-01-05,2963.8194688309354
2021-01-06,3037.5899893927276
2021-01-07,3117.0473873911105
2021-01-08,3114.323247009771
2021-01-11,3066.9472157365008
2021-01-12,3062.709463665141
2021-01-13,3125.6728025537072
2021-01-14,3246.1606745655554
2021-01-15,3220.7306416482043
2021-01-19,3339.196128120415
2021-01-20,3367.791779402483
2021-01-21,3382.668768345194
2021-01-22,3536.2599804230413
2021-01-25,3527.3131643169945
2021-01-26,3500.198620403492
2021-01-27,3492.1418191403536
2021-01-28,3563.0054097101447
2021-01-29,3536.557209146397
2021-02-01,3686.581372597891
2021-02-02,3726.521999714928
2021-02-03,3649.5178955105107
2021-02-04,3755.601432458052
2021-02-05,3869.103153802504
2021-02-08,3948.8226328639407
2021-02-09,3973.3610326634694
2021-02-10,3965.5201190752373
2021-02-11,4002.698976717534
2021-02-12,3991.30904704944
2021-02-16,3948.3611233867896
2021-02-17,3902.551089937142
2021-02-18,3869.49361542762
2021-02-19,3995.5367975833587
2021-02-22,3886.6826481267226
2021-02-23,3844.311306442888
2021-02-24,3944.6319853333853
2021-02-25,3787.64329565711
2021-02-26,3785.953076400666
2021-03-01,3962.9051303425285
2021-03-02,3849.7787522958347
2021-03-03,3732.9009234405426
2021-03-04,3553.7291198408657
2021-03-05,3638.8960222022997
2021-03-08,3614.4185025143343
2021-03-09,3736.569281434422
2021-03-10,3818.5181448547964
2021-03-11,3995.456318480641
2021-03-12,3985.6044152380637
2021-03-15,4059.5428714511045
2021-03-16,3998.141830976898
2021-03-17,3991.6727145616596
2021-03-18,3977.6425477238445
2021-03-19,4149.145325662396
2021-03-22,4001.5370748256473
2021-03-23,3877.3988043875947
2021-03-24,3829.8678720631365
2021-03-25,3972.1862165517923
2021-03-26,4064.6333879936537
2021-03-29,3885.0443954239636
2021-03-30,3967.1333355937986
2021-03-31,4004.4133753331707
2021-04-01,4044.0468265537
2021-04-05,4014.1791094696973
2021-04-06,4045.741656694394
2021-04-07,3981.187039767815
2021-04-08,4015.4960281959707
2021-04-09,4002.395014381389
2021-04-12,3991.6414351714748
2021-04-13,3946.732849304394
2021-04-14,3955.778253350164
2021-04-15,3970.7476429543653
2021-04-16,4016.27205455517
2021-04-19,3911.637509607639
2021-04-20,3733.800427620912
2021-04-21,3803.4863296240337
2021-04-22,3746.9793948824763
2021-04-23,3795.0032731369756
2021-04-26,3853.9686786798497
2021-04-27,3896.2558836330372
2021-04-28,3903.8827222150244
2021-04-29,4037.599535274655
2021-04-30,3956.169049988164
2021-05-03,4080.973842874411
2021-05-04,4051.669639364479
2021-05-05,4045.7247996674455
2021-05-06,4084.9186839043728
2021-05-07,4100.265380749786
2021-05-10,4017.37501201227
2021-05-11,3999.575853920003
2021-05-12,3701.179308225585
2021-05-13,3782.8785906879984
2021-05-14,3962.131940941416
2021-05-17,3955.2755899154454
2021-05-18,3858.1261404624242
2021-05-19,3746.4115991642143
2021-05-20,3709.316841483026
2021-05-21,3701.110726553612
2021-05-24,3728.778404525862
2021-05-25,3747.6410437773516
2021-05-26,3832.264240498877
2021-05-27,3894.4535684046155
2021-05-28,3812.069409315499
2021-06-01,3803.358531840013
2021-06-02,3768.382855294636
2021-06-03,3713.5542068868735
2021-06-04,3719.12795416193
2021-06-07,3690.471432653393
2021-06-08,3688.1983065587583
2021-06-09,3668.857966655449
2021-06-10,3653.756907810582
2021-06-11,3689.3787266522013
2021-06-14,3633.3159913799377
2021-06-15,3638.8843393027155
2021-06-16,3575.963389621226
2021-06-17,3527.7563340853617
2021-06-18,3413.742168288702
2021-06-21,3531.554140344146
2021-06-22,3530.1280539155027
2021-06-23,3524.4918671843097
2021-06-24,3588.5238175292957
2021-06-25,3592.469366542666
2021-06-28,3587.424041944084
2021-06-29,3583.888951208474
2021-06-30,3615.1119142807433
2021-07-01,3608.910765550248
2021-07-02,3597.920979324779
2021-07-06,3578.5830708816848
2021-07-07,3598.4723512544197
2021-07-08,3526.222213180931
2021-07-09,3588.0082093734964
2021-07-12,3587.4796782998615
2021-07-13,3502.2166478064705
2021-07-14,3414.931186922286
2021-07-15,3389.8815689393177
2021-07-16,3349.9066265687784
2021-07-19,3296.6495702817647
2021-07-20,3469.411331381546
2021-07-21,3534.488253307954
2021-07-22,3580.1949396735126
2021-07-23,3600.0280060945233
2021-07-26,3612.435251775274
2021-07-27,3592.753055177379
2021-07-28,3603.5781142705146
2021-07-29,3641.3593481751323
2021-07-30,3569.315300441731
2021-08-02,3593.588502223409
2021-08-03,3686.507449231557
2021-08-04,3682.0706140596913
2021-08-05,3717.284327642812
2021-08-06,3786.3394113751524
2021-08-09,3830.178695410432
2021-08-10,3865.5508122617225
2021-08-11,3810.656642579331
2021-08-12,3888.963399757057
2021-08-13,3929.096575432167
2021-08-16,3923.287547797509
2021-08-17,3876.469121690148
2021-08-18,3841.390577905569
2021-08-19,3851.8016960528093
2021-08-20,3916.0247623129535
2021-08-23,3919.3258736895914
2021-08-24,3940.9321828709685
2021-08-25,4005.254689706485
2021-08-26,4027.6953674566926
2021-08-27,4085.663763705206
2021-08-30,4052.6197158855266
2021-08-31,4061.384003516302
2021-09-01,4044.503989349734
2021-09-02,4061.631539188546
2021-09-03,4033.9229382932003
2021-09-07,3982.1238492660423
2021-09-08,3973.185835584597
2021-09-09,3963.882900669993
2021-09-10,3963.213322449027
2021-09-13,3960.0629933903824
2021-09-14,3948.088418679709
2021-09-15,3969.356685402999
2021-09-16,3974.1945101559495
2021-09-17,3966.298926435347
2021-09-20,3899.8507434090843
2021-09-21,3930.4198667233936
2021-09-22,3983.5368757153624
2021-09-23,4054.1119679929157
2021-09-24,4059.274189704271
2021-09-27,3981.5107754153123
2021-09-28,3864.317706269404
2021-09-29,3884.799594278763
2021-09-30,3819.9377688843997
2021-10-01,3862.2026493940957
2021-10-04,3791.8327872792133
2021-10-05,3851.8017158905736
2021-10-06,3845.458992998103
2021-10-07,3886.13413856493
2021-10-08,3856.8425425529563
2021-10-11,3795.313041611879
2021-10-12,3805.8271020914685
2021-10-13,3870.0284182713194
2021-10-14,3916.695711132388
2021-10-15,3949.5338942297662
2021-10-18,3949.16888966276
2021-10-19,3955.287878801366
2021-10-20,4041.5580144977566
2021-10-21,4045.403815850503
2021-10-22,4051.506142123364
2021-10-25,4046.5101371820424
2021-10-26,3994.1560812152006
2021-10-27,4035.2585632657388
2021-10-28,4096.020773592629
2021-10-29,4052.7390090099907
2021-11-01,4093.4909566918886
2021-11-02,4136.733827325424
2021-11-03,4148.94567883974
2021-11-04,4195.479571020824
2021-11-05,4251.910141453993
2021-11-08,4249.4092334479965
2021-11-09,4250.30091619768
2021-11-10,4235.079120303889
2021-11-11,4232.597832282105
2021-11-12,4243.644669066414
2021-11-15,4204.418549428411
2021-11-16,4244.396534730961
2021-11-17,4241.929489651083
2021-11-18,4236.8297194739325
2021-11-19,4252.98849304209
2021-11-22,4223.952867840309
2021-11-23,4143.585862238004
2021-11-24,4174.66304383741
2021-11-26,4088.328268051701
2021-11-29,4175.10109296735
2021-11-30,4062.3862714460065
2021-12-01,3953.631342503578
2021-12-02,4021.881963442535
2021-12-03,3921.8462247581815
2021-12-06,3884.09617496989
2021-12-07,4070.518275450993
2021-12-08,4064.285166174431
2021-12-09,3996.284681232593
2021-12-10,4174.115414535996
2021-12-13,4117.350490177569
2021-12-14,4137.734322310698
2021-12-15,4146.335788595899
2021-12-16,4016.339842227877
2021-12-17,3983.2298654929464
2021-12-20,3909.0408634370037
2021-12-21,4055.52698035069
2021-12-22,4077.639346515392
2021-12-23,3990.5801513929805
2021-12-27,4082.020822399944
2021-12-28,4062.6061277443046
2021-12-29,4085.786056553238
2021-12-30,4100.838371203076
2021-12-31,4109.431088081792
2022-01-03,4182.32071213763
2022-01-04,4232.244804640222
2022-01-05,4129.341556357991
2022-01-06,4166.018606012711
2022-01-07,4114.475486268444
2022-01-10,4114.902304540878
2022-01-11,4169.610436047418
2022-01-12,4237.797203523158
2022-01-13,4144.420653743724
2022-01-14,4063.5154609319397
2022-01-18,3934.628945377334
2022-01-19,3833.561571712823
2022-01-20,3707.731128571279
2022-01-21,3621.7821300555597
2022-01-24,3612.6123690703516
2022-01-25,3589.8622898871804
2022-01-26,3560.29608658683
2022-01-27,3611.3159142287186
2022-01-28,3668.1170179743067
2022-01-31,3703.664311993299
2022-02-01,3683.833692711306
2022-02-02,3718.2485016781343
2022-02-03,3747.0118689644673
2022-02-04,3706.151425251472
2022-02-07,3743.607885220536
2022-02-08,3771.521875606324
2022-02-09,3787.7058115365867
2022-02-10,3705.776539039625
2022-02-11,3705.0979517875853
2022-02-14,3672.3188522451505
2022-02-15,3694.104023037806
2022-02-16,3706.701678773792
2022-02-17,3670.6574161346125
2022-02-18,3663.0137891192926
2022-02-22,3673.469974623327
2022-02-23,3632.7780583269832
2022-02-24,3599.2395423409944
2022-02-25,3716.681697971668
2022-02-28,3707.855648330816
2022-03-01,3763.7623038444945
2022-03-02,3847.2236290338565
2022-03-03,3853.794127206627
2022-03-04,3923.6056089827293
2022-03-07,3772.227510363308
2022-03-08,3764.5798609881285
2022-03-09,3868.00510973768
2022-03-10,3909.3842693628685
2022-03-11,3870.3661146836394
2022-03-14,3732.053612255984
2022-03-15,3836.277232104892
2022-03-16,3984.960664108191
2022-03-17,4059.701199142382
2022-03-18,4096.719491899049
2022-03-21,4103.423830113251
2022-03-22,4178.274722960812
2022-03-23,4118.393652041495
2022-03-24,4180.569156059224
2022-03-25,4180.2435310306055
2022-03-28,4124.88205511046
2022-03-29,4253.28088381283
2022-03-30,4171.8283136294895
2022-03-31,4126.975538478579
2022-04-01,4122.414989260624
2022-04-04,4161.74608546649
2022-04-05,4149.758048916853
2022-04-06,4165.701052263076
2022-04-07,4173.3333631125015
2022-04-08,4207.127595174051
2022-04-11,4202.198072754561
2022-04-12,4168.317267307177
2022-04-13,4198.485963923685
2022-04-14,4180.107392394758
2022-04-18,4237.141299601795
2022-04-19,4272.552754184564
2022-04-20,4335.03747142633
2022-04-21,4286.432792471412
2022-04-22,4152.745296760579
2022-04-25,4113.73964900972
2022-04-26,4086.4941721432165
2022-04-27,4078.0141263965147
2022-04-28,4129.654547486629
2022-04-29,4001.327148361091
2022-05-02,3992.0278290214733
2022-05-03,4061.90465255905
2022-05-04,4291.950819144443
2022-05-05,4214.133868575477
2022-05-06,4190.134848666099
2022-05-09,3875.7992761354653
2022-05-10,3947.583642475036
2022-05-11,3799.4456328498018
2022-05-12,3765.3923038248067
2022-05-13,3639.276587574511
2022-05-16,3671.9487029542624
2022-05-17,3796.7622291809616
2022-05-18,3524.888672440293
2022-05-19,3577.5992136903633
2022-05-20,3524.3494579642165
2022-05-23,3669.058841825127
2022-05-24,3620.860439010479
2022-05-25,3611.36920177708
2022-05-26,3721.2026750638174
2022-05-27,3856.3653281817706
2022-05-31,3811.800711699676
2022-06-01,3766.242096103585
2022-06-02,3875.187302225797
2022-06-03,3826.7886255839685
2022-06-06,3805.797908481808
2022-06-07,3843.8855637403526
2022-06-08,3759.6798333423058
2022-06-09,3690.835020110931
2022-06-10,3627.5378024123506
2022-06-13,3454.040990211379
2022-06-14,3490.1601063184157
2022-06-15,3611.920961727633
2022-06-16,3455.3754039935834
2022-06-17,3422.9374875288413
2022-06-21,3511.1207416414973
2022-06-22,3566.6035512475155
2022-06-23,3714.4388791600786
2022-06-24,3753.8081481769295
2022-06-27,3998.4122689100714
2022-06-28,3963.4126554149134
2022-06-29,3835.665626275895
2022-06-30,3618.92674405696
2022-07-01,3617.4597760328775
2022-07-05,3588.3748234332315
2022-07-06,3520.4780607265734
2022-07-07,3683.38726753439
2022-07-08,3668.7555911354034
2022-07-11,3563.4530384272975
2022-07-12,3500.839034267189
2022-07-13,3556.268064251598
2022-07-14,3396.9809083068253
2022-07-15,3493.5666453175154
2022-07-18,3568.700232952162
2022-07-19,3707.5174847154503
2022-07-20,3731.39841400674
2022-07-21,3653.382725146356
2022-07-22,3605.570076560116
2022-07-25,3723.441389860252
2022-07-26,3701.0764976576347
2022-07-27,3834.1902780423598
2022-07-28,3914.6232235133766
2022-07-29,4008.759195601653
2022-08-01,3980.25886831349
2022-08-02,3950.39816078551
2022-08-03,3955.735320010622
2022-08-04,3920.9160358396357
2022-08-05,3948.587032025004
2022-08-08,3961.6611469378126
2022-08-09,3963.523462563455
2022-08-10,4154.835744423438
2022-08-11,4165.317474500419
2022-08-12,4210.467087271568
2022-08-15,4241.474700644394
2022-08-16,4258.881711586306
2022-08-17,4204.817512334027
2022-08-18,4256.5189938232015
2022-08-19,4178.7423200970825
2022-08-22,4102.174462855835
2022-08-23,4176.391304111477
2022-08-24,4225.5589448249175
2022-08-25,4134.765865207692
2022-08-26,3977.58120833768
2022-08-29,3994.4647701440085
2022-08-30,3953.688155309144
2022-08-31,3952.4330579436414
2022-09-01,3949.9181095500912
2022-09-02,3902.7884584792023
2022-09-06,3869.5742544617046
2022-09-07,3951.1534748850377
2022-09-08,3976.2196693934643
2022-09-09,4024.792282307238
2022-09-12,4075.409089099552
2022-09-13,3928.7401737904015
2022-09-14,3897.360333037228
2022-09-15,3873.614886240775
2022-09-16,3872.5303444014467
2022-09-19,3908.523558779796
2022-09-20,3852.5457483917344
2022-09-21,3792.5143941542237
2022-09-22,3773.350088543314
2022-09-23,3712.3605637417895
2022-09-26,3661.239747389094
2022-09-27,3717.049046761204
2022-09-28,3791.1217695004525
2022-09-29,3661.8857515353934
2022-09-30,3667.9412093225083
2022-10-03,3813.436931053054
2022-10-04,4054.739450538137
2022-10-05,4028.6659560196567
2022-10-06,4006.307792946231
2022-10-07,3983.903473165886
2022-10-10,3948.375369000305
2022-10-11,3873.7843814448606
2022-10-12,3904.493401785982
2022-10-13,4017.9339473062496
2022-10-14,3827.084804677623
2022-10-17,3922.8054509331846
2022-10-18,3921.441434151881
2022-10-19,3847.1951215604167
2022-10-20,3872.5673923317318
2022-10-21,3995.9186566585217
2022-10-24,4035.2912243755463
2022-10-25,4252.67236771873
2022-10-26,4404.0827782598835
2022-10-27,4431.243393119153
2022-10-28,4461.576545528715
2022-10-31,4502.958600031081
2022-11-01,4506.075976727536
2022-11-02,4414.918793535876
2022-11-03,4435.284891653146
2022-11-04,4484.892059123993
2022-11-07,4882.458736382015
2022-11-08,4963.423331368822
2022-11-09,4935.126445854261
2022-11-10,4674.305063976504
2022-11-11,4618.232861679477
2022-11-14,4618.9673521434515
2022-11-15,4630.962099138832
2022-11-16,4621.003664033337
2022-11-17,4662.495051072383
2022-11-18,4720.084256304493
2022-11-21,4655.581816925785
2022-11-22,4755.416637359459
2022-11-23,4692.727974087281
2022-11-25,4722.7161270636125
2022-11-28,4659.283985190547
2022-11-29,4654.5963436127495
2022-11-30,4765.801959188143
2022-12-01,4723.761428319703
2022-12-02,4682.050908600488
2022-12-05,4509.516756025944
2022-12-06,4441.632813678508
2022-12-07,4448.829173321185
2022-12-08,4403.1115011463935
2022-12-09,4284.281587571513
2022-12-12,4381.054471206055
2022-12-13,4385.533750207748
2022-12-14,4387.025316061938
2022-12-15,4349.443444140883
2022-12-16,4351.337435182009
2022-12-19,4325.451443135496
2022-12-20,4442.871484128751
2022-12-21,4475.298589959011
2022-12-22,4479.119279475935
2022-12-23,4498.075397771322
2022-12-27,4489.501714694904
2022-12-28,4407.259371991232
2022-12-29,4494.5519693216675
2022-12-30,4461.624378478413
2023-01-03,4366.858279108704
2023-01-04,4374.52890678389
2023-01-05,4349.573216450506
2023-01-06,4520.275502701406
2023-01-09,4442.518577115486
2023-01-10,4467.112143185079
2023-01-11,4477.965513919049
2023-01-12,4446.569084318318
2023-01-13,4467.702923763794
2023-01-17,4436.8482396814115
2023-01-18,4345.489225633196
2023-01-19,4307.603550397714
2023-01-20,4327.0805801956285
2023-01-23,4331.050848737303
2023-01-24,4399.623941605088
2023-01-25,4408.06029710908
2023-01-26,4411.489855211161
2023-01-27,4331.787018374776
2023-01-30,4329.493753581208
2023-01-31,4413.126816116949
2023-02-01,4424.248942301346
2023-02-02,4378.595497525307
2023-02-03,4398.782284600738
2023-02-06,4402.041276801074
2023-02-07,4323.464368409941
2023-02-08,4330.157670043778
2023-02-09,4320.226801922827
2023-02-10,4395.729940599026
2023-02-13,4464.067522137958
2023-02-14,4474.964601513304
2023-02-15,4486.5845082671885
2023-02-16,4473.088955669478
2023-02-17,4557.1946044687265
2023-02-21,4451.881464449196
2023-02-22,4469.712632453512
2023-02-23,4486.635936089528
2023-02-24,4442.046583492525
2023-02-27,4471.288139843685
2023-02-28,4474.558774221197
2023-03-01,4511.430790356205
2023-03-02,4526.364484947947
2023-03-03,4596.779208032973
2023-03-06,4575.4153428388545
2023-03-07,4584.572211351902
2023-03-08,4605.316519564451
2023-03-09,4526.947778505664
2023-03-10,4409.671755445486
2023-03-13,4335.32720848152
2023-03-14,4459.572171030637
2023-03-15,4328.07921011822
2023-03-16,4522.038427956972
2023-03-17,4416.3652726078635
2023-03-20,4511.373819509434
2023-03-21,4630.220419104999
2023-03-22,4550.685077809724
2023-03-23,4614.207525336215
2023-03-24,4601.949374808707
2023-03-27,4624.331751270498
2023-03-28,4677.149622995491
2023-03-29,4733.220243203576
2023-03-30,4803.896356086881
2023-03-31,4888.158598856574
2023-04-03,4891.257310151795
2023-04-04,4747.045155950707
2023-04-05,4632.5327938610135
2023-04-06,4593.330954524706
2023-04-10,4646.934380289983
2023-04-11,4697.846821435131
2023-04-12,4729.447913528084
2023-04-13,4752.994490887866
2023-04-14,4760.739539136129
2023-04-17,4795.371352766127
2023-04-18,4813.874041559666
2023-04-19,4678.452255084844
2023-04-20,4776.531578245191
2023-04-21,4745.649388770281
2023-04-24,4766.630039668265
2023-04-25,4713.377954442693
2023-04-26,4708.647808237398
2023-04-27,4766.08093585859
2023-04-28,4774.405198596559
2023-05-01,4799.550130055112
2023-05-02,4776.685004773149
2023-05-03,4800.03888206312
2023-05-04,4803.690383771554
2023-05-05,4860.39084671447
2023-05-08,4965.794600113688
2023-05-09,5019.411380424675
2023-05-10,5164.460459838376
2023-05-11,5028.811134900618
2023-05-12,4998.085578929079
2023-05-15,4986.74965942758
2023-05-16,4907.949137528468
2023-05-17,4902.195799733996
2023-05-18,4876.33678774908
2023-05-19,4867.813071905465
2023-05-22,4857.153027290236
2023-05-23,4818.916411231277
2023-05-24,4754.134185332362
2023-05-25,4722.898048462932
2023-05-26,4732.106527959754
2023-05-30,4661.939733609118
2023-05-31,4686.347345783008
2023-06-01,4720.866244378241
2023-06-02,4768.063662659761
2023-06-05,4745.358424794673
2023-06-06,4730.6588542189975
2023-06-07,4673.250823906003
2023-06-08,4684.4399916667835
2023-06-09,4678.081450652003
2023-06-12,4719.488580368646
2023-06-13,4718.76628130302
2023-06-14,4590.021977382893
2023-06-15,4610.728179383789
2023-06-16,4571.1445376920565
2023-06-20,4566.276572350267
2023-06-21,4567.779265103523
2023-06-22,4587.222366334068
2023-06-23,4581.108776901172
2023-06-26,4586.324252597789
2023-06-27,4630.2682815989665
2023-06-28,4654.895130187342
2023-06-29,4700.07575741245
2023-06-30,4754.666970356074
2023-07-03,4743.226548538511
2023-07-05,4721.716538978066
2023-07-06,4671.326115161044
2023-07-07,4658.40242445968
2023-07-10,4680.83892566676
2023-07-11,4677.172759798586
2023-07-12,4700.471416692989
2023-07-13,4714.130055431656
2023-07-14,4750.3574929426495
2023-07-17,4807.152382976505
2023-07-18,4845.400175681053
2023-07-19,4839.3976560504225
2023-07-20,4798.938271318887
2023-07-21,4800.983713319666
2023-07-24,4790.706729270826
2023-07-25,4870.021520524835
2023-07-26,4887.630528758982
2023-07-27,4750.187543499442
2023-07-28,4785.0092456319235
2023-07-31,4811.502638250091
2023-08-01,4813.532843623803
2023-08-02,4818.631296102152
2023-08-03,4753.395923862969
2023-08-04,4557.445364428381
2023-08-07,4639.237855149614
2023-08-08,4605.913695303924
2023-08-09,4582.793034173014
2023-08-10,4583.945748670087
2023-08-11,4578.136483998704
2023-08-14,4590.4180684927915
2023-08-15,4538.5199948285435
2023-08-16,4500.772488491556
2023-08-17,4451.618300277543
2023-08-18,4469.290398596837
2023-08-21,4494.974509625494
2023-08-22,4485.8052665197565
2023-08-23,4526.010144265368
2023-08-24,4473.887510312413
2023-08-25,4485.212101629072
2023-08-28,4494.334530235054
2023-08-29,4548.046892289957
2023-08-30,4546.707377215552
2023-08-31,4558.881209100256
2023-09-01,4628.4982314275685
2023-09-05,4577.290192290897
2023-09-06,4591.088862891121
2023-09-07,4622.588339351183
2023-09-08,4606.564213412024
2023-09-11,4617.842688461211
2023-09-12,4591.389741303505
2023-09-13,4573.021905231853
2023-09-14,4600.564765000907
2023-09-15,4575.542805202583
2023-09-18,4574.122237275771
2023-09-19,4557.053568325391
2023-09-20,4612.432345928476
2023-09-21,4560.523154598195
2023-09-22,4544.887265855658
2023-09-25,4562.508081833563
2023-09-26,4475.894242406591
2023-09-27,4507.309073102194
2023-09-28,4512.893906892358
2023-09-29,4462.589477412678
2023-10-02,4385.758098963945
2023-10-03,4357.854566929178
2023-10-04,4367.707155520474
2023-10-05,4352.0019273832495
2023-10-06,4371.992761880193
2023-10-09,4401.68856024055
2023-10-10,4425.480670638094
2023-10-11,4428.327799821245
2023-10-12,4329.910643257492
2023-10-13,4242.883785818281
2023-10-16,4260.354536468547
2023-10-17,4322.81488837718
2023-10-18,4225.404360369708
2023-10-19,4162.999048541157
2023-10-20,4118.9173911448115
2023-10-23,4137.102526808986
2023-10-24,4173.69512112168
2023-10-25,4119.122076915841
2023-10-26,4222.506482717251
2023-10-27,4355.591128062666
2023-10-30,4434.465086254276
2023-10-31,4378.751189607891
2023-11-01,4340.591435547168
2023-11-02,4498.861254369346
2023-11-03,4644.162539084341
2023-11-06,4613.203528012196
2023-11-07,4592.79639295677
2023-11-08,4560.292624257872
2023-11-09,4525.133633910164
2023-11-10,4510.556708493874
2023-11-13,4502.52225181241
2023-11-14,4567.957798578143
2023-11-15,4553.692708893626
2023-11-16,4566.572382022148
2023-11-17,4593.221317266626
2023-11-20,4606.518860734335
2023-11-21,4623.621665143737
2023-11-22,4653.760573376744
2023-11-24,4667.202061217291
2023-11-27,4641.008411451393
2023-11-28,4632.301762601376
2023-11-29,4654.699334807297
2023-11-30,4662.645354181781
2023-12-01,4707.379498448584
2023-12-04,4700.150573400126
2023-12-05,4654.3038387216875
2023-12-06,4665.4235789395
2023-12-07,4661.115643346778
2023-12-08,4648.544332918801
2023-12-11,4722.195419169596
2023-12-12,4739.377353439916
2023-12-13,4810.743862061773
2023-12-14,4769.183409535063
2023-12-15,4748.490458393433
2023-12-18,4795.575381923626
2023-12-19,4810.656473461401
2023-12-20,4805.243976194453
2023-12-21,4866.799998068679
2023-12-22,4871.866672292459
2023-12-26,4877.977623647408
2023-12-27,4844.221827659707
2023-12-28,4744.761949830678
2023-12-29,4737.410578839548
2024-01-02,4689.676178100719
2024-01-03,4660.106986372433
2024-01-04,4591.563449929785
2024-01-05,4492.440099269324
2024-01-08,4553.849581168893
2024-01-09,4547.127428076762
2024-01-10,4573.6024747069905
2024-01-11,4596.36067765117
2024-01-12,4628.197991543858
2024-01-16,4659.056664114275
2024-01-17,4676.7937615924275
2024-01-18,4715.160303306683
2024-01-19,4713.791950842289
2024-01-22,4735.33337764304
2024-01-23,4739.046733094355
2024-01-24,4705.622109082666
2024-01-25,4738.784912103043
2024-01-26,4761.363156485295
2024-01-29,4805.559427424941
2024-01-30,4805.7644113938595
2024-01-31,4773.106778153499
2024-02-01,4831.69121792781
2024-02-02,4827.199324657423
2024-02-05,4766.563856186425
2024-02-06,4813.010478767109
2024-02-07,4840.922837920135
2024-02-08,4834.50388633405
2024-02-09,4824.170438850414
2024-02-12,4848.928145334962
2024-02-13,4905.566601938463
2024-02-14,4924.011104452689
2024-02-15,4927.225848600668
2024-02-16,4928.20599622935
2024-02-20,4887.956879059016
2024-02-21,4912.704017297866
2024-02-22,5006.051557362144
2024-02-23,5031.178536060999
2024-02-26,5048.506867765505
2024-02-27,5047.288830906791
2024-02-28,5047.7006274007545
2024-02-29,5066.5340179027
2024-03-01,5077.499496912861
2024-03-04,5050.081351712185
2024-03-05,4969.41991718339
2024-03-06,4973.320353750898
2024-03-07,5035.7968474454765
2024-03-08,5031.551285278563
2024-03-11,4957.566520889168
2024-03-12,5001.66720886064
2024-03-13,5036.5572155275395
2024-03-14,4988.508397223166
2024-03-15,4998.011334336222
2024-03-18,4982.778191208281
2024-03-19,5008.672805239157
2024-03-20,5072.848613573118
2024-03-21,5156.560809464083
2024-03-22,5105.712144357831
2024-03-25,5106.72597523497
2024-03-26,5109.503632257869
2024-03-27,5172.171516933035
2024-03-28,5195.558640392784
2024-04-01,5166.361862879339
2024-04-02,5160.274804545103
2024-04-03,5154.646669707331
2024-04-04,5084.549455896882
2024-04-05,5158.333099500626
2024-04-08,5170.947930897941
2024-04-09,5134.495029902949
2024-04-10,5138.641313930532
2024-04-11,5109.87389881497
2024-04-12,5040.947054955801
2024-04-15,4969.42015909831
2024-04-16,4938.249523333205
2024-04-17,4911.489327485378
2024-04-18,4914.569216952801
2024-04-19,4965.15729095286
2024-04-22,5010.294089379311
2024-04-23,5037.5172523349465
2024-04-24,5019.159095177907
2024-04-25,5024.781455005298
2024-04-26,5132.67203015626
2024-04-29,5178.885539051271
2024-04-30,5087.677369736326
2024-05-01,5055.474732997083
2024-05-02,5137.285254324798
2024-05-03,5161.77901194472
2024-05-06,5253.151533145279
2024-05-07,5281.4232063690415
2024-05-08,5272.907151893756
2024-05-09,5346.724094836112
2024-05-10,5330.994890657795
2024-05-13,5291.978575416211
2024-05-14,5372.861103614336
2024-05-15,5400.50954166581
2024-05-16,5323.368751611
2024-05-17,5369.428778426801
2024-05-20,5417.358753329171
2024-05-21,5477.640167437558
2024-05-22,5300.398157186781
2024-05-23,5329.789830749003
2024-05-24,5458.8422462791195
2024-05-28,5432.710044066633
2024-05-29,5439.983243670696
2024-05-30,5523.7163984440995
2024-05-31,5587.001939288131
2024-06-03,5470.00000546104
2024-06-04,5399.664307726048
2024-06-05,5507.829886750566
2024-06-06,5445.2384587334345
2024-06-07,5400.796560284618
2024-06-10,5751.430235846792
2024-06-11,5843.550459844515
2024-06-12,5873.08975166006
2024-06-13,5829.979041153425
2024-06-14,5746.5481280812655
2024-06-17,5851.494192990875
2024-06-18,5924.527325526682
2024-06-20,5919.834913834684
2024-06-21,5896.839792073406
2024-06-24,5948.408273845104
2024-06-25,5905.172621291387
2024-06-26,5877.00467882805
2024-06-27,5862.4536094265195
2024-06-28,5929.5169038026515
2024-07-01,5816.350101226147
2024-07-02,5887.795912738874
2024-07-03,5938.887396795628
2024-07-05,5905.123095230529
2024-07-08,5906.219696694576
2024-07-09,5874.061524210035
2024-07-10,5942.345923401003
2024-07-11,5969.498229460661
2024-07-12,5985.608221844899
2024-07-15,5979.710812496508
2024-07-16,6119.293659318638
2024-07-17,6059.149035347848
2024-07-18,6001.284258367761
2024-07-19,5970.345219694991
2024-07-22,6080.103805237688
2024-07-23,6164.799395541391
2024-07-24,6118.224722994102
2024-07-25,6184.19077016314
2024-07-26,6261.943740946535
2024-07-29,6187.994900892838
2024-07-30,6183.113235029241
2024-07-31,6227.777432401022
2024-08-01,6184.973071979524
2024-08-02,5940.820328767561
2024-08-05,5830.721657729767
2024-08-06,5963.026338757069
2024-08-07,5858.870061529273
2024-08-08,6143.518631134256
2024-08-09,6633.930674455281
2024-08-12,6638.539468592089
2024-08-13,6642.82270452038
2024-08-14,6693.657922675327
2024-08-15,6712.879629094126
2024-08-16,6766.3259105052075
2024-08-19,6802.037383222946
2024-08-20,6762.741364268106
2024-08-21,6808.200510310333
2024-08-22,6807.007726335922
2024-08-23,6902.57389152865
2024-08-26,6866.8187990692095
2024-08-27,6914.070739259527
2024-08-28,6892.89715638827
2024-08-29,6916.780058908233
2024-08-30,6996.980641798146
2024-09-03,6958.323349084156
2024-09-04,6951.554658245992
2024-09-05,6946.715474871144
2024-09-06,6716.113977717125
2024-09-09,6714.014409307957
2024-09-10,6733.69611779412
2024-09-11,6791.642154771578
2024-09-12,6849.532369128932
2024-09-13,6924.22110842272
2024-09-16,7003.522879537028
2024-09-17,6904.1499296385455
2024-09-18,6869.050776233662
2024-09-19,6902.0587610898265
2024-09-20,6910.9441230267785
2024-09-23,6989.687944555286
2024-09-24,7012.802638158469
2024-09-25,7002.451902043891
2024-09-26,6973.9323598139945
2024-09-27,6922.38743704523
2024-09-30,6962.271439830816
2024-10-01,6923.425007635839
2024-10-02,6938.985410486355
2024-10-03,6854.268784971258
2024-10-04,6864.20871007809
2024-10-07,6807.983738032314
2024-10-08,6822.119604824111
2024-10-09,6851.270149647492
2024-10-10,6857.235491599951
2024-10-11,6989.402018647686
2024-10-14,6956.295907891225
2024-10-15,7082.828249317726
2024-10-16,7137.532663921503
2024-10-17,7067.0515306339685
2024-10-18,7106.12625550959
2024-10-21,7166.120331143597
2024-10-22,7166.638875150609
2024-10-23,7124.530607062295
2024-10-24,7188.15902934895
2024-10-25,7199.525682928841
2024-10-28,7260.729442023021
2024-10-29,7273.28459785501
2024-10-30,7272.712212545497
2024-10-31,7228.276732389761
2024-11-01,7318.782297664485
2024-11-04,7279.401851389114
2024-11-05,7377.111162319546
2024-11-06,7795.691891020564
2024-11-07,7763.99498238514
2024-11-08,8471.683031381384
2024-11-11,8730.019716183306
2024-11-12,8676.350635150338
2024-11-13,8697.076524178126
2024-11-14,8650.629592220273
2024-11-15,8525.924119167039
2024-11-18,8617.784879649897
2024-11-19,8758.992989934464
2024-11-20,8721.392835256685
2024-11-21,8848.661172174185
2024-11-22,8812.476992052465
2024-11-25,8970.11582849682
2024-11-26,8991.103837605218
2024-11-27,8919.91549498477
2024-11-29,8953.213436441576
2024-12-02,8807.138762459894
2024-12-03,8793.428648713456
2024-12-04,8835.117266629757
2024-12-05,8798.87287109928
2024-12-06,8801.804010734188
2024-12-09,8733.185496633405
2024-12-10,8738.004899776517
2024-12-11,8655.904699350604
2024-12-12,8642.614816774212
2024-12-13,8612.899297014239
2024-12-16,8608.8296857203
2024-12-17,8561.52819746961
2024-12-18,8328.057626212407
2024-12-19,8354.379963011044
2024-12-20,8440.698540115089
2024-12-23,8446.992424219625
2024-12-24,8509.348655211068
2024-12-26,8538.155726779858
2024-12-27,8470.663279247976
2024-12-30,8407.026746528232
2024-12-31,8417.223315450741
2025-01-02,8409.166918272405
2025-01-03,8457.522767395538
2025-01-06,8386.988638103667
2025-01-07,8371.543111836543
2025-01-08,8462.534361274886
2025-01-10,8279.3090368555
2025-01-13,8317.145502390027
2025-01-14,8413.378706543977
2025-01-15,8514.824739474258
2025-01-16,8604.600811744027
2025-01-17,8662.459399656513
2025-01-21,8802.923224851478
2025-01-22,8938.014412229313
2025-01-23,9077.410026445763
2025-01-24,9041.41641611358
2025-01-27,8913.663152022067
2025-01-28,9048.246150287767
2025-01-29,9027.296540829362
2025-01-30,9149.535783756271
2025-01-31,9099.846699164704
2025-02-03,9102.503699551988
2025-02-04,9074.864009765519
2025-02-05,9154.510898355664
2025-02-06,9168.28263037593
2025-02-07,9116.465386690119
2025-02-10,9123.09467410499
2025-02-11,8881.25580364494
2025-02-12,8880.624728390116
2025-02-13,9008.916506954223
2025-02-14,8672.962382468866
2025-02-18,8766.977295412142
2025-02-19,9038.856622843912
2025-02-20,8811.921783946307
2025-02-21,8632.108139849754
2025-02-24,8589.997600041625
2025-02-25,8776.72422566683
2025-02-26,8952.264453479062
2025-02-27,8837.957482018448
2025-02-28,9003.393359327347
2025-03-03,8707.273461862867
2025-03-04,8440.27186256666
2025-03-05,8560.90610726679
2025-03-06,8260.81889771983
2025-03-07,8348.763647524796
2025-03-10,7953.639497461134
2025-03-11,8033.362957800711
2025-03-12,8042.916996251726
2025-03-13,7866.529073426693
2025-03-14,8030.806331319362
2025-03-17,8229.781551580048
2025-03-18,8127.899021146016
2025-03-19,8304.031723260008
2025-03-20,8251.687330929608
2025-03-21,8267.658014897383
2025-03-24,8427.61333303233
2025-03-25,8412.014835307455
2025-03-26,8435.89490816299
2025-03-27,8465.684766730767
2025-03-28,8313.834954958245
2025-03-31,8370.980195362383
2025-04-01,8451.969233425367
2025-04-02,8537.862699351139
2025-04-03,7965.520778223484
2025-04-04,7515.717782151755
2025-04-07,7302.774858748623
2025-04-08,7222.9705009829295
2025-04-09,7531.051148384927
2025-04-10,7547.098555789369
2025-04-11,7692.656227143093
2025-04-14,7854.508605512665
2025-04-15,7715.203383972663
2025-04-16,7631.374427105515
2025-04-17,7452.319260490006
2025-04-21,7186.21110950225
2025-04-22,7447.694284538337
2025-04-23,7433.685652734172
2025-04-24,7416.533531675027
2025-04-25,7093.737685690517
2025-04-28,7166.647349770872
2025-04-29,7147.094840623137
2025-04-30,7253.337165735399
2025-05-01,7192.264266902659
2025-05-02,7367.596687091664
2025-05-05,7393.977622995073
2025-05-06,7471.28327555058
2025-05-07,7522.798025858789
2025-05-08,7472.672565052542
2025-05-09,7430.040908419217
2025-05-12,7332.341732522965
2025-05-13,7368.650695303975
2025-05-14,7755.296822525682
2025-05-15,7924.141313606472
2025-05-16,7930.102882386056
2025-05-19,7979.85890379374
2025-05-20,7987.954801403363
2025-05-21,7887.209434672175
2025-05-22,7847.78883189002
2025-05-23,7857.5886096771665
2025-05-27,7931.5180811988
2025-05-28,7858.471473818208
2025-05-29,7854.586929317042
2025-05-30,7994.575381812328
2025-06-02,8012.218756242422
2025-06-03,7992.67382460921
2025-06-04,7948.36947416461
2025-06-05,7914.670640252767
2025-06-06,7920.791805187959
2025-06-09,7807.860100113687
2025-06-10,7729.3806199962555
2025-06-11,7787.840554718351
2025-06-12,7825.857982646863
2025-06-13,7777.27067416698
2025-06-16,7793.19065185857
2025-06-17,7752.983427312068
2025-06-18,7700.861231673268
2025-06-20,7697.666436266366
2025-06-23,7659.862488886347
2025-06-24,7626.643843665493
2025-06-25,7398.69681463723
2025-06-26,7479.230796232437
2025-06-27,7595.035240594258
2025-06-30,7669.985257280249
2025-07-01,7570.612792294991
2025-07-02,7597.202828434102
2025-07-03,7731.016137413919
2025-07-07,7709.832526331444
2025-07-08,7635.3694423429215
2025-07-09,7703.881732417415
2025-07-10,7624.199218426217
2025-07-11,7516.0498677670585
2025-07-14,7567.690316882117
2025-07-15,7488.264715057606
2025-07-16,7487.064447004324
2025-07-17,7474.084880552766
2025-07-18,7416.009780316558
2025-07-21,7445.457183069205
2025-07-22,7444.194816991056
2025-07-23,7471.410690744172
2025-07-24,7476.8324827272445
2025-07-25,7617.68179334411
2025-07-28,7541.169220627582
2025-07-29,7514.396532008901
2025-07-30,7575.204590479636
2025-07-31,7526.567324355328
2025-08-01,7398.146106397128
2025-08-04,7515.259102201301
2025-08-05,7475.499716145987
2025-08-06,7512.2409700042745
2025-08-07,7812.4798358137305
2025-08-08,7753.830119456689
2025-08-11,7657.280042222382
2025-08-12,7747.170537406843
2025-08-13,7866.610265003725
2025-08-14,7804.899330234046
2025-08-15,7826.911557471482
2025-08-18,7823.6825216081525
2025-08-19,7725.953223090472
2025-08-20,7737.491189461549
2025-08-21,7726.674418598809
2025-08-22,7776.487400934502
2025-08-25,7687.255167881648
2025-08-26,7693.103308219732
2025-08-27,7696.285358584263
2025-08-28,7671.6014959079985
2025-08-29,7702.842075880921
2025-09-02,7693.3717611160755
2025-09-03,7660.022719762757
2025-09-04,7682.2146277095
2025-09-05,7663.542187295016
2025-09-08,7617.14007958687
2025-09-09,7637.986595204014
2025-09-10,7654.420735583865
2025-09-11,7791.834101314412
2025-09-12,7771.037862850665
2025-09-15,7688.73977777922
2025-09-16,7646.748539631954
2025-09-17,7692.799477891314
2025-09-18,7712.753543323683
2025-09-19,7750.037675285934
2025-09-22,7765.8335285414305
2025-09-23,7712.063262767593
2025-09-24,7658.236891767877
2025-09-25,7592.156618169535
2025-09-26,7565.4047376611
2025-09-29,7503.31001265079
2025-09-30,7542.493477521807
2025-10-01,7606.8466176925795
2025-10-02,7468.054913080432
2025-10-03,7447.835293176985
2025-10-06,7326.48125828622
2025-10-07,7286.215381566254
2025-10-08,7254.765562811175
2025-10-09,7284.203069940132
2025-10-10,7225.210612843632
2025-10-13,7265.631538017633
2025-10-14,7385.683661819166
2025-10-15,7357.741660442628
2025-10-16,7324.83925307284
2025-10-17,7355.18157573224
2025-10-20,7309.484710406786
2025-10-21,7394.129902238795
2025-10-22,7321.595408640225
2025-10-23,7316.629251838813
2025-10-24,7315.988187851217
2025-10-27,7350.021318869041
2025-10-28,7321.637729577802
2025-10-29,7264.591118169272
2025-10-30,6996.065935243527
2025-10-31,7062.554957982753
2025-11-03,7015.012998794209
2025-11-04,7088.973850294531
2025-11-05,7185.274740028408
2025-11-06,7159.672387736822
2025-11-07,7204.990218430255
2025-11-10,7219.345459151978
2025-11-11,7325.765799149082
2025-11-12,7371.144680903649
2025-11-13,7395.436981045405
2025-11-14,7343.12117371484
2025-11-17,7313.560677257693
2025-11-18,7333.565144672094
2025-11-19,7315.964688977441
2025-11-20,7209.2225004625225
2025-11-21,7228.366450793615
2025-11-24,7327.329732362298
2025-11-25,7318.243488653421
2025-11-26,7366.719274547887
2025-11-28,7349.330557531306
2025-12-01,7151.117897098053
2025-12-02,7115.0538125787825
2025-12-03,7066.969395758189
2025-12-04,7062.481147991972
2025-12-05,6905.968819791591
2025-12-08,6870.26190860016
2025-12-09,6854.135082503082
2025-12-10,6942.599717969739
2025-12-11,7121.594613510135
2025-12-12,7117.238463160065
2025-12-15,7144.022216569991
2025-12-16,7110.565645676481
2025-12-17,7150.774948316815
2025-12-18,7158.073609104527
2025-12-19,7139.124158262692
2025-12-22,7214.574062735554
2025-12-23,7198.5694999164825
2025-12-24,7228.8216763643195
2025-12-26,7239.321087507792
2025-12-29,7260.749522360459
2025-12-30,7201.284958513289
2025-12-31,7132.156990539527
2026-01-02,7151.451594765445
2026-01-05,7226.6818149733535
2026-01-06,7256.089706287942
2026-01-07,7205.977516987426
2026-01-08,7318.490025589317
2026-01-09,7292.086841821066
2026-01-12,7234.283277769556
2026-01-13,7194.758072542117
2026-01-14,7167.613723355509
2026-01-15,7151.0907717420205
2026-01-16,7012.54665455841
2026-01-20,6989.307916934294
2026-01-21,7004.5102554171735
2026-01-22,7017.755211541004
2026-01-23,6933.896172637151
2026-01-26,6991.056273101651
2026-01-27,7074.599119600943
2026-01-28,7067.563198570775
2026-01-29,7128.990172927051
2026-01-30,7175.7271199828165
2026-02-02,7252.262426970357
2026-02-03,7255.336037496273
2026-02-04,7076.05136331354
2026-02-05,6945.538336241425
2026-02-06,7137.5922985166735
2026-02-09,7148.853656404313
2026-02-10,7085.776302921997
2026-02-11,7140.885097119101
2026-02-12,6971.3810499509655
2026-02-13,7098.437356527271
2026-02-17,7021.452347637786
2026-02-18,7157.2234698702805
2026-02-19,7239.003947943426
2026-02-20,7235.198276488908
2026-02-23,7300.821514010578
2026-02-24,7350.310754679604
2026-02-25,7409.683281366127
2026-02-26,7410.743040799862
2026-02-27,7458.647625448044
2026-03-02,7481.141821706966
2026-03-03,7316.638997874361
2026-03-04,7315.5475841198
2026-03-05,7145.660915955892
2026-03-06,7115.3026373411385
2026-03-09,7227.29663830686
2026-03-10,7359.971068682068
2026-03-11,7497.895716919859
2026-03-12,7460.727484506033
2026-03-13,7337.931653017872
2026-03-16,7465.016194101657
2026-03-17,7629.830009966914
2026-03-18,7658.794494134307
2026-03-19,7632.540305698086
2026-03-20,7465.298632097584
2026-03-23,7568.042239650146
2026-03-24,7734.6044562716315
2026-03-25,7762.4388838333725
2026-03-26,7589.3255010552375
2026-03-27,7463.116712345581
2026-03-30,7383.63072022934
2026-03-31,7712.274738856968
2026-04-01,7986.455138797888
2026-04-02,7957.980088912398
2026-04-06,7935.616800858237
2026-04-07,8011.969148025864
2026-04-08,8060.121535136475
2026-04-09,7987.66896397508
2026-04-10,8084.515108441543
2026-04-13,8023.255589131142
2026-04-14,7955.949489056248
2026-04-15,7950.02225903316
2026-04-16,8041.676177438205
2026-04-17,7857.625248013401
2026-04-20,7910.5540961686465
2026-04-21,8067.320369035222
2026-04-22,8248.306806826678
2026-04-23,8571.473885631069
2026-04-24,8563.158486545732
2026-04-27,8544.538756481606
2026-04-28,8562.581966801516
2026-04-29,8675.756468423426
2026-04-30,8773.13679703219
2026-05-01,8707.757795680687
2026-05-04,8838.382150523994
2026-05-05,8917.549405687058
2026-05-06,8880.35077488649
2026-05-07,8598.950855585845
2026-05-08,8586.357589547179
2026-05-11,8683.913979942934
2026-05-12,8773.109843250431
2026-05-13,8757.718666115406
2026-05-14,8789.268348026486
2026-05-15,8802.257916340966
2026-05-18,8832.465608155484
2026-05-19,8775.996907087681
2026-05-20,8819.721610255665
2026-05-21,8836.951318719317
2026-05-22,8998.998392567495
2026-05-26,9032.48365170483
2026-05-27,8803.467932396381
2026-05-28,8661.980235219828
2026-05-29,8714.923995817584
2026-06-01,8810.77410261556
2026-06-02,9049.127893861409
2026-06-03,9111.237142002083
2026-06-04,9130.944957876829
2026-06-05,8764.253389912394
2026-06-08,8876.391271572942
2026-06-09,8827.220047213528
2026-06-10,8683.327034613127
2026-06-11,8882.023919473957
2026-06-12,9025.300700248186
2026-06-15,9028.480990535765
2026-06-16,8941.673993888227
2026-06-17,8905.35138283604
2026-06-18,9076.134078147647
2026-06-22,9218.303291893011
2026-06-23,8851.973677718868
2026-06-24,8817.393822397371
2026-06-25,8996.93920854496
2026-06-26,8862.679151831095
2026-06-29,8937.487755169948
2026-06-30,9129.236697708995
2026-07-01,8920.699616718306
2026-07-02,8662.704954703318
2026-07-06,8663.134947899465
2026-07-07,8440.23066396356
2026-07-08,8557.196026129934
2026-07-09,8691.035380136735
2026-07-10,8682.4487312634
2026-07-13,8603.823645052744
2026-07-14,8641.44589373598
2026-07-15,8525.65152155175
2026-07-16,8577.427401946992
2026-07-17,8546.087480903647
2026-07-20,8553.918792799574
2026-07-21,8723.905043045126
2026-07-22,8671.923675522816
2026-07-23,8671.844032756746
2026-07-24,8503.245317031415
2026-07-27,8481.636599180161
2026-07-28,8274.238226291953
2026-07-29,8121.531006754107
2026-07-30,8419.921374864345
2026-07-31,8654.841288495898
2026-08-03,8718.429532659831
2026-08-04,8969.735874918657
2026-08-05,9010.066267455442
2026-08-06,8851.574050501256
2026-08-07,9325.098472848224
2026-08-10,9289.804711013174
2026-08-11,9291.344326974518
2026-08-12,9362.50843200516
2026-08-13,9599.687697882302
2026-08-14,9435.510540268628
2026-08-17,9262.780322394206
2026-08-18,9237.164701474729
2026-08-19,9498.18279218877
2026-08-20,9227.110678933033
2026-08-21,9342.104512524136
2026-08-24,9345.777360270953
2026-08-25,9228.957812495693
2026-08-26,9317.227891757913
2026-08-27,9178.927030458726
2026-08-28,9070.530355997866
2026-08-31,9027.43492174036
2026-09-01,8892.596969090946
2026-09-02,8902.582599023233
2026-09-03,9005.362221785414
2026-09-04,9025.7643896714
2026-09-08,8930.739940199262
2026-09-09,8936.233383182058
2026-09-10,8817.813681924945
2026-09-11,8836.258259420125
2026-09-14,8849.860622334947
2026-09-15,8776.935968261363
2026-09-16,8737.853243843341
2026-09-17,8704.575325936104
2026-09-18,8715.046631550395
2026-09-21,8707.729898764816
2026-09-22,8646.756767882609
2026-09-23,8572.456272268975
2026-09-24,8573.317418783265
2026-09-25,8724.407113290912
