,v10_goal_stop3
2017-01-04,1006.9549455150841
2017-01-05,1000.1627087358421
2017-01-06,992.8782310581313
2017-01-09,975.0163644288226
2017-01-10,984.37770178454
2017-01-11,1006.284144507016
2017-01-12,1001.0281162427221
2017-01-13,1005.5221553994862
2017-01-17,983.3767009718125
2017-01-18,995.2483367414678
2017-01-19,1000.0329195131679
2017-01-20,1003.9109486370288
2017-01-23,1001.9251296984362
2017-01-24,1005.408769735151
2017-01-25,988.9507614817679
2017-01-26,988.863668161399
2017-01-27,989.8559978246926
2017-01-30,979.2845331777536
2017-01-31,982.5780495122938
2017-02-01,978.8654444859926
2017-02-02,982.2740404019416
2017-02-03,981.9036669026739
2017-02-06,979.7253029557004
2017-02-07,978.844185434159
2017-02-08,988.2600282171206
2017-02-09,994.9366710226274
2017-02-10,997.8624337405972
2017-02-13,1002.4357336510494
2017-02-14,1001.9882785457502
2017-02-15,1007.889170370409
2017-02-16,1006.5924720907686
2017-02-17,996.9618401475982
2017-02-21,995.4568010426749
2017-02-22,994.7628970784281
2017-02-23,986.0344265593242
2017-02-24,991.2181183487974
2017-02-27,990.8224976946924
2017-02-28,985.1467424212244
2017-03-01,1007.2643645172302
2017-03-02,997.3918092277604
2017-03-03,1004.7545277410886
2017-03-06,1001.5319912824556
2017-03-07,997.9005613624095
2017-03-08,993.5223206688502
2017-03-09,992.6590157700178
2017-03-10,996.3868751413141
2017-03-13,994.7074017378385
2017-03-14,991.7465430988237
2017-03-15,994.5829061641784
2017-03-16,991.4793428918239
2017-03-17,987.0008287651281
2017-03-20,987.1889342360429
2017-03-21,976.4026141778664
2017-03-22,985.7259631196491
2017-03-23,986.5657435839305
2017-03-24,980.857758782779
2017-03-27,979.7159369689949
2017-03-28,986.1886315874291
2017-03-29,990.0604062125034
2017-03-30,994.637409218602
2017-03-31,992.1092314021367
2017-04-03,990.8049253529541
2017-04-04,992.926494559033
2017-04-05,992.5392495981691
2017-04-06,995.4159910093804
2017-04-07,995.006465456484
2017-04-10,993.1358470201114
2017-04-11,998.783828943984
2017-04-12,993.3020710792969
2017-04-13,989.3798176635946
2017-04-17,995.682079113278
2017-04-18,1002.3770357560419
2017-04-19,1001.9021860465635
2017-04-20,1005.8242626620713
2017-04-21,1012.2064599701906
2017-04-24,1021.6572545289886
2017-04-25,1023.5157667372831
2017-04-26,1017.8389849256606
2017-04-27,1020.394100187689
2017-04-28,1017.1940891360049
2017-05-01,1014.2602689321984
2017-05-02,1013.6774615045072
2017-05-03,1014.1331769520721
2017-05-04,1020.2655670508856
2017-05-05,1026.593598366842
2017-05-08,1027.4292559073247
2017-05-09,1027.0338950311184
2017-05-10,1029.4911468417072
2017-05-11,1030.8839368910226
2017-05-12,1021.2970855902869
2017-05-15,1032.4482988169018
2017-05-16,1033.3443092904727
2017-05-17,1013.3859832833255
2017-05-18,1016.9076320575635
2017-05-19,1032.9746673674915
2017-05-22,1029.034761142729
2017-05-23,1029.3995037896368
2017-05-24,1036.7917698986935
2017-05-25,1040.9600247146893
2017-05-26,1042.893813665346
2017-05-30,1040.799632924797
2017-05-31,1036.3886420081337
2017-06-01,1043.2310950554465
2017-06-02,1054.7971403857746
2017-06-05,1043.9895204069558
2017-06-06,1042.6497867261364
2017-06-07,1041.4550216180096
2017-06-08,1027.4297075485592
2017-06-09,1029.0574014731055
2017-06-12,1022.7819656079373
2017-06-13,1024.918522795982
2017-06-14,1031.9403491949097
2017-06-15,1034.326861641216
2017-06-16,1035.6453385245409
2017-06-19,1038.3117973900808
2017-06-20,1027.9213631755488
2017-06-21,1024.6846258701257
2017-06-22,1020.2903960461042
2017-06-23,1026.1197490214058
2017-06-26,1025.9524734743145
2017-06-27,1020.4554831069921
2017-06-28,1021.7269575912295
2017-06-29,1009.2981333589082
2017-06-30,1013.7289903942328
2017-07-03,1013.5998547188622
2017-07-05,1018.6529941324633
2017-07-06,1012.7841397425219
2017-07-07,1019.7470226154368
2017-07-10,1014.220574375008
2017-07-11,1011.4076445856755
2017-07-12,1015.4786152079521
2017-07-13,1016.3201873402917
2017-07-14,1026.2974598439869
2017-07-17,1030.5819253231816
2017-07-18,1031.4252673763042
2017-07-19,1035.9632786028471
2017-07-20,1036.914459073954
2017-07-21,1040.9110717333235
2017-07-24,1031.1947651686633
2017-07-25,1034.681440324223
2017-07-26,1018.5056727772043
2017-07-27,1017.5074097692906
2017-07-28,1019.7768989335293
2017-07-31,1017.4408155050232
2017-08-01,1031.551879409129
2017-08-02,1029.798498671614
2017-08-03,1032.588389971683
2017-08-04,1030.3907959539138
2017-08-07,1026.0773021997081
2017-08-08,1021.6107848206899
2017-08-09,1023.6880123138009
2017-08-10,1002.6563285135989
2017-08-11,1007.3323272885015
2017-08-14,1019.1723176009903
2017-08-15,1022.9018909658773
2017-08-16,1019.6249158378
2017-08-17,1010.4874781550865
2017-08-18,1009.8060303595853
2017-08-21,1012.1944016116381
2017-08-22,1021.0629036269659
2017-08-23,1016.1662421966398
2017-08-24,1016.2028871308041
2017-08-25,1015.4480020198398
2017-08-28,1014.5885933929173
2017-08-29,1016.332667938887
2017-08-30,1020.207590563962
2017-08-31,1023.3160052467902
2017-09-01,1023.4210347659016
2017-09-05,1014.9756763480505
2017-09-06,1017.7004572937363
2017-09-07,1015.717055319389
2017-09-08,1016.6836083269302
2017-09-11,1023.0217057915609
2017-09-12,1015.5367954020394
2017-09-13,1018.7842273495728
2017-09-14,1015.448679884862
2017-09-15,1019.8671802161125
2017-09-18,1016.6923650581297
2017-09-19,1018.5749333037509
2017-09-20,1019.2391346174081
2017-09-21,1013.8754295045121
2017-09-22,1013.6024173742793
2017-09-25,1005.4487265455808
2017-09-26,1003.5894829186751
2017-09-27,1009.3022045561136
2017-09-28,1011.223733330707
2017-09-29,1015.5031037839616
2017-10-02,1018.1679686032153
2017-10-03,1025.516503554222
2017-10-04,1027.7455098204434
2017-10-05,1030.1170109235215
2017-10-06,1023.3970172632594
2017-10-09,1021.0294525530775
2017-10-10,1020.1947991678732
2017-10-11,1022.9169455315815
2017-10-12,1020.7344251636852
2017-10-13,1016.1189784401339
2017-10-16,1006.8308566799103
2017-10-17,1005.4234012848048
2017-10-18,1006.5514743293276
2017-10-19,1006.5043758202354
2017-10-20,1010.9870976758804
2017-10-23,1013.9927370380497
2017-10-24,1014.6592767909049
2017-10-25,1012.7746435082536
2017-10-26,1016.7254717924084
2017-10-27,1015.5036454910505
2017-10-30,1025.7743534437332
2017-10-31,1025.4424547769854
2017-11-01,1004.2510184367876
2017-11-02,1011.8391466379567
2017-11-03,1011.4564240791304
2017-11-06,1011.8828529248558
2017-11-07,1010.3566836891063
2017-11-08,1005.792763219798
2017-11-09,992.5317459015205
2017-11-10,988.945020396557
2017-11-13,988.6008230472079
2017-11-14,990.6621574457452
2017-11-15,984.7364686052722
2017-11-16,991.3935273374958
2017-11-17,986.2824996973284
2017-11-20,990.8276511308086
2017-11-21,997.0034507232793
2017-11-22,994.2151385941783
2017-11-24,993.4099265647845
2017-11-27,990.743955121435
2017-11-28,1007.197926192671
2017-11-29,1021.5566844653958
2017-11-30,1031.1431888638774
2017-12-01,1027.660451911279
2017-12-04,1025.7592291616802
2017-12-05,1020.7312106168772
2017-12-06,1018.7366642082061
2017-12-07,1018.3555184482226
2017-12-08,1022.0573253483071
2017-12-11,1019.1897802944529
2017-12-12,985.472855200492
2017-12-13,984.0769964714923
2017-12-14,984.1667673239809
2017-12-15,980.3864594811481
2017-12-18,984.0473286417562
2017-12-19,978.6566519037251
2017-12-20,984.6852701114187
2017-12-21,992.3809289331477
2017-12-22,989.9609918596736
2017-12-26,992.1772381647112
2017-12-27,990.8461334490094
2017-12-28,993.9080850630038
2017-12-29,988.7702125618291
2018-01-02,995.0860577185844
2018-01-03,1006.4905149358844
2018-01-04,1005.7611951629973
2018-01-05,1016.8889944593104
2018-01-08,1016.8786368852266
2018-01-09,1025.4854953488116
2018-01-10,1024.9691869576507
2018-01-11,1033.612341939601
2018-01-12,1043.5432168154932
2018-01-16,1025.9992287720047
2018-01-17,1029.1946239164156
2018-01-18,1036.8888306627866
2018-01-19,1048.8907569150335
2018-01-22,1050.6579956834603
2018-01-23,1055.542429772042
2018-01-24,1058.670846278383
2018-01-25,1060.6885649126502
2018-01-26,1064.184390373991
2018-01-29,1050.2576904972518
2018-01-30,1045.4645800879123
2018-01-31,1048.1517713021383
2018-02-01,1047.8252338198818
2018-02-02,1025.4448495850443
2018-02-05,990.0067041487507
2018-02-06,990.6410407432303
2018-02-07,1000.0942695870846
2018-02-08,973.16658533925
2018-02-09,977.9707796059251
2018-02-12,997.5202964697729
2018-02-13,986.718646430687
2018-02-14,990.1612317912969
2018-02-15,998.5128299695816
2018-02-16,985.2016255074357
2018-02-20,970.0187226938303
2018-02-21,983.468984213524
2018-02-22,971.8496605583598
2018-02-23,974.1600011135092
2018-02-26,988.665351497838
2018-02-27,971.4540242037069
2018-02-28,973.6030958380634
2018-03-01,965.5334873324946
2018-03-02,981.9346901959545
2018-03-05,989.1430459257605
2018-03-06,1000.5086457328432
2018-03-07,997.9284104603863
2018-03-08,999.5629302775164
2018-03-09,1013.4060150049926
2018-03-12,1014.8692042443278
2018-03-13,1016.1364598697327
2018-03-14,1008.7960578076652
2018-03-15,1006.1775493104938
2018-03-16,1006.128277515292
2018-03-19,988.657184753587
2018-03-20,993.966126858543
2018-03-21,991.12242322313
2018-03-22,972.0602987284501
2018-03-23,953.1273380929765
2018-03-26,971.2548015568399
2018-03-27,964.8368768677057
2018-03-28,958.4377275874378
2018-03-29,974.5538325286302
2018-04-02,956.2482283276893
2018-04-03,965.7914091304447
2018-04-04,971.9287613596482
2018-04-05,981.328505011765
2018-04-06,964.3777808387304
2018-04-09,958.5645471830537
2018-04-10,966.1405687495807
2018-04-11,961.9736272754549
2018-04-12,986.0582133796084
2018-04-13,981.0549357278022
2018-04-16,991.3621916199515
2018-04-17,998.9396177477669
2018-04-18,996.8741290976308
2018-04-19,995.4033792971366
2018-04-20,989.6346595420075
2018-04-23,987.046015056035
2018-04-24,972.2168353493291
2018-04-25,973.8501826615832
2018-04-26,967.2998430556064
2018-04-27,962.0033231998456
2018-04-30,953.2713611857966
2018-05-01,959.8067102318066
2018-05-02,960.2725176483805
2018-05-03,964.7853538065557
2018-05-04,976.3997160062319
2018-05-07,976.9344350077785
2018-05-08,970.9310981294917
2018-05-09,947.658792930697
2018-05-10,949.8807875405395
2018-05-11,954.9930370593004
2018-05-14,959.9620633438916
2018-05-15,956.908601470304
2018-05-16,960.599471259361
2018-05-17,972.9166105299299
2018-05-18,980.9014456281027
2018-05-21,977.0477992153975
2018-05-22,975.9455275367615
2018-05-23,982.3205635739381
2018-05-24,987.398436885529
2018-05-25,975.6605659515791
2018-05-29,974.2586320043043
2018-05-30,986.5092700760244
2018-05-31,983.48008121355
2018-06-01,984.7650178443796
2018-06-04,989.986227344295
2018-06-05,991.0485591147583
2018-06-06,992.3296051008763
2018-06-07,996.2895914380872
2018-06-08,998.4704419143466
2018-06-11,999.6513823208585
2018-06-12,1000.4926760575406
2018-06-13,992.0550426127654
2018-06-14,999.9624063627011
2018-06-15,1002.0426536123027
2018-06-18,995.6939799870231
2018-06-19,999.2913975901797
2018-06-20,998.6489969612519
2018-06-21,997.2576278026777
2018-06-22,1001.8360655268941
2018-06-25,963.2871942309632
2018-06-26,975.8178478167886
2018-06-27,950.4272932063379
2018-06-28,957.6938431647177
2018-06-29,957.838860191906
2018-07-02,963.5184474007164
2018-07-03,971.202277222775
2018-07-05,976.7291276852085
2018-07-06,995.8369967823185
2018-07-09,994.0580916032595
2018-07-10,990.3226210022594
2018-07-11,990.0817988784274
2018-07-12,1001.1602453083063
2018-07-13,990.6937893348296
2018-07-16,988.8304664755193
2018-07-17,1005.8644912386341
2018-07-18,1005.0517966071
2018-07-19,1024.5288896821685
2018-07-20,1012.4553661676493
2018-07-23,1006.140862690904
2018-07-24,1007.0446063971256
2018-07-25,1027.9692879792126
2018-07-26,1041.4944658816182
2018-07-27,1037.7649959309442
2018-07-30,1026.0582699590195
2018-07-31,1037.2838207289478
2018-08-01,1034.3372531705054
2018-08-02,1018.5022109844858
2018-08-03,1021.6191134166497
2018-08-06,1033.5530129624015
2018-08-07,1040.4617216528786
2018-08-08,1023.3228459226432
2018-08-09,1032.1767727925921
2018-08-10,1086.741955806527
2018-08-13,1079.0243757744793
2018-08-14,1089.6049496324927
2018-08-15,1086.6415736757017
2018-08-16,1094.380247604458
2018-08-17,1099.1108683916168
2018-08-20,1093.734733823872
2018-08-21,1106.2071122386697
2018-08-22,1108.818266446788
2018-08-23,1109.8163413401332
2018-08-24,1116.791093263767
2018-08-27,1107.1267460409406
2018-08-28,1090.8167940218732
2018-08-29,1090.9384164310375
2018-08-30,1089.5840789221575
2018-08-31,1089.6636334785712
2018-09-04,1086.4152448123837
2018-09-05,1072.1306588867458
2018-09-06,1078.1794107031203
2018-09-07,1074.7055189605433
2018-09-10,1076.7903605384615
2018-09-11,1082.8800902018372
2018-09-12,1081.8709298144306
2018-09-13,1086.5324269410273
2018-09-14,1086.5400161679934
2018-09-17,1083.696619589345
2018-09-18,1084.9167308322424
2018-09-19,1083.5969649344968
2018-09-20,1096.9121526968943
2018-09-21,1094.4034987237326
2018-09-24,1092.332407301919
2018-09-25,1098.3869976340807
2018-09-26,1091.5879520490087
2018-09-27,1089.137354849328
2018-09-28,1084.6083801378225
2018-10-01,1084.9116267222566
2018-10-02,1094.2838606002736
2018-10-03,1093.221262694554
2018-10-04,1084.1438387715111
2018-10-05,1078.0613217685814
2018-10-08,1065.2217446048858
2018-10-09,1059.4147486800093
2018-10-10,1019.1772968082164
2018-10-11,1010.824068140659
2018-10-12,1033.7041081726156
2018-10-15,1034.2198093009972
2018-10-16,1025.6773936081743
2018-10-17,1023.3284672085566
2018-10-18,1011.2664170889739
2018-10-19,983.4246022885585
2018-10-22,975.7112475970258
2018-10-23,966.1309770907919
2018-10-24,957.1101127348234
2018-10-25,961.1401459313602
2018-10-26,946.5037048796969
2018-10-29,934.8516265933333
2018-10-30,938.5581121167946
2018-10-31,976.6486799373972
2018-11-01,990.9043317252135
2018-11-02,978.4605804461049
2018-11-05,985.5011400575044
2018-11-06,996.4118446161212
2018-11-07,1006.1995586759707
2018-11-08,1005.56401771952
2018-11-09,1013.1455370194656
2018-11-12,938.4237148411481
2018-11-13,928.5832328365369
2018-11-14,930.3908586236141
2018-11-15,927.9023741041913
2018-11-16,922.9120257988208
2018-11-19,892.9697073293196
2018-11-20,887.9963899994553
2018-11-21,902.4088319496615
2018-11-23,906.3271270511482
2018-11-26,920.779707976617
2018-11-27,914.2079122904772
2018-11-28,936.4980827602194
2018-11-29,928.598518045045
2018-11-30,938.0866078303555
2018-12-03,980.0334164528501
2018-12-04,936.4496610474112
2018-12-06,884.8842913154235
2018-12-07,868.577522417076
2018-12-10,866.1265428519904
2018-12-11,867.149821867397
2018-12-12,869.7995086493618
2018-12-13,856.4165371033442
2018-12-14,850.2671991322263
2018-12-17,832.0844876503121
2018-12-18,833.1631239678856
2018-12-19,829.1798758766018
2018-12-20,813.347627288174
2018-12-21,802.2126622120195
2018-12-24,792.4576706321982
2018-12-26,813.8760923186001
2018-12-27,813.6625779420408
2018-12-28,815.7834431961221
2018-12-31,823.0698407291939
2019-01-02,828.3873543877047
2019-01-03,809.5155459373548
2019-01-04,841.2582553686708
2019-01-07,838.9633130431687
2019-01-08,846.1310155656529
2019-01-09,844.4171411515923
2019-01-10,854.2856292403358
2019-01-11,852.2416096458654
2019-01-14,849.6976631357435
2019-01-15,860.0188176656126
2019-01-16,853.7336365491774
2019-01-17,861.4031980507804
2019-01-18,871.2718564411894
2019-01-22,865.8020348918227
2019-01-23,873.9765674127399
2019-01-24,873.5580253395252
2019-01-25,869.8185326955945
2019-01-28,870.812762308012
2019-01-29,876.1674824490864
2019-01-30,880.3017698729848
2019-01-31,894.2899164027083
2019-02-01,885.1144289460362
2019-02-04,887.5185372768703
2019-02-05,891.6003945035176
2019-02-06,885.0939022116609
2019-02-07,888.3491578832657
2019-02-08,895.5528900149543
2019-02-11,895.0511789166865
2019-02-12,903.7412273658637
2019-02-13,908.4236366983829
2019-02-14,905.0785407533407
2019-02-15,903.4409070742412
2019-02-19,900.0831386315756
2019-02-20,907.2848858856097
2019-02-21,904.5815145975236
2019-02-22,912.4742647623856
2019-02-25,915.929993477605
2019-02-26,911.8053424119202
2019-02-27,915.0937811377872
2019-02-28,918.3477063830627
2019-03-01,921.1707042081066
2019-03-04,907.5904489914752
2019-03-05,905.9396063300809
2019-03-06,897.4685096364074
2019-03-07,885.3279777278251
2019-03-08,885.5975600454651
2019-03-11,890.3323567293974
2019-03-12,895.2032820107364
2019-03-13,902.1417001162863
2019-03-14,902.5423252197244
2019-03-15,908.2371737730489
2019-03-18,895.2426127422918
2019-03-19,901.7943052688154
2019-03-20,897.3670353732382
2019-03-21,911.668154927637
2019-03-22,889.4543258686638
2019-03-25,888.6796031655496
2019-03-26,897.9379960981536
2019-03-27,887.4608302160347
2019-03-28,880.2652632435351
2019-03-29,883.9468182933809
2019-04-01,877.8913920202815
2019-04-02,877.6376423491965
2019-04-03,882.8580619806505
2019-04-04,879.448679975601
2019-04-05,884.6662417037057
2019-04-08,882.245442546882
2019-04-09,877.8204571759902
2019-04-10,885.0709965472046
2019-04-11,885.737896304883
2019-04-12,891.0238968748879
2019-04-15,888.3098372001133
2019-04-16,873.2332567891265
2019-04-17,866.5834129394607
2019-04-18,884.5956694568397
2019-04-22,882.1556159493593
2019-04-23,878.6068163847473
2019-04-24,879.9353718488298
2019-04-25,877.2027020998918
2019-04-26,883.2619840856182
2019-04-29,875.6845876852526
2019-04-30,869.5490780188728
2019-05-01,865.4561657235746
2019-05-02,864.0787160496387
2019-05-03,867.5430935762529
2019-05-06,864.8789765977681
2019-05-07,854.7696044801305
2019-05-08,847.5488439839518
2019-05-09,844.4942153287833
2019-05-10,849.4517342639691
2019-05-13,824.4069609848129
2019-05-14,837.6270643018596
2019-05-15,843.7923859353702
2019-05-16,852.5033982741038
2019-05-17,838.3110144540067
2019-05-20,811.7999021828756
2019-05-21,815.784911285213
2019-05-22,819.4417667405629
2019-05-23,812.1380125173907
2019-05-24,808.4793137834596
2019-05-28,807.9154340515139
2019-05-29,796.4592231508524
2019-05-30,805.7248480231574
2019-05-31,802.5323919383702
2019-06-03,800.5153532991663
2019-06-04,804.3450994417713
2019-06-05,811.2455362174687
2019-06-06,815.7500278630305
2019-06-07,822.8348515460117
2019-06-10,821.6439188196402
2019-06-11,816.0886658187727
2019-06-12,817.3091055773771
2019-06-13,818.2907800560848
2019-06-14,814.0414747816537
2019-06-17,809.4435539913833
2019-06-18,816.6145166598301
2019-06-19,824.4551806332664
2019-06-20,832.2260961271231
2019-06-21,832.7509591791109
2019-06-24,829.2618115749704
2019-06-25,818.164492157136
2019-06-26,815.9757383934757
2019-06-27,824.3036988386741
2019-06-28,837.0295168364933
2019-07-01,844.0410545269407
2019-07-02,853.7956459578166
2019-07-03,862.0500319091553
2019-07-05,854.7325572699838
2019-07-08,853.9173133592702
2019-07-09,853.4236942614832
2019-07-10,857.0910885383233
2019-07-11,857.2406875764134
2019-07-12,860.4349929993901
2019-07-15,859.607240127365
2019-07-16,856.9598850703084
2019-07-17,857.3305096626045
2019-07-18,860.3871784028427
2019-07-19,856.1729909256446
2019-07-22,855.4172728806418
2019-07-23,858.5335435400111
2019-07-24,856.4519457534591
2019-07-25,858.7986859010041
2019-07-26,872.0617795243552
2019-07-29,878.599133581677
2019-07-30,892.5617793626212
2019-07-31,890.5511584275357
2019-08-01,875.3216504428533
2019-08-02,865.150631189328
2019-08-05,841.7239143479586
2019-08-06,845.8772032102647
2019-08-07,881.5049259389672
2019-08-08,926.1657158297123
2019-08-09,910.9933014315053
2019-08-12,891.6561542921639
2019-08-13,919.8009991807446
2019-08-14,880.6033980970215
2019-08-15,868.9074959786867
2019-08-16,886.5574618102456
2019-08-19,893.0856546100296
2019-08-20,883.0239612392485
2019-08-21,882.6958649435143
2019-08-22,875.2289965672055
2019-08-23,849.8377325831625
2019-08-26,854.8999519022469
2019-08-27,855.2507147230722
2019-08-28,859.5882573337753
2019-08-29,867.0899181543841
2019-08-30,868.7713010934101
2019-09-03,848.6085911392518
2019-09-04,874.8512861423717
2019-09-05,870.9971590279081
2019-09-06,868.6154158656391
2019-09-09,847.6964398638277
2019-09-10,849.327568615684
2019-09-11,810.7256515171539
2019-09-12,787.259164086401
2019-09-13,787.2139338821189
2019-09-16,784.4294013779233
2019-09-17,792.1544543131856
2019-09-18,793.1454852905654
2019-09-19,798.9842729661711
2019-09-20,803.4846547116181
2019-09-23,802.2756861312597
2019-09-24,787.1062536651277
2019-09-25,794.6385424602802
2019-09-26,786.7630055755807
2019-09-27,772.8607822486463
2019-09-30,762.9548005768124
2019-10-01,754.0199778764243
2019-10-02,752.5960888085742
2019-10-03,753.2139082981143
2019-10-04,762.5276482282104
2019-10-07,755.6541873593113
2019-10-08,739.9294995176808
2019-10-09,738.1206097413403
2019-10-10,743.4369307168575
2019-10-11,731.1143251212386
2019-10-14,727.1958593337959
2019-10-15,730.2475885930857
2019-10-16,720.6331868505018
2019-10-17,720.4699224186132
2019-10-18,717.353810276596
2019-10-21,722.7601390550228
2019-10-22,719.322688527963
2019-10-23,726.6516638694472
2019-10-24,731.800555008459
2019-10-25,731.5649999267437
2019-10-28,729.2189582296454
2019-10-29,728.2998927395423
2019-10-30,721.0524759980248
2019-10-31,728.8736026399937
2019-11-01,733.911750529677
2019-11-04,737.106797245697
2019-11-05,740.4470381804764
2019-11-06,736.736291223327
2019-11-07,736.5748563939908
2019-11-08,732.5059379060666
2019-11-11,732.1004058871399
2019-11-12,741.0701019987588
2019-11-13,742.8874835040749
2019-11-14,755.3632812797746
2019-11-15,757.5480919227624
2019-11-18,749.7336956560908
2019-11-19,746.9759963768026
2019-11-20,749.1411958043273
2019-11-21,749.7895019464314
2019-11-22,756.243245868135
2019-11-25,761.3693927103969
2019-11-26,764.2101626875514
2019-11-27,763.7710912413336
2019-11-29,756.6091465591322
2019-12-02,753.0050845208611
2019-12-03,754.3760844262667
2019-12-04,754.0612617123209
2019-12-05,757.2636788625857
2019-12-06,756.2581871321402
2019-12-09,748.7994647536323
2019-12-10,740.714773679477
2019-12-11,743.2951114247857
2019-12-12,746.1937298986667
2019-12-13,746.4344498204019
2019-12-16,750.9114816265374
2019-12-17,749.8197883903682
2019-12-18,744.6060790418244
2019-12-19,746.0198560744664
2019-12-20,757.0778400390834
2019-12-23,756.8858789745082
2019-12-24,757.8018627791882
2019-12-26,757.3257215814754
2019-12-27,756.8530266417602
2019-12-30,755.3264179471406
2019-12-31,752.9765004305837
2020-01-02,757.3949917653053
2020-01-03,757.5943462342727
2020-01-06,753.8064416025281
2020-01-07,751.1582502581361
2020-01-08,754.033098102048
2020-01-09,755.9695534272325
2020-01-10,752.756782659982
2020-01-13,758.5467880644208
2020-01-14,756.3697315728434
2020-01-15,763.1074900491387
2020-01-16,762.8648838577692
2020-01-17,767.4491731498033
2020-01-21,763.182970967527
2020-01-22,771.4705576100182
2020-01-23,775.0252107456711
2020-01-24,769.9103790428744
2020-01-27,764.3078265570488
2020-01-28,768.8405760022855
2020-01-29,767.4044091080035
2020-01-30,762.2638950695642
2020-01-31,755.7911997910517
2020-02-03,762.3490726654986
2020-02-04,770.2355235100192
2020-02-05,768.6258269234436
2020-02-06,768.0140400930698
2020-02-07,763.7243429261325
2020-02-10,788.3568023998193
2020-02-11,788.6322087043934
2020-02-12,799.8770213733108
2020-02-13,792.7648649321721
2020-02-14,798.9212494679391
2020-02-18,797.6310271170242
2020-02-19,818.0585665839844
2020-02-20,810.6858241465783
2020-02-21,787.3912982612895
2020-02-24,757.550715567919
2020-02-25,743.439774621778
2020-02-26,743.2059797829273
2020-02-27,738.9247081142653
2020-02-28,738.9414000059767
2020-03-02,753.3161873898314
2020-03-03,752.2461274430563
2020-03-04,768.4989659141102
2020-03-05,753.3899953852479
2020-03-06,745.5115730890147
2020-03-09,584.0341359635768
2020-03-10,588.9308854155611
2020-03-11,585.0665631394623
2020-03-12,577.4144004182433
2020-03-13,586.5699816645422
2020-03-16,544.0757564357662
2020-03-17,601.7903565535737
2020-03-18,574.4405316404578
2020-03-19,600.9854991551953
2020-03-20,579.960855600317
2020-03-23,570.8035964298167
2020-03-24,613.4819044676685
2020-03-25,643.2947448593043
2020-03-26,650.849819499771
2020-03-27,644.9860409121427
2020-03-30,641.4246895821411
2020-03-31,630.2620706965454
2020-04-01,607.2500021732269
2020-04-02,611.4824273906543
2020-04-03,602.3737443676919
2020-04-06,638.4817073986904
2020-04-07,652.1040064447711
2020-04-08,684.5375470753543
2020-04-09,688.6614723758184
2020-04-13,680.6998515451289
2020-04-14,686.8469866721207
2020-04-15,673.6195385974078
2020-04-16,670.2191605284058
2020-04-17,693.4787671442768
2020-04-20,680.2662672103938
2020-04-21,680.244925087572
2020-04-22,688.4030912990197
2020-04-23,691.1766274560639
2020-04-24,696.7354647512793
2020-04-27,701.2319332453063
2020-04-28,706.6541597152234
2020-04-29,713.7992392207907
2020-04-30,704.547625043352
2020-05-01,691.4524259906802
2020-05-04,694.9639150068789
2020-05-05,699.3075688487859
2020-05-06,696.5869162234773
2020-05-07,702.5099362884862
2020-05-08,709.9695751025666
2020-05-11,701.8207728805817
2020-05-12,699.8173200534688
2020-05-13,704.0992839511407
2020-05-14,720.0793003380995
2020-05-15,723.0277290243035
2020-05-18,733.0980895090695
2020-05-19,740.1199192027204
2020-05-20,736.3354912811492
2020-05-21,732.2444101700578
2020-05-22,730.8088831173362
2020-05-26,739.8024159485885
2020-05-27,758.1012049667197
2020-05-28,767.68370063259
2020-05-29,775.184551681029
2020-06-01,772.9075458929746
2020-06-02,777.9596080603326
2020-06-03,782.616855974738
2020-06-04,777.4015948351617
2020-06-05,779.3091965460532
2020-06-08,789.6269631640331
2020-06-09,781.2297266395967
2020-06-10,791.4689329359653
2020-06-11,750.7391734699551
2020-06-12,751.9308017694444
2020-06-15,778.3336058429577
2020-06-16,786.634334148884
2020-06-17,792.6811053200436
2020-06-18,808.3634862624297
2020-06-19,812.7787824502525
2020-06-22,824.6334984386493
2020-06-23,828.1387989132803
2020-06-24,823.2899724235267
2020-06-25,828.7160182047679
2020-06-26,826.8835126934339
2020-06-29,823.3869512871221
2020-06-30,826.8653529220727
2020-07-01,831.6809680511313
2020-07-02,831.2815648270283
2020-07-06,851.742143214726
2020-07-07,830.8446345376765
2020-07-08,842.1491589410585
2020-07-09,822.3444066866314
2020-07-10,838.0469568772462
2020-07-13,812.9808603526645
2020-07-14,850.3993994514051
2020-07-15,870.4791180612008
2020-07-16,866.468398604507
2020-07-17,869.6315039541947
2020-07-20,891.4149111286224
2020-07-21,887.1311388586274
2020-07-22,896.889359761211
2020-07-23,884.6759443837045
2020-07-24,877.8622615692008
2020-07-27,881.313766158718
2020-07-28,870.6276859570584
2020-07-29,887.1370591282819
2020-07-30,887.6143228910962
2020-07-31,877.3514523717602
2020-08-03,885.9947873473025
2020-08-04,891.0416263129342
2020-08-05,894.9480353589249
2020-08-06,895.6091030124746
2020-08-07,898.933120143183
2020-08-10,889.8058488649034
2020-08-11,880.801083539689
2020-08-12,893.0998544627604
2020-08-13,891.4553359721945
2020-08-14,887.6484961677036
2020-08-17,896.3334775147882
2020-08-18,892.5677866050395
2020-08-19,889.3731321820527
2020-08-20,887.5812643654136
2020-08-21,889.6852332954423
2020-08-24,895.452490512811
2020-08-25,892.5970037446134
2020-08-26,897.1121915161099
2020-08-27,894.5480132584645
2020-08-28,894.1077558753813
2020-08-31,888.7061519179081
2020-09-01,900.0553056062478
2020-09-02,918.1293169620272
2020-09-03,885.2226366260082
2020-09-04,875.6877684700794
2020-09-08,863.7006372369334
2020-09-09,878.3773874428812
2020-09-10,870.2787751577739
2020-09-11,869.2532264587591
2020-09-14,899.40930313344
2020-09-15,909.7157271217503
2020-09-16,900.4442003632231
2020-09-17,896.5487155650455
2020-09-18,908.5057829922807
2020-09-21,885.9972396394176
2020-09-22,903.120093803818
2020-09-23,874.9540249674078
2020-09-24,869.069736000353
2020-09-25,879.1680844552455
2020-09-28,909.542983496948
2020-09-29,892.1920190001888
2020-09-30,888.867250228387
2020-10-01,898.6331031631776
2020-10-02,906.2788389736422
2020-10-05,925.1702033449573
2020-10-06,905.1027720555697
2020-10-07,927.9891361657686
2020-10-08,938.4600283096745
2020-10-09,942.9522319863792
2020-10-12,943.8201622749518
2020-10-13,946.8884699086816
2020-10-14,933.696275012813
2020-10-15,945.7591430558973
2020-10-16,938.2244820947027
2020-10-19,925.8623291262488
2020-10-20,931.3553194738778
2020-10-21,936.1685238598465
2020-10-22,942.5870218454384
2020-10-23,943.5886810691076
2020-10-26,930.8196163278526
2020-10-27,929.5189430031402
2020-10-28,904.3317238098293
2020-10-29,894.2482485345371
2020-10-30,892.0280089237134
2020-11-02,896.1419975387178
2020-11-03,896.1582762562402
2020-11-04,895.7481857444438
2020-11-05,904.2427455840741
2020-11-06,903.7070254800575
2020-11-09,905.180944007548
2020-11-10,907.7083822663276
2020-11-11,915.5529132344918
2020-11-12,908.1198013282095
2020-11-13,920.7499946629256
2020-11-16,936.5405955206977
2020-11-17,933.1811575466747
2020-11-18,933.098539677276
2020-11-19,946.1153545637037
2020-11-20,944.5823889930966
2020-11-23,918.0975088498521
2020-11-24,920.5078995593442
2020-11-25,932.3505239249309
2020-11-27,939.9774523161063
2020-11-30,935.2754201005714
2020-12-01,935.8100809098318
2020-12-02,924.7890524281431
2020-12-03,919.2189268510601
2020-12-04,924.7106757827129
2020-12-07,923.8398475703311
2020-12-08,929.2139312726166
2020-12-09,926.8613967189814
2020-12-10,917.0271997597887
2020-12-11,914.7709963202586
2020-12-14,906.5174639933075
2020-12-15,916.459530479041
2020-12-16,920.0823673517341
2020-12-17,925.6336305776358
2020-12-18,928.588952989249
2020-12-21,926.93750662236
2020-12-22,922.4196247887279
2020-12-23,925.9889685314456
2020-12-24,930.2968908812976
2020-12-28,928.6332979858593
2020-12-29,923.4899486858328
2020-12-30,931.1525385195763
2020-12-31,939.0916465743154
2021-01-04,927.3448345638009
2021-01-05,942.7347225240458
2021-01-06,957.2401515229267
2021-01-07,977.8821317587713
2021-01-08,972.1023187651224
2021-01-11,974.8747388965007
2021-01-12,1015.1860072849825
2021-01-13,1007.0618586656176
2021-01-14,1035.7057992616346
2021-01-15,1000.3357721494237
2021-01-19,1032.1383851799935
2021-01-20,1049.206624066685
2021-01-21,1053.824623314409
2021-01-22,1049.2283065254505
2021-01-25,1031.0053191343698
2021-01-26,1012.2599871709763
2021-01-27,991.190332261544
2021-01-28,1014.7359913633263
2021-01-29,980.1759374049127
2021-02-01,1000.564215892435
2021-02-02,1010.8344737029147
2021-02-03,1010.3848658686713
2021-02-04,1012.574526330269
2021-02-05,1012.7213404108263
2021-02-08,1015.385831686147
2021-02-09,1020.6013756639564
2021-02-10,1022.6344574649398
2021-02-11,1022.4072596635812
2021-02-12,1022.459011526887
2021-02-16,988.8962306323032
2021-02-17,972.0517471838047
2021-02-18,939.200162098139
2021-02-19,945.2711935868185
2021-02-22,918.4188782482145
2021-02-23,914.8496261718514
2021-02-24,930.455092720675
2021-02-25,902.1955938075644
2021-02-26,906.2111877366838
2021-03-01,951.1818043665415
2021-03-02,925.3708973076868
2021-03-03,902.1980980279443
2021-03-04,885.4564608584144
2021-03-05,896.91952534084
2021-03-08,864.3586518859049
2021-03-09,886.6527986729309
2021-03-10,856.0260078120187
2021-03-11,898.0389430767289
2021-03-12,879.3648775546837
2021-03-15,904.0953165445484
2021-03-16,882.5538556393752
2021-03-17,890.9943994034762
2021-03-18,827.1523845697
2021-03-19,851.004222585762
2021-03-22,834.765049576124
2021-03-23,793.512796237431
2021-03-24,774.1111925996919
2021-03-25,796.1214856622606
2021-03-26,800.3852257251089
2021-03-29,756.7168441468336
2021-03-30,774.8295359884595
2021-03-31,779.4880267141698
2021-04-01,805.2253226262792
2021-04-05,794.3924113370855
2021-04-06,808.7061445244765
2021-04-07,804.5381966541696
2021-04-08,815.4683008062932
2021-04-09,804.1435020672128
2021-04-12,795.9733456692784
2021-04-13,834.2207968157395
2021-04-14,832.5713343899847
2021-04-15,834.249649271081
2021-04-16,818.3458980647431
2021-04-19,801.3506135021593
2021-04-20,755.7889369438234
2021-04-21,783.0161032307426
2021-04-22,773.5013949751973
2021-04-23,790.775484209756
2021-04-26,799.7524751714604
2021-04-27,806.258606045586
2021-04-28,816.6526192086876
2021-04-29,829.8630013359982
2021-04-30,813.8334256752958
2021-05-03,828.5496330251478
2021-05-04,827.3082436722029
2021-05-05,831.5979691714779
2021-05-06,846.076926951779
2021-05-07,848.1653046724293
2021-05-10,819.2340990503283
2021-05-11,800.0975446121316
2021-05-12,713.8101980335823
2021-05-13,721.2729302925466
2021-05-14,727.3223310528203
2021-05-17,722.8201573116279
2021-05-18,705.3638070220727
2021-05-19,693.4320451003564
2021-05-20,696.7961876038975
2021-05-21,694.0996319931188
2021-05-24,691.1148113371261
2021-05-25,688.073355979536
2021-05-26,705.3193216001807
2021-05-27,708.5190835609787
2021-05-28,690.9202365634727
2021-06-01,703.5790246436329
2021-06-02,689.6057976896751
2021-06-03,688.3039713786686
2021-06-04,689.284027538336
2021-06-07,691.1678240534158
2021-06-08,704.796222189014
2021-06-09,700.9761510040696
2021-06-10,692.8882422927492
2021-06-11,706.4397551023097
2021-06-14,700.7420418209014
2021-06-15,696.6764345520991
2021-06-16,694.1441720753742
2021-06-17,674.3434750095765
2021-06-18,661.4377258456204
2021-06-21,695.9388447103328
2021-06-22,697.2020619560161
2021-06-23,712.6547805937405
2021-06-24,724.3885288104536
2021-06-25,732.0463917836512
2021-06-28,703.6784778479404
2021-06-29,708.2284548606506
2021-06-30,713.0695237256186
2021-07-01,720.4441436182128
2021-07-02,710.0790359934684
2021-07-06,693.8933546547169
2021-07-07,680.1285689665083
2021-07-08,676.399674813408
2021-07-09,702.0782931665451
2021-07-12,705.5447101716837
2021-07-13,694.8626628860601
2021-07-14,690.5517862165378
2021-07-15,682.5764974450204
2021-07-16,668.4107995821905
2021-07-19,663.9768479436856
2021-07-20,697.307402919033
2021-07-21,711.4153217734224
2021-07-22,704.3033021695919
2021-07-23,715.6969086981809
2021-07-26,722.7241574613463
2021-07-27,714.8749141594816
2021-07-28,724.3917149574197
2021-07-29,728.220585555547
2021-07-30,722.9983274401019
2021-08-02,722.6714172493415
2021-08-03,720.3713892552958
2021-08-04,724.7169688020435
2021-08-05,755.8137936438561
2021-08-06,749.5753269026616
2021-08-09,752.8784688739635
2021-08-10,761.2530787162406
2021-08-11,761.4509175923241
2021-08-12,774.3239518395133
2021-08-13,769.3128393923971
2021-08-16,746.314767388263
2021-08-17,736.2727390497964
2021-08-18,738.2973630386588
2021-08-19,722.2070910352498
2021-08-20,726.5382854622726
2021-08-23,754.8522552329822
2021-08-24,767.4064970645774
2021-08-25,765.4536760694743
2021-08-26,755.0219359942487
2021-08-27,782.897377135057
2021-08-30,783.9015486388842
2021-08-31,777.7826648103932
2021-09-01,785.3084905762571
2021-09-02,785.2524089661542
2021-09-03,790.5887420115
2021-09-07,790.4870218019082
2021-09-08,771.3270792180972
2021-09-09,774.5560149588589
2021-09-10,766.2701583230478
2021-09-13,748.0076525937644
2021-09-14,742.6443439455744
2021-09-15,748.6742221360595
2021-09-16,754.3279829788868
2021-09-17,753.8955556360604
2021-09-20,742.325822847288
2021-09-21,746.6404673785612
2021-09-22,754.3824864165808
2021-09-23,767.2762823107876
2021-09-24,760.7141024380339
2021-09-27,766.1994361000162
2021-09-28,734.731453534328
2021-09-29,719.3746869891655
2021-09-30,721.0579483465543
2021-10-01,725.4056800119354
2021-10-04,711.9668725537845
2021-10-05,724.9421097373383
2021-10-06,717.2135429869185
2021-10-07,728.0921161672228
2021-10-08,722.1591172129224
2021-10-11,720.3813390981313
2021-10-12,733.8267017160464
2021-10-13,754.8499739026149
2021-10-14,772.3144939380713
2021-10-15,771.6304318526029
2021-10-18,773.1066618772702
2021-10-19,754.7592013274289
2021-10-20,767.6574192894208
2021-10-21,766.7849261465917
2021-10-22,760.0374003137924
2021-10-25,785.8020130374908
2021-10-26,784.168779270064
2021-10-27,772.2855785121882
2021-10-28,774.8173353742147
2021-10-29,757.4536332540954
2021-11-01,761.9007171582354
2021-11-02,762.3076052434228
2021-11-03,764.175918402717
2021-11-04,770.1913233660731
2021-11-05,774.1860040508413
2021-11-08,789.2335720382146
2021-11-09,788.1844413414105
2021-11-10,759.6224027674773
2021-11-11,765.3057747039002
2021-11-12,775.5318792152079
2021-11-15,776.4734959012591
2021-11-16,779.341591842841
2021-11-17,782.457754852497
2021-11-18,788.4486285469573
2021-11-19,771.844413670388
2021-11-22,733.2554359577932
2021-11-23,761.2685314896075
2021-11-24,756.6239299843946
2021-11-26,732.518268564585
2021-11-29,742.9476691605419
2021-11-30,688.504793352002
2021-12-01,692.0697319256145
2021-12-02,708.4474467426221
2021-12-03,674.272034276474
2021-12-06,675.2433478947812
2021-12-07,688.8784510362036
2021-12-08,691.0830727384341
2021-12-09,679.7300164015774
2021-12-10,695.4668899253304
2021-12-13,679.2385550353077
2021-12-14,658.4341545968634
2021-12-15,660.3751371010555
2021-12-16,654.245019779013
2021-12-17,655.0171357049526
2021-12-20,627.5768404152371
2021-12-21,663.818054968208
2021-12-22,678.0234734002853
2021-12-23,684.9767493429247
2021-12-27,693.5825618398993
2021-12-28,687.9103395762068
2021-12-29,692.2074376451619
2021-12-30,696.0415603856104
2021-12-31,693.7258504998821
2022-01-03,710.2596246613033
2022-01-04,702.9229379145694
2022-01-05,671.3771232394541
2022-01-06,671.1212189264845
2022-01-07,661.3146773905723
2022-01-10,654.498564560955
2022-01-11,669.7351690813978
2022-01-12,657.1378128863659
2022-01-13,636.2097717712854
2022-01-14,624.711828420732
2022-01-18,589.0634506218347
2022-01-19,575.8686293659222
2022-01-20,551.9759502964755
2022-01-21,548.2616327264964
2022-01-24,547.7227276670792
2022-01-25,544.7025481924254
2022-01-26,543.9058216085871
2022-01-27,540.1053034930267
2022-01-28,547.8326838048259
2022-01-31,551.4544603905333
2022-02-01,557.0562948079228
2022-02-02,566.7180358107802
2022-02-03,566.0452168691875
2022-02-04,567.811938385607
2022-02-07,578.1276236736337
2022-02-08,574.4840269372429
2022-02-09,582.5497603541108
2022-02-10,578.3817319131665
2022-02-11,589.075916923258
2022-02-14,585.9922192747948
2022-02-15,593.0820635589898
2022-02-16,594.3206808767542
2022-02-17,576.1583406480831
2022-02-18,573.9885692929898
2022-02-22,566.7788847197646
2022-02-23,566.2350894882954
2022-02-24,567.9715567262858
2022-02-25,583.1354882554444
2022-02-28,576.8536416191891
2022-03-01,569.7415933168788
2022-03-02,595.1197302360137
2022-03-03,594.913455483928
2022-03-04,586.2742416033406
2022-03-07,566.8709423236135
2022-03-08,574.5787492621375
2022-03-09,607.2443758131137
2022-03-10,607.5552187539449
2022-03-11,600.1517167808523
2022-03-14,594.1594248989171
2022-03-15,618.4494825061595
2022-03-16,638.6032789257167
2022-03-17,636.2993899474862
2022-03-18,638.4685151908159
2022-03-21,638.0004626558429
2022-03-22,653.6862801100126
2022-03-23,637.4751406933118
2022-03-24,638.9975472822784
2022-03-25,640.457733366144
2022-03-28,641.605538292614
2022-03-29,668.8797823001155
2022-03-30,646.5245180701866
2022-03-31,634.716632360602
2022-04-01,646.2869430485564
2022-04-04,641.5239113162352
2022-04-05,622.7876057530057
2022-04-06,616.5250262574095
2022-04-07,625.5377474562757
2022-04-08,643.2382903533558
2022-04-11,634.5960292086102
2022-04-12,637.6625479054305
2022-04-13,655.2288855463585
2022-04-14,649.3041664707748
2022-04-18,667.6265894154812
2022-04-19,679.7283580933679
2022-04-20,681.5836738307819
2022-04-21,656.8830102248319
2022-04-22,641.3648719063392
2022-04-25,637.1171172001509
2022-04-26,632.6818887918231
2022-04-27,638.3831896785359
2022-04-28,637.8182611485543
2022-04-29,628.717151489828
2022-05-02,641.0199478525108
2022-05-03,640.6314799092794
2022-05-04,651.1627378996797
2022-05-05,620.1366972461785
2022-05-06,603.6027490723357
2022-05-09,574.3769895858975
2022-05-10,567.9435758857736
2022-05-11,543.8405997461177
2022-05-12,546.9919743218112
2022-05-13,558.3585492758078
2022-05-16,563.0893376056414
2022-05-17,582.1555909736404
2022-05-18,552.9245841721201
2022-05-19,551.5070066223085
2022-05-20,541.4190967971488
2022-05-23,546.9323947650108
2022-05-24,538.5664606632189
2022-05-25,542.8856130424301
2022-05-26,560.8697695053019
2022-05-27,579.4531616797727
2022-05-31,574.7814671660145
2022-06-01,567.4684338481186
2022-06-02,576.2633662576095
2022-06-03,575.388564691125
2022-06-06,571.0317266600331
2022-06-07,575.0813485740093
2022-06-08,565.667106787502
2022-06-09,533.603535577459
2022-06-10,507.3789525252331
2022-06-13,476.44599414293197
2022-06-14,478.13253101467495
2022-06-15,504.26874139057225
2022-06-16,461.04690459017394
2022-06-17,462.1141451900121
2022-06-21,467.7569272915671
2022-06-22,451.3582829478835
2022-06-23,450.13592687779504
2022-06-24,454.40785963210055
2022-06-27,478.6136367218902
2022-06-28,476.4940172862079
2022-06-29,460.2132758149868
2022-06-30,449.1506301978628
2022-07-01,456.2758315055624
2022-07-05,444.38742572482425
2022-07-06,439.2653568225835
2022-07-07,461.71992167592384
2022-07-08,457.16407534232104
2022-07-11,450.8446498572861
2022-07-12,448.4191460070824
2022-07-13,449.9719274631801
2022-07-14,442.78312180623766
2022-07-15,455.4304824892678
2022-07-18,464.91155763409654
2022-07-19,475.9276177483547
2022-07-20,475.0100214207679
2022-07-21,466.19770028255823
2022-07-22,461.5665042668388
2022-07-25,475.112883424849
2022-07-26,473.7231377372591
2022-07-27,492.68294054847854
2022-07-28,506.40184416320756
2022-07-29,517.7220132804376
2022-08-01,517.8695756831072
2022-08-02,511.95983585844624
2022-08-03,509.8412179254083
2022-08-04,500.11458806122073
2022-08-05,501.6691262079696
2022-08-08,507.14283910992094
2022-08-09,505.1633922694656
2022-08-10,509.5241089500387
2022-08-11,511.5362126823327
2022-08-12,518.6786892660724
2022-08-15,513.239075010352
2022-08-16,515.6620422683291
2022-08-17,500.8484598620456
2022-08-18,508.2329469445578
2022-08-19,495.2294205764284
2022-08-22,484.5098049000013
2022-08-23,486.85113573886986
2022-08-24,493.9592405643671
2022-08-25,504.17279441111987
2022-08-26,486.791744764539
2022-08-29,482.6203402732153
2022-08-30,478.787446583266
2022-08-31,481.21676539312625
2022-09-01,479.1352462976396
2022-09-02,477.628453641048
2022-09-06,466.0002911174149
2022-09-07,475.53562718403566
2022-09-08,479.45492146593904
2022-09-09,490.6710928923212
2022-09-12,493.2735179826895
2022-09-13,469.504922017387
2022-09-14,471.36147505740337
2022-09-15,461.8138538996881
2022-09-16,449.3181941651262
2022-09-19,450.83702946323854
2022-09-20,440.42624232356457
2022-09-21,434.04548285981923
2022-09-22,425.480007333961
2022-09-23,407.68180933754485
2022-09-26,394.69970620741316
2022-09-27,405.47024330889485
2022-09-28,421.08824167907295
2022-09-29,407.25332199201927
2022-09-30,409.33861015834486
2022-10-03,414.0182881232885
2022-10-04,420.95325050606186
2022-10-05,416.4240663262774
2022-10-06,414.1311628282321
2022-10-07,415.3276521564713
2022-10-10,409.2183065814644
2022-10-11,403.795807928111
2022-10-12,403.44860767351236
2022-10-13,409.2856735546701
2022-10-14,399.9476969111373
2022-10-17,408.1716101458894
2022-10-18,413.26061178948805
2022-10-19,407.8323386534613
2022-10-20,406.8455660997822
2022-10-21,413.073106016877
2022-10-24,414.33525773712563
2022-10-25,437.8181806426769
2022-10-26,439.47570681772487
2022-10-27,438.3874927242018
2022-10-28,444.19730398445006
2022-10-31,447.93137270823627
2022-11-01,445.18561549394894
2022-11-02,433.5986703631231
2022-11-03,422.056990158406
2022-11-04,424.252262878082
2022-11-07,453.7457643335826
2022-11-08,456.81053268859773
2022-11-09,439.10231604478
2022-11-10,428.4882980937739
2022-11-11,435.2132239611281
2022-11-14,431.4788676408575
2022-11-15,437.8755512079898
2022-11-16,435.52006276088713
2022-11-17,435.9817455036278
2022-11-18,436.93890102514666
2022-11-21,429.13199046453434
2022-11-22,414.342525505889
2022-11-23,413.34403707555566
2022-11-25,416.20250105677394
2022-11-28,412.18157800645884
2022-11-29,417.37704321172134
2022-11-30,426.287541414506
2022-12-01,420.5083335478332
2022-12-02,422.6395750325331
2022-12-05,412.7452953468424
2022-12-06,408.32887165577455
2022-12-07,409.38157271675226
2022-12-08,414.1250279364687
2022-12-09,405.3610384214439
2022-12-12,407.0707208040003
2022-12-13,410.3409704958827
2022-12-14,411.16372626136314
2022-12-15,402.5567312445394
2022-12-16,395.1650711814344
2022-12-19,391.9922644173994
2022-12-20,390.2678660129205
2022-12-21,394.67934538970724
2022-12-22,387.052999964837
2022-12-23,389.4456125397776
2022-12-27,388.35524238484595
2022-12-28,377.56910851257953
2022-12-29,391.7739644163578
2022-12-30,392.6624332758422
2023-01-03,375.87569277331124
2023-01-04,380.5294887260494
2023-01-05,371.65189116347904
2023-01-06,380.19367917212816
2023-01-09,384.6234153429126
2023-01-10,387.13119941263005
2023-01-11,389.99601353495075
2023-01-12,390.7735962800833
2023-01-13,392.28881681035693
2023-01-17,388.6116248068099
2023-01-18,382.2419535862208
2023-01-19,377.41980500368635
2023-01-20,378.6965462529064
2023-01-23,380.30154941363077
2023-01-24,383.9948693716101
2023-01-25,386.5291282764286
2023-01-26,382.36985371894724
2023-01-27,379.6835143803345
2023-01-30,376.7735297632669
2023-01-31,390.4181298789008
2023-02-01,394.049171947304
2023-02-02,391.17170566213036
2023-02-03,394.74848865405795
2023-02-06,393.0775367620296
2023-02-07,396.2937888337595
2023-02-08,394.6959212736816
2023-02-09,402.3373151110596
2023-02-10,402.43792312392065
2023-02-13,410.1887742743955
2023-02-14,412.80417111331326
2023-02-15,416.92995762624315
2023-02-16,411.33498405821075
2023-02-17,411.560640981895
2023-02-21,405.5528785292113
2023-02-22,405.4329450870083
2023-02-23,412.4431015255648
2023-02-24,411.823575608538
2023-02-27,412.7101630753127
2023-02-28,415.1455749708454
2023-03-01,419.45296860506755
2023-03-02,422.41909220887453
2023-03-03,427.69606375699385
2023-03-06,425.15172490151787
2023-03-07,427.44986921715446
2023-03-08,429.77083106880644
2023-03-09,419.5287268019097
2023-03-10,412.37171340238234
2023-03-13,408.8214967368415
2023-03-14,412.4820582616318
2023-03-15,408.3959822887416
2023-03-16,422.26112542812075
2023-03-17,418.68948372782063
2023-03-20,427.4709028833062
2023-03-21,438.73792504955
2023-03-22,427.82194278179304
2023-03-23,425.9290499061558
2023-03-24,425.504996630113
2023-03-27,431.41195002484994
2023-03-28,432.3403724761439
2023-03-29,443.50955034069824
2023-03-30,448.4064441430091
2023-03-31,459.0909745946728
2023-04-03,460.51312062185673
2023-04-04,453.390183172914
2023-04-05,449.5730075813343
2023-04-06,449.67308744558005
2023-04-10,453.6957766919082
2023-04-11,455.60562171713013
2023-04-12,457.06147558532365
2023-04-13,458.10533233212635
2023-04-14,456.9336943216654
2023-04-17,460.4141873238608
2023-04-18,462.77713968204074
2023-04-19,461.1267272683843
2023-04-20,463.0134757822889
2023-04-21,461.5124757131421
2023-04-24,460.9101969368682
2023-04-25,458.1035140373754
2023-04-26,454.3892482619761
2023-04-27,461.5731056488581
2023-04-28,467.15549024636385
2023-05-01,465.68842401354664
2023-05-02,467.97009847380986
2023-05-03,468.08057655065755
2023-05-04,466.75953282094645
2023-05-05,469.5928405095161
2023-05-08,474.00742520787594
2023-05-09,476.42928931187896
2023-05-10,476.3635315280477
2023-05-11,471.59676430031135
2023-05-12,473.00771412361735
2023-05-15,473.3767580759278
2023-05-16,467.41654542038316
2023-05-17,471.081135863501
2023-05-18,476.2203444377736
2023-05-19,478.513954720533
2023-05-22,475.9977448700379
2023-05-23,465.5398279953773
2023-05-24,472.3365505306731
2023-05-25,499.12818581887274
2023-05-26,504.26899958116053
2023-05-30,506.61428974880045
2023-05-31,502.03479881706875
2023-06-01,501.7398398477592
2023-06-02,532.6266626692293
2023-06-05,531.9467285608158
2023-06-06,529.6197338426805
2023-06-07,526.0775741182582
2023-06-08,529.5992732088903
2023-06-09,529.2350892478654
2023-06-12,535.7523026307531
2023-06-13,537.6129612880732
2023-06-14,537.6751826644529
2023-06-15,542.5212666093263
2023-06-16,538.9714642963152
2023-06-20,539.6088900917649
2023-06-21,540.550078062457
2023-06-22,542.7703987112192
2023-06-23,542.2550110277238
2023-06-26,532.1252748492947
2023-06-27,532.3691292456077
2023-06-28,540.6732646198068
2023-06-29,545.744321012682
2023-06-30,552.0143186247137
2023-07-03,549.8231259929616
2023-07-05,547.6899205546994
2023-07-06,538.6463219158893
2023-07-07,538.8999123726236
2023-07-10,545.0927527958988
2023-07-11,548.4844286698326
2023-07-12,549.1576738252725
2023-07-13,559.8007526441772
2023-07-14,558.621548355713
2023-07-17,561.2209874313356
2023-07-18,562.5919017797775
2023-07-19,562.4142053340212
2023-07-20,552.3803967371135
2023-07-21,552.3016197863255
2023-07-24,544.1985191007965
2023-07-25,542.6230663400828
2023-07-26,544.3588194315507
2023-07-27,534.4932358393955
2023-07-28,538.020332319535
2023-07-31,539.6361249230802
2023-08-01,540.7568562564617
2023-08-02,534.0131989911946
2023-08-03,527.1741388230975
2023-08-04,526.4474945657826
2023-08-07,534.8579079967575
2023-08-08,531.772868203677
2023-08-09,541.3562002084208
2023-08-10,541.687824355261
2023-08-11,542.893639526545
2023-08-14,550.078558869584
2023-08-15,545.6627714361556
2023-08-16,533.8831133261931
2023-08-17,513.1611108779475
2023-08-18,513.9250494609162
2023-08-21,509.84313441382807
2023-08-22,511.3357353716768
2023-08-23,524.8319753571265
2023-08-24,513.3608884777515
2023-08-25,510.4107481108378
2023-08-28,513.3924541048764
2023-08-29,523.3332006173924
2023-08-30,527.2852049783729
2023-08-31,533.2788214837926
2023-09-01,544.0058728293508
2023-09-05,533.997573334795
2023-09-06,534.9982646682378
2023-09-07,533.0807224390754
2023-09-08,533.3053685491396
2023-09-11,532.270004635519
2023-09-12,527.8637103298522
2023-09-13,521.3477871729408
2023-09-14,527.9341155831644
2023-09-15,518.1505536541852
2023-09-18,517.4911644768495
2023-09-19,513.8863190847168
2023-09-20,508.8530672826448
2023-09-21,496.07171190816854
2023-09-22,496.83469054299337
2023-09-25,504.7456168777766
2023-09-26,504.50129820715296
2023-09-27,516.4556942984183
2023-09-28,527.3207389158362
2023-09-29,527.1717975257957
2023-10-02,523.5750920549434
2023-10-03,516.240021209859
2023-10-04,511.77543287303354
2023-10-05,514.3841988562049
2023-10-06,518.3110988324602
2023-10-09,524.8980578130423
2023-10-10,539.9548448235778
2023-10-11,541.7635889793984
2023-10-12,526.8772821443994
2023-10-13,526.7162083897778
2023-10-16,527.5142168098446
2023-10-17,532.6070541984833
2023-10-18,516.9014035848289
2023-10-19,517.094687336284
2023-10-20,510.8519626959911
2023-10-23,513.328739665792
2023-10-24,516.3548200027888
2023-10-25,496.87518248112053
2023-10-26,492.9990352081508
2023-10-27,492.22670056947385
2023-10-30,495.0723509145578
2023-10-31,485.4010376095762
2023-11-01,498.84239199176125
2023-11-02,497.67747177717325
2023-11-03,506.3792851878991
2023-11-06,509.31227079386167
2023-11-07,508.5215686054117
2023-11-08,509.69010483251816
2023-11-09,510.5916193610912
2023-11-10,514.3484807200199
2023-11-13,514.0927488827361
2023-11-14,527.6413296788004
2023-11-15,528.3229561492308
2023-11-16,527.8595511459786
2023-11-17,531.1578065564973
2023-11-20,532.8182248941399
2023-11-21,532.5214276261075
2023-11-22,531.4933781211521
2023-11-24,534.6850733192125
2023-11-27,535.262874674774
2023-11-28,535.2789945332647
2023-11-29,535.56298382602
2023-11-30,532.907659582104
2023-12-01,536.8357731347685
2023-12-04,539.3042437213965
2023-12-05,538.1934937618383
2023-12-06,530.6201146366737
2023-12-07,527.2130974925819
2023-12-08,525.7089921115992
2023-12-11,528.5479899661891
2023-12-12,533.4870747413032
2023-12-13,537.1150655002172
2023-12-14,534.6745175315864
2023-12-15,534.2666661825289
2023-12-18,540.7088109184226
2023-12-19,544.7468632205662
2023-12-20,536.7268846270298
2023-12-21,541.7623345551955
2023-12-22,545.2547881155972
2023-12-26,551.3631952463348
2023-12-27,553.8747805664538
2023-12-28,553.4556141500294
2023-12-29,551.0016943765797
2024-01-02,538.3758798704566
2024-01-03,529.3466177982772
2024-01-04,526.5639782291671
2024-01-05,525.4504074208844
2024-01-08,527.6066144271942
2024-01-09,526.2636981490853
2024-01-10,526.4969256436616
2024-01-11,533.0945996475941
2024-01-12,534.8747750943272
2024-01-16,533.4974680589532
2024-01-17,533.7137276703684
2024-01-18,536.2476776698652
2024-01-19,539.375475701736
2024-01-22,545.2209216439358
2024-01-23,548.1772713169561
2024-01-24,554.0049657659793
2024-01-25,552.6546877850626
2024-01-26,553.2738181432287
2024-01-29,560.8738464839604
2024-01-30,563.8336889275344
2024-01-31,554.7101808812765
2024-02-01,564.1008241112951
2024-02-02,565.653044885832
2024-02-05,558.4587739578324
2024-02-06,557.2503787216938
2024-02-07,563.4933825536859
2024-02-08,568.2070814445642
2024-02-09,568.7158521381009
2024-02-12,570.4928015730887
2024-02-13,561.5124603418726
2024-02-14,563.9120516479111
2024-02-15,566.4967097443822
2024-02-16,564.1674387058025
2024-02-20,556.1492767739674
2024-02-21,558.7608226904878
2024-02-22,561.8624884536677
2024-02-23,573.3390605947172
2024-02-26,581.4645836677814
2024-02-27,584.9220736420705
2024-02-28,577.3268196159243
2024-02-29,583.9329536768805
2024-03-01,584.1513644090215
2024-03-04,584.2145800961409
2024-03-05,573.6206332344741
2024-03-06,573.4807796690238
2024-03-07,580.4863756321274
2024-03-08,579.3881543887444
2024-03-11,578.5413209951514
2024-03-12,586.7406911221092
2024-03-13,590.0232411975752
2024-03-14,592.1253418078664
2024-03-15,589.270864354194
2024-03-18,591.67740948578
2024-03-19,596.8248697708419
2024-03-20,602.8104492682949
2024-03-21,606.7803590515421
2024-03-22,605.3388313350047
2024-03-25,604.2629461956042
2024-03-26,604.3090313712548
2024-03-27,609.8870429831995
2024-03-28,614.1268985452834
2024-04-01,605.2577395933992
2024-04-02,605.924379172086
2024-04-03,605.2550321344337
2024-04-04,599.9122326942661
2024-04-05,602.7336359140122
2024-04-08,601.8978735239374
2024-04-09,594.0972621146029
2024-04-10,587.7967245801412
2024-04-11,586.9178142766887
2024-04-12,581.7326914779851
2024-04-15,576.1020988772314
2024-04-16,572.9030721930023
2024-04-17,568.343905218446
2024-04-18,565.1685365492317
2024-04-19,564.0918825788299
2024-04-22,568.5851954003138
2024-04-23,581.4366133292087
2024-04-24,580.8242637245977
2024-04-25,580.9701622356681
2024-04-26,578.949085725508
2024-04-29,579.156409763694
2024-04-30,564.1713910754463
2024-05-01,558.0104706219216
2024-05-02,577.4653943482456
2024-05-03,581.8544187769074
2024-05-06,587.5859653115446
2024-05-07,590.410086705735
2024-05-08,589.5484624744983
2024-05-09,593.6732296373528
2024-05-10,591.6536094537383
2024-05-13,584.1690702636297
2024-05-14,592.1605957011834
2024-05-15,600.7091416863118
2024-05-16,602.1263648357176
2024-05-17,609.6128757545459
2024-05-20,607.4306545169386
2024-05-21,610.5593898683886
2024-05-22,596.8293944074029
2024-05-23,600.3280402044212
2024-05-24,611.1088954007223
2024-05-28,605.9818432244251
2024-05-29,603.0777377064701
2024-05-30,615.5277072717138
2024-05-31,621.6322735907606
2024-06-03,615.1234410067675
2024-06-04,608.326728879399
2024-06-05,618.1763112980594
2024-06-06,613.0867351822045
2024-06-07,613.8300066601139
2024-06-10,616.4054487141157
2024-06-11,616.9549285099436
2024-06-12,622.8057326743511
2024-06-13,617.9577606218129
2024-06-14,608.5145042288784
2024-06-17,613.5376709262869
2024-06-18,619.4046727468437
2024-06-20,617.5966975086808
2024-06-21,617.4673081197952
2024-06-24,613.4561883058168
2024-06-25,612.6551271037725
2024-06-26,607.982967612001
2024-06-27,586.4499793472634
2024-06-28,590.6731700439167
2024-07-01,586.0320145529181
2024-07-02,587.5872286175311
2024-07-03,588.2715389342345
2024-07-05,590.24288691394
2024-07-08,591.2034527468523
2024-07-09,588.5448474014943
2024-07-10,592.9534373263668
2024-07-11,592.8132148857281
2024-07-12,595.4251941549114
2024-07-15,600.0737251097254
2024-07-16,618.7407571886329
2024-07-17,610.7493930755296
2024-07-18,604.9846869384804
2024-07-19,584.026396848808
2024-07-22,604.5206074140681
2024-07-23,596.186073021554
2024-07-24,562.8348105207803
2024-07-25,562.072496047231
2024-07-26,576.6012840785856
2024-07-29,572.8316700800468
2024-07-30,560.045558292252
2024-07-31,594.0675264720239
2024-08-01,577.3313246279678
2024-08-02,554.339381295107
2024-08-05,538.620861643246
2024-08-06,547.141541914083
2024-08-07,540.4728899717549
2024-08-08,567.3604762725048
2024-08-09,574.8425002368961
2024-08-12,570.2251488798269
2024-08-13,579.7292119063114
2024-08-14,580.8758899485252
2024-08-15,594.8684209861489
2024-08-16,595.4923254397829
2024-08-19,596.2729590429011
2024-08-20,596.4091617669839
2024-08-21,603.3924214574671
2024-08-22,603.5554799609333
2024-08-23,609.792640718789
2024-08-26,602.5656562730333
2024-08-27,606.3358854841946
2024-08-28,606.4857492732272
2024-08-29,605.9521605657858
2024-08-30,613.9852817673083
2024-09-03,603.3152790326259
2024-09-04,602.1453162664559
2024-09-05,598.6879631235219
2024-09-06,584.9388610313689
2024-09-09,592.4984214064502
2024-09-10,584.9226119050493
2024-09-11,595.3252232928911
2024-09-12,607.8434107606017
2024-09-13,615.2499748328656
2024-09-16,616.446718876922
2024-09-17,614.4019091259913
2024-09-18,613.7254625675954
2024-09-19,610.8102897617548
2024-09-20,611.2616891300615
2024-09-23,609.3541698716399
2024-09-24,608.812507100569
2024-09-25,607.5925053528406
2024-09-26,609.527802998717
2024-09-27,609.9092510455333
2024-09-30,611.009576027868
2024-10-01,609.8200276596472
2024-10-02,614.6466067135365
2024-10-03,612.0856907200967
2024-10-04,619.2328406295425
2024-10-07,615.3867231895381
2024-10-08,615.6618518758937
2024-10-09,621.3644813250828
2024-10-10,615.2284717332334
2024-10-11,624.1382698756415
2024-10-14,629.5674579983903
2024-10-15,626.199221033254
2024-10-16,628.2076007829289
2024-10-17,623.0395572594327
2024-10-18,613.3636728323947
2024-10-21,609.6985186836429
2024-10-22,608.1772789697807
2024-10-23,609.857670057803
2024-10-24,608.4139978699868
2024-10-25,602.4245072745296
2024-10-28,605.8605413795051
2024-10-29,603.4335986472939
2024-10-30,602.2159588360936
2024-10-31,598.5803311858846
2024-11-01,615.2875719223995
2024-11-04,605.5591584195231
2024-11-05,614.928559878101
2024-11-06,639.0480957419613
2024-11-07,650.8420958573513
2024-11-08,645.807778711123
2024-11-11,650.990332753927
2024-11-12,642.0286146951773
2024-11-13,638.9483011247553
2024-11-14,635.5077625219621
2024-11-15,627.1689975564838
2024-11-18,626.6665627268624
2024-11-19,635.7822369590787
2024-11-20,635.1614472033399
2024-11-21,659.2534579471697
2024-11-22,666.9037507789762
2024-11-25,672.5917010821506
2024-11-26,680.0584582279382
2024-11-27,675.801798537726
2024-11-29,677.6875797352327
2024-12-02,672.1552719308594
2024-12-03,670.4010427049477
2024-12-04,671.8348739442303
2024-12-05,674.9058387780811
2024-12-06,661.8797678926728
2024-12-09,640.2861490094692
2024-12-10,639.6159427073353
2024-12-11,641.8816505500572
2024-12-12,639.5352128077287
2024-12-13,639.4286707414267
2024-12-16,638.88758395441
2024-12-17,635.1212680879482
2024-12-18,611.5804172778292
2024-12-19,611.1248351178335
2024-12-20,614.5470538537284
2024-12-23,615.9575248549802
2024-12-24,624.9936945476841
2024-12-26,624.9480368292775
2024-12-27,619.3164503359907
2024-12-30,614.6746012758772
2024-12-31,613.6842948123083
2025-01-02,618.5103479034294
2025-01-03,625.9367158700804
2025-01-06,618.1006846699938
2025-01-07,609.887974311586
2025-01-08,609.7197849386155
2025-01-10,602.0949772101599
2025-01-13,605.8727522354762
2025-01-14,614.6058354923572
2025-01-15,626.8583826765934
2025-01-16,628.4323072542452
2025-01-17,635.3700000994404
2025-01-21,646.42555816427
2025-01-22,661.0736601876004
2025-01-23,670.9230535538151
2025-01-24,670.2676289208426
2025-01-27,657.919307043599
2025-01-28,660.4030375983613
2025-01-29,657.2783428511055
2025-01-30,666.8171469885782
2025-01-31,658.0816605216263
2025-02-03,657.128844332954
2025-02-04,658.7381099796687
2025-02-05,665.5134564168807
2025-02-06,664.8209004521888
2025-02-07,668.6808990395807
2025-02-10,671.9143641919045
2025-02-11,672.4861411585298
2025-02-12,664.3204801874115
2025-02-13,668.881484070007
2025-02-14,669.8576716773474
2025-02-18,663.7055971031187
2025-02-19,661.8648759240288
2025-02-20,659.8660185411377
2025-02-21,649.1206122393619
2025-02-24,643.161623755787
2025-02-25,644.8846717026663
2025-02-26,659.1242846488308
2025-02-27,642.3857652348678
2025-02-28,649.3709781498553
2025-03-03,631.7104571186915
2025-03-04,621.5210894504036
2025-03-05,627.20817825871
2025-03-06,616.9157072560579
2025-03-07,625.304869930054
2025-03-10,594.9505830271858
2025-03-11,590.4340588528063
2025-03-12,585.3172713851995
2025-03-13,564.3135380885326
2025-03-14,569.9200118817134
2025-03-17,579.5389625563195
2025-03-18,574.9699694540304
2025-03-19,590.1540379634419
2025-03-20,580.9220038763926
2025-03-21,579.0469611176566
2025-03-24,588.9150253874798
2025-03-25,588.8211599374772
2025-03-26,592.0632633544371
2025-03-27,591.9028531346164
2025-03-28,574.9767450166389
2025-03-31,566.3443079009969
2025-04-01,564.8688476656253
2025-04-02,578.0796603534034
2025-04-03,530.6605209658994
2025-04-04,510.8673783743649
2025-04-07,506.1710406154419
2025-04-08,502.13353832732594
2025-04-09,504.42216803848044
2025-04-10,505.0361850238231
2025-04-11,507.36948147293833
2025-04-14,529.4697525389863
2025-04-15,524.62294429863
2025-04-16,531.9256392382863
2025-04-17,529.6216263995677
2025-04-21,512.5978789775515
2025-04-22,514.7772640188597
2025-04-23,516.3312350281831
2025-04-24,500.65920177610263
2025-04-25,504.35686853707887
2025-04-28,506.89922675418836
2025-04-29,501.2930587588808
2025-04-30,507.65954943086837
2025-05-01,477.68102991586153
2025-05-02,484.019528952886
2025-05-05,491.05911169031367
2025-05-06,499.502036422737
2025-05-07,500.5115880939567
2025-05-08,493.4919658054039
2025-05-09,497.50551657488836
2025-05-12,487.9238696784221
2025-05-13,486.2347945381798
2025-05-14,499.73455672885643
2025-05-15,508.30165062674405
2025-05-16,507.7591667456325
2025-05-19,514.3204838390045
2025-05-20,518.2053395613369
2025-05-21,515.8950386692095
2025-05-22,507.64047733950235
2025-05-23,514.2594682226488
2025-05-27,512.3988983328392
2025-05-28,511.5253447685378
2025-05-29,513.2123533376674
2025-05-30,518.413930411398
2025-06-02,517.0494443200837
2025-06-03,515.5124504775978
2025-06-04,513.8797256962503
2025-06-05,516.5081170748459
2025-06-06,517.1253623843523
2025-06-09,512.3059064638077
2025-06-10,512.5009615259634
2025-06-11,521.5802095030556
2025-06-12,510.9103223010318
2025-06-13,509.1397632536072
2025-06-16,507.5115780038335
2025-06-17,504.94275744968763
2025-06-18,505.16164142824533
2025-06-20,505.7291116511891
2025-06-23,514.0665686778776
2025-06-24,519.5149974386907
2025-06-25,511.81904995079066
2025-06-26,523.1369603131237
2025-06-27,530.7882187506481
2025-06-30,533.2638605581457
2025-07-01,524.4748657369269
2025-07-02,528.2562370316381
2025-07-03,536.0402073351333
2025-07-07,533.2899880109388
2025-07-08,529.9499298867404
2025-07-09,525.5167841737693
2025-07-10,527.1922685423904
2025-07-11,524.5294634717736
2025-07-14,528.3642166213117
2025-07-15,521.0856525579505
2025-07-16,524.7854073478254
2025-07-17,523.8354239325322
2025-07-18,526.2785173755184
2025-07-21,524.6192576957415
2025-07-22,527.602698114357
2025-07-23,533.9900679459611
2025-07-24,528.3698937517333
2025-07-25,527.966083382769
2025-07-28,527.893274598619
2025-07-29,523.99677860066
2025-07-30,523.6288501582598
2025-07-31,522.3564855043501
2025-08-01,511.62688964276884
2025-08-04,526.0381858204529
2025-08-05,525.2227144277197
2025-08-06,517.2488896485487
2025-08-07,513.9860545406817
2025-08-08,513.6532689360916
2025-08-11,511.3298379444591
2025-08-12,521.3299099550085
2025-08-13,524.7049485655103
2025-08-14,519.8359300400392
2025-08-15,521.3997068591169
2025-08-18,523.8811102839436
2025-08-19,500.6836777646694
2025-08-20,501.8315745864024
2025-08-21,503.7300968619636
2025-08-22,503.27612285236114
2025-08-25,498.98334130370495
2025-08-26,497.14355184371266
2025-08-27,500.6321422489848
2025-08-28,499.53495191527736
2025-08-29,500.9524368218472
2025-09-02,502.79600380234206
2025-09-03,499.5728854306547
2025-09-04,502.9665700045508
2025-09-05,505.47127128253373
2025-09-08,505.31428598021745
2025-09-09,505.52256309994806
2025-09-10,506.3132074280917
2025-09-11,512.8198683442049
2025-09-12,508.6931941253666
2025-09-15,503.66255675146044
2025-09-16,502.5692295096316
2025-09-17,501.2508583062364
2025-09-18,511.06573860099144
2025-09-19,510.5488308405224
2025-09-22,507.3378481496934
2025-09-23,501.00462204540565
2025-09-24,495.71829186815705
2025-09-25,493.7859723791256
2025-09-26,494.84660245115583
2025-09-29,503.1654960982666
2025-09-30,503.25656137957424
2025-10-01,500.32316381284284
2025-10-02,503.71965427198523
2025-10-03,490.1537936864377
2025-10-06,493.0255708667447
2025-10-07,487.49966466659
2025-10-08,494.9392546209447
2025-10-09,498.6809741608599
2025-10-10,495.88848830290294
2025-10-13,496.353019494326
2025-10-14,504.9695406486997
2025-10-15,496.2076682672704
2025-10-16,494.4696102883722
2025-10-17,501.2793521780908
2025-10-20,517.7896278407355
2025-10-21,524.4355376714306
2025-10-22,526.3766344680085
2025-10-23,538.5131096100934
2025-10-24,547.2150219006588
2025-10-27,555.0544267928911
2025-10-28,546.83801674137
2025-10-29,558.2410435234407
2025-10-30,561.6331750317079
2025-10-31,560.3162084688315
2025-11-03,551.5651264218676
2025-11-04,547.9132197777093
2025-11-05,550.098472213971
2025-11-06,540.8582461451473
2025-11-07,541.7475018057344
2025-11-10,558.9035055050418
2025-11-11,552.4056591290888
2025-11-12,560.5259936763717
2025-11-13,532.2288301255544
2025-11-14,543.8592538974043
2025-11-17,540.6828304705878
2025-11-18,540.9377841912371
2025-11-19,537.0896503342186
2025-11-20,529.1216202365166
2025-11-21,543.9054807700693
2025-11-24,570.2048720169587
2025-11-25,580.3719498474491
2025-11-26,593.860955872265
2025-11-28,598.9089137089968
2025-12-01,590.235920065483
2025-12-02,597.9382410109488
2025-12-03,615.6531120404521
2025-12-04,632.7938044205575
2025-12-05,628.9712767490004
2025-12-08,616.3831409215202
2025-12-09,616.2647998720773
2025-12-10,620.1705285448363
2025-12-11,627.1940823353128
2025-12-12,623.097999557652
2025-12-15,631.3509484751837
2025-12-16,631.8576555033221
2025-12-17,627.6928848403128
2025-12-18,625.8629762050632
2025-12-19,630.3223518561005
2025-12-22,631.4044718626776
2025-12-23,634.5037056379733
2025-12-24,635.6836595846855
2025-12-26,636.6725965421176
2025-12-29,630.3675485241694
2025-12-30,629.1588681538963
2025-12-31,624.7529055126678
2026-01-02,634.9681907005264
2026-01-05,638.3577947047576
2026-01-06,646.4552756510765
2026-01-07,642.130834648525
2026-01-08,645.0899366512723
2026-01-09,651.7607007880047
2026-01-12,664.3629945208606
2026-01-13,668.1547269308874
2026-01-14,669.3652859996055
2026-01-15,676.4477422026077
2026-01-16,672.6926017995231
2026-01-20,679.5813509696923
2026-01-21,684.2880898217654
2026-01-22,688.4069832307061
2026-01-23,689.8119672539314
2026-01-26,693.802486882476
2026-01-27,708.8602925233545
2026-01-28,711.4022208198513
2026-01-29,723.3777509437579
2026-01-30,695.5246694236013
2026-02-02,705.8324657703051
2026-02-03,721.232209179821
2026-02-04,723.116371165501
2026-02-05,684.2020924430834
2026-02-06,698.5427469250216
2026-02-09,717.9039876171049
2026-02-10,709.5148385150753
2026-02-11,723.8704485378967
2026-02-12,698.6878028129713
2026-02-13,699.8248470373658
2026-02-17,710.748183962542
2026-02-18,726.5336842545476
2026-02-19,728.0369674967333
2026-02-20,734.411725385521
2026-02-23,733.1933895842844
2026-02-24,737.8830121987615
2026-02-25,734.4688716418325
2026-02-26,743.8070179873474
2026-02-27,748.8747199430134
2026-03-02,746.4245468933894
2026-03-03,732.6903112814825
2026-03-04,736.065934549893
2026-03-05,715.8034443003285
2026-03-06,704.7475190703375
2026-03-09,725.6513035559308
2026-03-10,727.8477125895968
2026-03-11,724.0175318352051
2026-03-12,695.1073134273211
2026-03-13,682.2887001665549
2026-03-16,690.1480893843892
2026-03-17,694.2855271661397
2026-03-18,678.527806758785
2026-03-19,676.6391504301205
2026-03-20,655.319809036013
2026-03-23,678.5490160571908
2026-03-24,702.1944166448118
2026-03-25,711.0562451544062
2026-03-26,713.5841409154256
2026-03-27,718.2926337517929
2026-03-30,705.151789276126
2026-03-31,722.5680859355842
2026-04-01,740.2115617072645
2026-04-02,739.6433283954682
2026-04-06,751.2802845230556
2026-04-07,751.8257982033717
2026-04-08,754.3376867550644
2026-04-09,744.3485502844477
2026-04-10,744.1380226328739
2026-04-13,753.8492029358642
2026-04-14,739.7243855209045
2026-04-15,735.1037681620983
2026-04-16,745.8575347422247
2026-04-17,735.3172132684595
2026-04-20,733.5703189634887
2026-04-21,739.6441832049511
2026-04-22,751.3050646960687
2026-04-23,755.8956824306772
2026-04-24,765.2698758617274
2026-04-27,758.0175295535975
2026-04-28,753.4067017284991
2026-04-29,770.6931216916726
2026-04-30,779.0573364695507
2026-05-01,774.707689790999
2026-05-04,777.164847575511
2026-05-05,792.2415299608949
2026-05-06,778.2275906589191
2026-05-07,790.7161049077758
2026-05-08,796.8929435545612
2026-05-11,812.5004331647926
2026-05-12,808.5531316215954
2026-05-13,822.4090772229981
2026-05-14,827.2285565190316
2026-05-15,826.2629614791965
2026-05-18,815.4313400732289
2026-05-19,824.783726036471
2026-05-20,823.8807891727466
2026-05-21,823.7848808092579
2026-05-22,824.811371442328
2026-05-26,860.0401442157529
2026-05-27,850.3323729098897
2026-05-28,846.2020283887766
2026-05-29,828.0854354287153
2026-06-01,823.4175119388524
2026-06-02,842.512119946434
2026-06-03,846.5610391481225
2026-06-04,845.4288215613369
2026-06-05,803.8666367755945
2026-06-08,820.9462742348553
2026-06-09,808.291221938179
2026-06-10,830.2374757164533
2026-06-11,851.2517850353729
2026-06-12,849.661877710535
2026-06-15,844.4816758003661
2026-06-16,829.7607513378595
2026-06-17,814.9183297185823
2026-06-18,825.2621562969723
2026-06-22,850.4548326252067
2026-06-23,836.9698095339676
2026-06-24,836.2967760519206
2026-06-25,865.7934064631179
2026-06-26,838.5250061435805
2026-06-29,865.4204012461665
2026-06-30,864.1940809155478
2026-07-01,853.4165892320718
2026-07-02,821.929730572423
2026-07-06,832.4868149273229
2026-07-07,803.2438685439968
2026-07-08,811.4610941644102
2026-07-09,827.0293197341592
2026-07-10,823.3527728205953
2026-07-13,814.0042444445896
2026-07-14,835.0988864225366
2026-07-15,844.1855034381457
2026-07-16,845.3968538459592
2026-07-17,846.4295446202208
2026-07-20,835.8440402385985
2026-07-21,858.4163550600032
2026-07-22,849.518547471317
2026-07-23,844.8462989476735
2026-07-24,830.7441572822939
2026-07-27,822.6326725426811
2026-07-28,821.7391658454775
2026-07-29,828.331920653633
2026-07-30,840.6771820541073
2026-07-31,832.9244150523887
2026-08-03,845.2306592831046
2026-08-04,855.713605886968
2026-08-05,852.5870997588137
2026-08-06,872.3756585158317
2026-08-07,881.7730393047254
2026-08-10,883.343056035724
2026-08-11,885.1586622339685
2026-08-12,887.8069718786774
2026-08-13,900.6495570979262
2026-08-14,894.4229727365478
2026-08-17,887.7521456782506
2026-08-18,883.1574696731781
2026-08-19,897.094594187928
2026-08-20,878.3719741793523
2026-08-21,883.4632767372136
2026-08-24,880.3445491844352
2026-08-25,874.937232230119
2026-08-26,882.1099557136963
2026-08-27,895.5643127781505
2026-08-28,884.437257748808
2026-08-31,875.818148741256
2026-09-01,870.5467729245128
2026-09-02,871.3769003136882
2026-09-03,872.1970867401233
2026-09-04,867.0876020675339
2026-09-08,815.0217576083935
2026-09-09,814.7384712302924
2026-09-10,817.2953207425843
2026-09-11,824.3182733049345
2026-09-14,815.5623050065424
2026-09-15,811.5003458501187
2026-09-16,804.0745410649195
2026-09-17,806.8537928867254
2026-09-18,802.2277402540317
2026-09-21,797.349897799698
2026-09-22,789.726249675007
2026-09-23,782.0350797577036
2026-09-24,784.1525131200306
2026-09-25,786.9172724891087
