year,n_train,n_calib,n_test,fitted,train_end,calib_start,calib_end,test_start,base_rate,calib_base
2018,10300,1530,1560,True,2016-12-16,2017-01-06,2017-12-22,2018-01-05,0.49067961165048546,0.4823529411764706
2019,15500,1530,1560,True,2017-12-15,2018-01-05,2018-12-21,2019-01-04,0.49374193548387096,0.46339869281045754
2020,20700,1530,1590,True,2018-12-14,2019-01-04,2019-12-20,2020-01-03,0.4882608695652174,0.5006535947712418
2021,25900,1530,1560,True,2019-12-13,2020-01-03,2020-12-18,2021-01-08,0.4961003861003861,0.4620915032679739
2022,31100,1500,1560,True,2020-12-11,2021-01-08,2021-12-17,2022-01-07,0.4947909967845659,0.396
2023,36400,1500,1560,True,2021-12-17,2022-01-07,2022-12-16,2023-01-06,0.4870054945054945,0.4093333333333333
2024,41600,1530,1560,True,2022-12-16,2023-01-06,2023-12-22,2024-01-05,0.4779807692307692,0.4568627450980392
2025,46800,1530,1560,True,2023-12-15,2024-01-05,2024-12-20,2025-01-03,0.47925213675213674,0.4300653594771242
2026,52000,1530,1140,True,2024-12-13,2025-01-03,2025-12-19,2026-01-02,0.47644230769230766,0.37777777777777777
