model,cov_target,n,brier,brier_base,skill,ece,ece_floor,acc
blend,0.05,1495,0.2527478163820445,0.24810347987764836,-0.018719352532606592,0.07094882981775938,0.019918832127940655,0.5719063545150501
blend,0.25,5062,0.24805455414688726,0.24800152954973279,-0.0002138075408275597,0.03984115135164686,0.010448626126716189,0.5740813907546425
blend,1.0,13650,0.24651134039737094,0.2484521912857781,0.00781176804423811,0.02699940091142305,0.00612240205911225,0.5648351648351648
combined:gbm,0.05,2300,0.268282660848588,0.24877325995056465,-0.07842241928212124,0.11590295567051585,0.015181773445559283,0.5343478260869565
combined:gbm,0.25,5879,0.2519594924198571,0.24824525897633207,-0.014961951172163701,0.05285347319028513,0.00930851407803803,0.5633611158360265
combined:gbm,1.0,13650,0.24876037361066694,0.2484521912857781,-0.0012404089627624515,0.0373923599711915,0.006032892518864066,0.5566300366300366
combined:linear,0.05,2048,0.2516079393740267,0.24855881430607457,-0.012267217625995919,0.05641575797726388,0.015640483426842537,0.56640625
combined:linear,0.25,5339,0.2490049466074125,0.24818115651133252,-0.0033193096029526803,0.059984280426768,0.009605302045453503,0.5765124555160143
combined:linear,1.0,13650,0.2482247610911225,0.2484521912857781,0.0009153881617168791,0.03874042898978924,0.005940334381845265,0.556996336996337
ctl_random,0.05,593,0.24746768521945728,0.24846287276355694,0.004005377274401534,0.047339992424321575,0.02654343302819464,0.5311973018549747
ctl_random,0.25,3380,0.24605165483490493,0.2484426075211197,0.009623762647119727,0.014630165186151041,0.011014582103848033,0.5526627218934911
ctl_random,1.0,13650,0.2460796785949701,0.2484521912857781,0.009549171929335354,0.016766239495332534,0.005330828632809851,0.5589010989010988
ctl_shuffled,0.05,812,0.24364870786742132,0.24788197738990314,0.017077762437819888,0.04439720880822344,0.023293325896510664,0.5800492610837439
ctl_shuffled,0.25,3684,0.24436010866772703,0.247864577303522,0.014138642455164385,0.039345895942781914,0.010467252545715584,0.5738327904451683
ctl_shuffled,1.0,13650,0.24609527924071795,0.2484521912857781,0.009486380590417731,0.027519041276707495,0.005281088927531385,0.5605860805860806
event_regime:gbm,0.05,2481,0.2707000073171661,0.2490715528217039,-0.08683630968866507,0.11654913122492848,0.015328015444619106,0.539701733172108
event_regime:gbm,0.25,6084,0.25420001282873933,0.2483579608453803,-0.02352270876871998,0.06330803532283284,0.009461854772248042,0.5603221564760026
event_regime:gbm,1.0,13650,0.2504215862941512,0.2484521912857781,-0.007926655821311801,0.049090488972473804,0.006095371624602814,0.5574358974358974
event_regime:linear,0.05,2338,0.2591327095704915,0.24861370219416046,-0.04231065015119717,0.0823122995889312,0.013644052110915458,0.5526090675791274
event_regime:linear,0.25,4591,0.254099367071689,0.24812188796635226,-0.0240908980434138,0.06239933989458187,0.010181236439138439,0.5624047048573295
event_regime:linear,1.0,13650,0.24998069620337782,0.2484521912857781,-0.006152108820974611,0.051803124301834695,0.006203508717986952,0.5566300366300366
insider:gbm,0.05,517,0.249583954794692,0.2482453398526444,-0.005392306428963378,0.048309977608847685,0.03727780254531371,0.5667311411992263
insider:gbm,0.25,624,0.24789685336439285,0.24853421278194018,0.0025644735604531954,0.057351584493322706,0.03407255270153285,0.5785256410256411
insider:gbm,1.0,13650,0.2460461135391282,0.2484521912857781,0.009684268567719534,0.017393602279358548,0.0058963738770270455,0.5559706959706959
insider:linear,0.05,545,0.2520723790297825,0.24890194400270063,-0.012737686882218435,0.05465037018418565,0.03190831383030658,0.5321100917431193
insider:linear,0.25,668,0.2504259372998822,0.24910910044323503,-0.005286185267034282,0.028527455554777214,0.02858487066977588,0.5494011976047904
insider:linear,1.0,13650,0.24598120172537716,0.2484521912857781,0.009945533374502324,0.016216977204218174,0.005616792246766807,0.5563369963369963
leak:gbm,1.0,13650,1.034125620842423e-08,0.2484521912857781,0.9999999583772792,0.00010169097535465381,9.719863087890425e-05,1.0
leak:linear,1.0,13650,1.0341256208424234e-08,0.2484521912857781,0.9999999583772792,0.00010169097535465384,9.719863087890427e-05,1.0
miner,0.05,168,0.22807770941187674,0.2431785696628613,0.06209782495192784,0.14074011000704212,0.0520736182126504,0.6428571428571429
miner,0.25,436,0.2294818803027757,0.24482649026209588,0.0626754479994922,0.04145080563725049,0.029190379424687538,0.6399082568807339
miner,1.0,13650,0.24605439348921238,0.2484521912857781,0.009650942437483767,0.01572918655663943,0.005885720342735339,0.5556776556776557
pead:gbm,0.05,799,0.22401337894442136,0.24492049040053585,0.08536285151937917,0.049371467938436595,0.02534560443135033,0.6520650813516896
pead:gbm,0.25,3767,0.2399002777397837,0.24741434980505714,0.03037039715438461,0.015753251627887616,0.011112021825910036,0.5911866206530395
pead:gbm,1.0,13650,0.24503771693218396,0.2484521912857781,0.013742983452565749,0.012487795261196722,0.005556372377135993,0.5608058608058608
pead:linear,0.05,905,0.2415036506253736,0.24674258458177498,0.02123238664003335,0.053780826767355655,0.022922016950727903,0.605524861878453
pead:linear,0.25,3603,0.24225602560070397,0.24792167260457204,0.02285256849208428,0.014731891310861094,0.011311761586770757,0.5836802664446294
pead:linear,1.0,13650,0.24547208263757697,0.2484521912857781,0.011994696576345776,0.014070190387532636,0.005512893301295277,0.567032967032967
planted:gbm,0.05,447,0.05751694391149695,0.2447793235951056,0.7650253172255803,0.02879854646352434,0.018103667587835444,0.9395973154362416
planted:gbm,0.25,685,0.07032735453888721,0.24815844828452138,0.716603021073638,0.029464286167450445,0.01641856686904995,0.9240875912408759
planted:gbm,1.0,13650,0.23725907154008935,0.2484521912857781,0.045051402798110374,0.018665814690721844,0.005234595436031199,0.5821245421245421
planted:linear,0.05,459,0.05583129306587561,0.2431802842345258,0.7704119261081573,0.025115177465156093,0.01758395638083182,0.9411764705882353
planted:linear,0.25,685,0.07022057431187437,0.24815844828452138,0.7170333115906484,0.02833823260256178,0.0164206656869376,0.9240875912408759
planted:linear,1.0,13650,0.23724992396874392,0.2484521912857781,0.04508822103383647,0.018765724750106662,0.005234846807397426,0.5821245421245421
reversal_mom:gbm,0.05,915,0.23427776574161682,0.24706748917805807,0.051766112486065996,0.05035127329674356,0.023373395629697216,0.6229508196721312
reversal_mom:gbm,0.25,3942,0.23997773162777558,0.2476616264251231,0.0310257786329714,0.025869266721725234,0.010984541290726789,0.5961440892947742
reversal_mom:gbm,1.0,13650,0.24511831398443631,0.2484521912857781,0.013418586827866008,0.018975100133200303,0.005708439596926599,0.5625641025641026
reversal_mom:linear,0.05,1137,0.24352575947664626,0.2477019887551061,0.016859894018003696,0.03282527973035589,0.01985780590561188,0.5883905013192612
reversal_mom:linear,0.25,4383,0.24505282272487058,0.24822477878502258,0.012778563347614513,0.03130296280369841,0.009843994512482924,0.5701574264202601
reversal_mom:linear,1.0,13650,0.24615527464386328,0.2484521912857781,0.009244903939176097,0.024867467362336387,0.0054130395340436085,0.5594871794871795
