model,year,cov_target,n,acc,lo,hi,up_rate
blend,2018,0.1,1264,0.4525316455696203,0.4252765498712161,0.48007440248750133,0.49604430379746833
blend,2018,0.25,2064,0.46705426356589147,0.44561121647527324,0.4886197226837029,0.4946705426356589
blend,2018,1.0,5200,0.4823076923076923,0.468744116757992,0.49589738962452357,0.48173076923076924
blend,2019,0.1,410,0.5048780487804878,0.45666144927788127,0.5530040845882163,0.4926829268292683
blend,2019,0.25,1091,0.4922089825847846,0.46262226436625026,0.5218503753288435,0.5068744271310724
blend,2019,1.0,5200,0.4907692307692308,0.4771932211384158,0.5043588691481141,0.5092307692307693
blend,2020,0.1,728,0.5247252747252747,0.48841381102214,0.5607771614505918,0.43543956043956045
blend,2020,0.25,1499,0.5030020013342228,0.4777152242969525,0.5282734307948416,0.4563042028018679
blend,2020,1.0,5300,0.4950943396226415,0.481642080710919,0.5085537049249113,0.4950943396226415
blend,2021,0.1,996,0.5913654618473896,0.5605414453705009,0.6214873879967047,0.4086345381526104
blend,2021,0.25,2306,0.5901994796183868,0.5699926122087045,0.6101063175187713,0.4054640069384215
blend,2021,1.0,5200,0.5632692307692307,0.5497465067669068,0.5766985410608364,0.4230769230769231
blend,2022,0.1,26,0.8846153846153846,0.7102370691310166,0.959968281788505,0.11538461538461539
blend,2022,0.25,62,0.8387096774193549,0.7279343069043936,0.9099602764593157,0.16129032258064516
blend,2022,1.0,5200,0.5757692307692308,0.5622849318653794,0.5891416603660214,0.42423076923076924
blend,2023,0.1,2065,0.5457627118644067,0.5242222091729628,0.5671332624107485,0.4542372881355932
blend,2023,0.25,3704,0.5315874730021598,0.5154928057729868,0.5476166862829845,0.4684125269978402
blend,2023,1.0,5200,0.5169230769230769,0.5033332241025618,0.5304879437054669,0.48615384615384616
blend,2024,0.1,536,0.6100746268656716,0.5681399934376895,0.6504426426540825,0.39925373134328357
blend,2024,0.25,1425,0.6070175438596491,0.5814030771752638,0.6320565533394131,0.4287719298245614
blend,2024,1.0,5200,0.5609615384615385,0.5474326737112065,0.5744003966881692,0.45865384615384613
blend,2025,0.1,1110,0.6117117117117117,0.5827021635978288,0.639950680397224,0.4036036036036036
blend,2025,0.25,2210,0.6,0.579418300918679,0.6202346462479115,0.416289592760181
blend,2025,1.0,5200,0.5851923076923077,0.5717427782177767,0.598516055179458,0.4369230769230769
blend,2026,0.1,306,0.6503267973856209,0.5953316379546366,0.7015942751570953,0.34967320261437906
blend,2026,0.25,921,0.6210640608034745,0.589291058003155,0.6518313136548675,0.3767643865363735
blend,2026,1.0,3800,0.5573684210526316,0.541525643973329,0.5730953223676459,0.43315789473684213
combined:gbm,2018,0.1,1528,0.45418848167539266,0.4293693001582044,0.47923743829308196,0.5170157068062827
combined:gbm,2018,0.25,2374,0.45492839090143217,0.43498573810723784,0.47501667752885823,0.5092670598146588
combined:gbm,2018,1.0,5200,0.4875,0.47392833308904797,0.5010901225072946,0.48173076923076924
combined:gbm,2019,0.1,249,0.4538152610441767,0.3931450843421654,0.5158888720953829,0.5461847389558233
combined:gbm,2019,0.25,1542,0.4721141374837873,0.44729665317147616,0.49707022115769184,0.5278858625162127
combined:gbm,2019,1.0,5200,0.4894230769230769,0.4758487851366117,0.5030129849833704,0.5092307692307693
combined:gbm,2020,0.1,1050,0.5123809523809524,0.4821567598208619,0.5425148796361495,0.3942857142857143
combined:gbm,2020,0.25,1960,0.4658163265306122,0.4438205545500358,0.48794583638495603,0.4785714285714286
combined:gbm,2020,1.0,5300,0.46962264150943395,0.4562130244080363,0.4830762635676829,0.4950943396226415
combined:gbm,2021,0.1,222,0.36936936936936937,0.3086056388049242,0.4345771937644518,0.6306306306306306
combined:gbm,2021,0.25,1282,0.5241809672386896,0.4968110660207223,0.5514063816026865,0.44617784711388453
combined:gbm,2021,1.0,5200,0.5601923076923077,0.5466614617710241,0.5736342828188956,0.4230769230769231
combined:gbm,2022,0.1,3280,0.5201219512195122,0.5030107191887244,0.5371861039467155,0.4798780487804878
combined:gbm,2022,0.25,3903,0.5441967717140661,0.5285358124428969,0.5597708135539186,0.4558032282859339
combined:gbm,2022,1.0,5200,0.5688461538461539,0.555339494127268,0.5822511658190301,0.42423076923076924
combined:gbm,2023,0.1,1456,0.5583791208791209,0.5327512991772227,0.5836996911219987,0.4416208791208791
combined:gbm,2023,0.25,2651,0.5322519803847605,0.5132250275652955,0.55118559489896,0.46774801961523954
combined:gbm,2023,1.0,5200,0.5138461538461538,0.500256000819936,0.5274158637502692,0.48615384615384616
combined:gbm,2024,0.1,284,0.6232394366197183,0.5655896492070683,0.6775996604688089,0.44366197183098594
combined:gbm,2024,0.25,1244,0.6181672025723473,0.5908443079065945,0.6447625191137581,0.4059485530546624
combined:gbm,2024,1.0,5200,0.5482692307692307,0.5347118654426993,0.5617553291006548,0.45865384615384613
combined:gbm,2025,0.1,990,0.5969696969696969,0.5660965944869404,0.6270931452059844,0.403030303030303
combined:gbm,2025,0.25,2114,0.5737937559129612,0.5525975938034933,0.5947222057509209,0.4262062440870388
combined:gbm,2025,1.0,5200,0.5805769230769231,0.5671097370199087,0.5939251415205911,0.4369230769230769
combined:gbm,2026,0.1,883,0.5673839184597962,0.5344828159324921,0.5997012367777101,0.4292185730464326
combined:gbm,2026,0.25,1482,0.601889338731444,0.576734217813124,0.6265175958391523,0.3967611336032389
combined:gbm,2026,1.0,3800,0.5621052631578948,0.5462757985638045,0.5778092842640399,0.43315789473684213
combined:linear,2018,0.1,1130,0.4654867256637168,0.436569030907526,0.494638291173442,0.5194690265486726
combined:linear,2018,0.25,1957,0.4910577414409811,0.4689476007902187,0.5132029207001454,0.4905467552376086
combined:linear,2018,1.0,5200,0.4946153846153846,0.48103500929220355,0.5082037100416056,0.48173076923076924
combined:linear,2019,0.1,282,0.46808510638297873,0.41066597273427585,0.5263620875620562,0.524822695035461
combined:linear,2019,0.25,813,0.4698646986469865,0.43577928233668856,0.5042335671557958,0.5301353013530136
combined:linear,2019,1.0,5200,0.495,0.4814192322984986,0.5085881499400384,0.5092307692307693
combined:linear,2020,0.1,1446,0.5200553250345782,0.49428537586542226,0.5457189942671496,0.487551867219917
combined:linear,2020,0.25,2543,0.5233975619347228,0.5039645891380147,0.5427599499931193,0.4907589461266221
combined:linear,2020,1.0,5300,0.5254716981132076,0.5120142494845668,0.5388922481755445,0.4950943396226415
combined:linear,2021,0.1,1048,0.4026717557251908,0.37338612901471574,0.4326683187272256,0.3979007633587786
combined:linear,2021,0.25,2150,0.4027906976744186,0.3822499169016719,0.42367824420358285,0.39767441860465114
combined:linear,2021,1.0,5200,0.44096153846153846,0.4275149495566349,0.454495294567629,0.4230769230769231
combined:linear,2022,0.1,12,0.75,0.46768966087934005,0.9110599603710386,0.25
combined:linear,2022,0.25,31,0.7741935483870968,0.6018723994130262,0.8860500840550121,0.22580645161290322
combined:linear,2022,1.0,5200,0.5848076923076924,0.5713566453570611,0.598133525135446,0.42423076923076924
combined:linear,2023,0.1,2175,0.5567816091954023,0.5358222029700976,0.5775407877126579,0.4432183908045977
combined:linear,2023,0.25,3662,0.5352266521026762,0.5190439267000686,0.5513355463246252,0.4647733478973239
combined:linear,2023,1.0,5200,0.5159615384615385,0.5023715365219826,0.5295279740242261,0.48615384615384616
combined:linear,2024,0.1,737,0.5522388059701493,0.5161588984259298,0.5877769496689937,0.42198100407055633
combined:linear,2024,0.25,1553,0.5428203477141017,0.5179684401414896,0.5674609317355209,0.42884739214423695
combined:linear,2024,1.0,5200,0.5455769230769231,0.5320146550168195,0.5590718991934392,0.45865384615384613
combined:linear,2025,0.1,894,0.6554809843400448,0.6237241826415586,0.685907271280826,0.34451901565995524
combined:linear,2025,0.25,1824,0.6074561403508771,0.5848425482856989,0.6296180482999132,0.3925438596491228
combined:linear,2025,1.0,5200,0.5919230769230769,0.5785014653567851,0.6052089688731882,0.4369230769230769
combined:linear,2026,0.1,197,0.5939086294416244,0.5241681341592126,0.6600566479576397,0.40609137055837563
combined:linear,2026,0.25,682,0.593841642228739,0.556556339264492,0.6300756760579965,0.4032258064516129
combined:linear,2026,1.0,3800,0.5502631578947368,0.5344031355324834,0.5660216560781872,0.43315789473684213
ctl_random,2018,0.1,528,0.5132575757575758,0.47068193104637235,0.5556416961388648,0.4962121212121212
ctl_random,2018,0.25,1271,0.5027537372147916,0.4752986594812766,0.5301922187580278,0.4830841856805665
ctl_random,2018,1.0,5200,0.4973076923076923,0.483724739040628,0.5108946206262766,0.48173076923076924
ctl_random,2019,0.1,518,0.47297297297297297,0.4303342487127433,0.5160096226842478,0.527027027027027
ctl_random,2019,0.25,1342,0.4858420268256334,0.45917972456530726,0.5125851547488707,0.5141579731743666
ctl_random,2019,1.0,5200,0.4905769230769231,0.47700115282455324,0.5041666060096126,0.5092307692307693
ctl_random,2020,0.1,507,0.4970414201183432,0.4537050540068113,0.5404222840956455,0.5009861932938856
ctl_random,2020,0.25,1279,0.48944487881157156,0.4621210880122356,0.5168318863846034,0.48866301798279904
ctl_random,2020,1.0,5300,0.4877358490566038,0.4742923183504946,0.5011971457390815,0.4950943396226415
ctl_random,2021,0.1,567,0.5855379188712522,0.544545444704719,0.6253791017894398,0.4126984126984127
ctl_random,2021,0.25,1300,0.5838461538461538,0.5568420556343814,0.6103561684443717,0.41615384615384615
ctl_random,2021,1.0,5200,0.5753846153846154,0.5618990036727578,0.588758925653915,0.4230769230769231
ctl_random,2022,0.1,553,0.6094032549728752,0.568117965255955,0.6491790183027445,0.39059674502712477
ctl_random,2022,0.25,1366,0.5856515373352855,0.559323273315322,0.6114993969846603,0.4143484626647145
ctl_random,2022,1.0,5200,0.5757692307692308,0.5622849318653794,0.5891416603660214,0.42423076923076924
ctl_random,2023,0.1,509,0.5068762278978389,0.4635540426546831,0.550095396080396,0.4931237721021611
ctl_random,2023,0.25,1289,0.5213343677269201,0.4940402686348767,0.5485016792727401,0.4786656322730799
ctl_random,2023,1.0,5200,0.5138461538461538,0.500256000819936,0.5274158637502692,0.48615384615384616
ctl_random,2024,0.1,586,0.5238907849829352,0.4834295959770096,0.5640407757295638,0.4761092150170648
ctl_random,2024,0.25,1332,0.5503003003003003,0.5234780846036964,0.5768332097892916,0.4496996996996997
ctl_random,2024,1.0,5200,0.5415384615384615,0.5279695864866439,0.5550460072239717,0.45865384615384613
ctl_random,2025,0.1,578,0.5622837370242214,0.5215590206769877,0.6021859985859869,0.43771626297577854
ctl_random,2025,0.25,1380,0.5528985507246377,0.5265550696634403,0.578948334772443,0.44710144927536233
ctl_random,2025,1.0,5200,0.5628846153846154,0.5493608473650762,0.5763155375579392,0.4369230769230769
ctl_random,2026,0.1,345,0.5246376811594203,0.47195929075259974,0.5767734291982319,0.4753623188405797
ctl_random,2026,0.25,929,0.5435952637244349,0.5114509397967032,0.5753805222650231,0.4564047362755651
ctl_random,2026,1.0,3800,0.5668421052631579,0.551027411441751,0.5825217878729629,0.43315789473684213
ctl_shuffled,2018,0.1,633,0.5197472353870458,0.4808243881394134,0.5584318413531324,0.47709320695102686
ctl_shuffled,2018,0.25,1435,0.5094076655052264,0.48355144773280806,0.5352136477439976,0.47874564459930313
ctl_shuffled,2018,1.0,5200,0.5115384615384615,0.49794842113269155,0.5251114660091459,0.48173076923076924
ctl_shuffled,2019,0.1,307,0.3778501628664495,0.3254380151637773,0.4332815384609629,0.6221498371335505
ctl_shuffled,2019,0.25,865,0.4635838150289017,0.43058548383288026,0.4969041759624148,0.5364161849710982
ctl_shuffled,2019,1.0,5200,0.48923076923076925,0.47565673088825966,0.5028207077793585,0.5092307692307693
ctl_shuffled,2020,0.1,899,0.4660734149054505,0.4336774016817629,0.49875814404408775,0.4738598442714127
ctl_shuffled,2020,0.25,1660,0.47048192771084335,0.4465665182281959,0.4945336441911113,0.47650602409638554
ctl_shuffled,2020,1.0,5300,0.49377358490566037,0.4803226780553385,0.507233511405523,0.4950943396226415
ctl_shuffled,2021,0.1,509,0.5540275049115914,0.5105995301677916,0.5966460598935451,0.44597249508840864
ctl_shuffled,2021,0.25,1177,0.5794392523364486,0.5510231349497761,0.6073384945863107,0.4205607476635514
ctl_shuffled,2021,1.0,5200,0.5769230769230769,0.5634427663586606,0.5902898145869239,0.4230769230769231
ctl_shuffled,2022,0.1,422,0.5924170616113744,0.5449041835191393,0.6382625150842851,0.4075829383886256
ctl_shuffled,2022,0.25,884,0.5712669683257918,0.5384033681302787,0.6035138387228356,0.4287330316742081
ctl_shuffled,2022,1.0,5200,0.5757692307692308,0.5622849318653794,0.5891416603660214,0.42423076923076924
ctl_shuffled,2023,0.1,848,0.5035377358490566,0.469945250011391,0.5370983130172284,0.4964622641509434
ctl_shuffled,2023,0.25,1984,0.515625,0.4936251388180895,0.5375644690460382,0.484375
ctl_shuffled,2023,1.0,5200,0.5138461538461538,0.500256000819936,0.5274158637502692,0.48615384615384616
ctl_shuffled,2024,0.1,439,0.5421412300683371,0.4953703870352694,0.588180932443298,0.4510250569476082
ctl_shuffled,2024,0.25,1082,0.5397412199630314,0.5099542476092997,0.5692469913191036,0.455637707948244
ctl_shuffled,2024,1.0,5200,0.5296153846153846,0.5160322178140291,0.543154825850021,0.45865384615384613
ctl_shuffled,2025,0.1,572,0.5716783216783217,0.5307801795386754,0.6116200916470117,0.42832167832167833
ctl_shuffled,2025,0.25,1296,0.5532407407407407,0.5260555053997222,0.5801112767681973,0.44675925925925924
ctl_shuffled,2025,1.0,5200,0.563076923076923,0.5495536760374784,0.5765070403379009,0.4369230769230769
ctl_shuffled,2026,0.1,274,0.5912408759124088,0.5321594991167864,0.6477991535831693,0.40875912408759124
ctl_shuffled,2026,0.25,826,0.5665859564164649,0.5325597706001255,0.599995647204911,0.43341404358353514
ctl_shuffled,2026,1.0,3800,0.5678947368421052,0.5520835239923915,0.5835688123194044,0.43315789473684213
event_regime:gbm,2018,0.1,1667,0.4445110977804439,0.4208114425422529,0.46846591325257525,0.5560887822435513
event_regime:gbm,2018,0.25,2498,0.4851881505204163,0.46562669497018666,0.5047950935235372,0.5124099279423538
event_regime:gbm,2018,1.0,5200,0.4675,0.4539675624314784,0.48108042211901225,0.48173076923076924
event_regime:gbm,2019,0.1,399,0.47869674185463656,0.43011693647719995,0.5276828538125814,0.5213032581453634
event_regime:gbm,2019,0.25,1994,0.46238716148445336,0.44059619096716746,0.48432278158801406,0.5376128385155466
event_regime:gbm,2019,1.0,5200,0.48673076923076924,0.47316020854791174,0.500320921238975,0.5092307692307693
event_regime:gbm,2020,0.1,2037,0.501227295041728,0.47953195963188777,0.5229180100276879,0.5066273932253313
event_regime:gbm,2020,0.25,4092,0.47653958944281527,0.46126564700934963,0.49185754017640476,0.5043988269794721
event_regime:gbm,2020,1.0,5300,0.4879245283018868,0.47448073739297264,0.5013858118644561,0.4950943396226415
event_regime:gbm,2021,0.1,200,0.37,0.3061249750375241,0.43877498650123936,0.63
event_regime:gbm,2021,0.25,696,0.4827586206896552,0.4458304626453886,0.5198760629455451,0.5172413793103449
event_regime:gbm,2021,1.0,5200,0.5576923076923077,0.5441552496806528,0.5711441860285356,0.4230769230769231
event_regime:gbm,2022,0.1,2799,0.5216148624508753,0.5030916493090082,0.5400788245415297,0.4783851375491247
event_regime:gbm,2022,0.25,3317,0.5236659632197769,0.5066516310791929,0.5406255410689758,0.47633403678022307
event_regime:gbm,2022,1.0,5200,0.5442307692307692,0.530666199298392,0.557730034745319,0.42423076923076924
event_regime:gbm,2023,0.1,1591,0.5807668133249528,0.5563541671076098,0.6047903628569962,0.41923318667504716
event_regime:gbm,2023,0.25,2530,0.5849802371541502,0.565665543895881,0.6040372504697967,0.4150197628458498
event_regime:gbm,2023,1.0,5200,0.5138461538461538,0.500256000819936,0.5274158637502692,0.48615384615384616
event_regime:gbm,2024,0.1,159,0.7421383647798742,0.6689929866303801,0.8038591592586313,0.42138364779874216
event_regime:gbm,2024,0.25,816,0.6262254901960784,0.5925109568607828,0.658757092967379,0.4534313725490196
event_regime:gbm,2024,1.0,5200,0.5526923076923077,0.5391438637078543,0.5661629542398712,0.45865384615384613
event_regime:gbm,2025,0.1,761,0.6110381077529566,0.5759251001673553,0.6450356843924803,0.38896189224704336
event_regime:gbm,2025,0.25,1081,0.5772432932469935,0.547571855551314,0.6063676688917015,0.4227567067530065
event_regime:gbm,2025,1.0,5200,0.563076923076923,0.5495536760374784,0.5765070403379009,0.4369230769230769
event_regime:gbm,2026,0.1,849,0.6018845700824499,0.5685688265935571,0.6342824414496526,0.39811542991755006
event_regime:gbm,2026,0.25,1500,0.6133333333333333,0.5884287142089908,0.6376589269361936,0.38666666666666666
event_regime:gbm,2026,1.0,3800,0.5689473684210526,0.553139708886764,0.5846157644221142,0.43315789473684213
event_regime:linear,2018,0.1,1522,0.4743758212877792,0.4493849128918347,0.4994957572904437,0.5243101182654402
event_regime:linear,2018,0.25,2381,0.47963040739185214,0.45961221234726735,0.4997142267755659,0.49433011339773203
event_regime:linear,2018,1.0,5200,0.5092307692307693,0.49564113085188594,0.5228067788615842,0.48173076923076924
event_regime:linear,2019,0.1,188,0.48404255319148937,0.4136428196214922,0.5550813778414148,0.5212765957446809
event_regime:linear,2019,0.25,717,0.4421199442119944,0.4061713664559223,0.47868544535959995,0.5550906555090656
event_regime:linear,2019,1.0,5200,0.4896153846153846,0.47604084139446373,0.5032052601778825,0.5092307692307693
event_regime:linear,2020,0.1,2994,0.5250501002004008,0.5071417379259966,0.5428942613075853,0.47461589846359387
event_regime:linear,2020,0.25,3450,0.5266666666666666,0.5099853661619457,0.5432886461726095,0.4756521739130435
event_regime:linear,2020,1.0,5300,0.5233962264150943,0.5099375501564589,0.5368210106572726,0.4950943396226415
event_regime:linear,2021,0.1,1607,0.3982576228998133,0.3745924757761009,0.4224080486702505,0.3982576228998133
event_regime:linear,2021,0.25,2189,0.4093193238921882,0.38889688191021193,0.4300594895851117,0.4125171311100959
event_regime:linear,2021,1.0,5200,0.4275,0.41411184950240354,0.440995192956383,0.4230769230769231
event_regime:linear,2022,0.1,235,0.6425531914893617,0.5794370003080003,0.7010836460115688,0.6425531914893617
event_regime:linear,2022,0.25,758,0.5633245382585752,0.5277843346511705,0.598226111614825,0.5606860158311345
event_regime:linear,2022,1.0,5200,0.4948076923076923,0.48122711979111255,0.5083959309950604,0.42423076923076924
event_regime:linear,2023,0.1,2498,0.5428342674139311,0.523247628380258,0.5622893616514052,0.45716573258606885
event_regime:linear,2023,0.25,4099,0.535984386435716,0.5206906023729705,0.5512107842172405,0.46401561356428395
event_regime:linear,2023,1.0,5200,0.5140384615384616,0.5004483121937471,0.5276078838288221,0.48615384615384616
event_regime:linear,2024,0.1,757,0.5336856010568032,0.4980671613461132,0.5689638737602742,0.4385733157199472
event_regime:linear,2024,0.25,1059,0.546742209631728,0.5166442305055633,0.5765022929274676,0.42965061378659114
event_regime:linear,2024,1.0,5200,0.5486538461538462,0.5350972137879528,0.5621386436601294,0.45865384615384613
event_regime:linear,2025,0.1,550,0.64,0.5990406509406676,0.6790171908682541,0.36
event_regime:linear,2025,0.25,1665,0.6216216216216216,0.5980711302579318,0.6446121777324729,0.3783783783783784
event_regime:linear,2025,1.0,5200,0.5786538461538462,0.5651796586298402,0.59201190538702,0.4369230769230769
event_regime:linear,2026,0.1,389,0.5398457583547558,0.4901673945598316,0.5887448184033576,0.4601542416452442
event_regime:linear,2026,0.25,1011,0.599406528189911,0.5688791139583136,0.6291813518326039,0.39762611275964393
event_regime:linear,2026,1.0,3800,0.5544736842105263,0.5386234874507001,0.5702138521482991,0.43315789473684213
insider:gbm,2018,0.1,261,0.5440613026819924,0.4834341285644868,0.6034102342546473,0.5019157088122606
insider:gbm,2018,0.25,261,0.5440613026819924,0.4834341285644868,0.6034102342546473,0.5019157088122606
insider:gbm,2018,1.0,5200,0.4851923076923077,0.4716240559629007,0.4987824222050743,0.48173076923076924
insider:gbm,2019,0.1,213,0.4788732394366197,0.4127548774569343,0.545740171463568,0.5211267605633803
insider:gbm,2019,0.25,213,0.4788732394366197,0.4127548774569343,0.545740171463568,0.5211267605633803
insider:gbm,2019,1.0,5200,0.4907692307692308,0.4771932211384158,0.5043588691481141,0.5092307692307693
insider:gbm,2020,0.1,429,0.5524475524475524,0.5051352020673898,0.5988289270736169,0.5034965034965035
insider:gbm,2020,0.25,429,0.5524475524475524,0.5051352020673898,0.5988289270736169,0.5034965034965035
insider:gbm,2020,1.0,5300,0.4990566037735849,0.48560085168905004,0.5125137224716865,0.4950943396226415
insider:gbm,2021,0.1,226,0.5619469026548672,0.49675964130733047,0.625063388118152,0.41150442477876104
insider:gbm,2021,0.25,226,0.5619469026548672,0.49675964130733047,0.625063388118152,0.41150442477876104
insider:gbm,2021,1.0,5200,0.5757692307692308,0.5622849318653794,0.5891416603660214,0.4230769230769231
insider:gbm,2022,0.1,292,0.5547945205479452,0.49744510713052276,0.61072088440008,0.4452054794520548
insider:gbm,2022,0.25,292,0.5547945205479452,0.49744510713052276,0.61072088440008,0.4452054794520548
insider:gbm,2022,1.0,5200,0.5757692307692308,0.5622849318653794,0.5891416603660214,0.42423076923076924
insider:gbm,2023,0.1,164,0.4817073170731707,0.40653117575390096,0.5577208332831911,0.5182926829268293
insider:gbm,2023,0.25,164,0.4817073170731707,0.40653117575390096,0.5577208332831911,0.5182926829268293
insider:gbm,2023,1.0,5200,0.5142307692307693,0.5006406255780856,0.5277999018968477,0.48615384615384616
insider:gbm,2024,0.1,183,0.6120218579234973,0.5398081396466675,0.6796290734793172,0.3825136612021858
insider:gbm,2024,0.25,183,0.6120218579234973,0.5398081396466675,0.6796290734793172,0.3825136612021858
insider:gbm,2024,1.0,5200,0.5398076923076923,0.5262362597266587,0.5533203509126813,0.45865384615384613
insider:gbm,2025,0.1,124,0.5,0.4133257730247514,0.5866742269752486,0.5
insider:gbm,2025,0.25,124,0.5,0.4133257730247514,0.5866742269752486,0.5
insider:gbm,2025,1.0,5200,0.5615384615384615,0.5480111042296204,0.5749749605268472,0.4369230769230769
insider:gbm,2026,0.1,47,0.6170212765957447,0.47426308443976317,0.7420951733648692,0.3829787234042553
insider:gbm,2026,0.25,47,0.6170212765957447,0.47426308443976317,0.7420951733648692,0.3829787234042553
insider:gbm,2026,1.0,3800,0.5668421052631579,0.551027411441751,0.5825217878729629,0.43315789473684213
insider:linear,2018,0.1,368,0.5081521739130435,0.45725318289987965,0.5588827201297973,0.5054347826086957
insider:linear,2018,0.25,368,0.5081521739130435,0.45725318289987965,0.5588827201297973,0.5054347826086957
insider:linear,2018,1.0,5200,0.4826923076923077,0.46912808250273347,0.4962820867845101,0.48173076923076924
insider:linear,2019,0.1,312,0.46794871794871795,0.41330746119067335,0.5233696579728568,0.5160256410256411
insider:linear,2019,0.25,312,0.46794871794871795,0.41330746119067335,0.5233696579728568,0.5160256410256411
insider:linear,2019,1.0,5200,0.48923076923076925,0.47565673088825966,0.5028207077793585,0.5092307692307693
insider:linear,2020,0.1,449,0.5456570155902004,0.499407988546792,0.5911313965273707,0.5211581291759465
insider:linear,2020,0.25,449,0.5456570155902004,0.499407988546792,0.5911313965273707,0.5211581291759465
insider:linear,2020,1.0,5300,0.49735849056603776,0.4839041321507622,0.5108166754993002,0.4950943396226415
insider:linear,2021,0.1,266,0.49624060150375937,0.4366373814391371,0.5559508629234815,0.41729323308270677
insider:linear,2021,0.25,266,0.49624060150375937,0.4366373814391371,0.5559508629234815,0.41729323308270677
insider:linear,2021,1.0,5200,0.5725,0.559004807043617,0.5858881504975965,0.4230769230769231
insider:linear,2022,0.1,316,0.5569620253164557,0.5018330886648706,0.6107226264140934,0.4430379746835443
insider:linear,2022,0.25,316,0.5569620253164557,0.5018330886648706,0.6107226264140934,0.4430379746835443
insider:linear,2022,1.0,5200,0.5757692307692308,0.5622849318653794,0.5891416603660214,0.42423076923076924
insider:linear,2023,0.1,235,0.4851063829787234,0.4219616747377689,0.5487301980348134,0.5148936170212766
insider:linear,2023,0.25,235,0.4851063829787234,0.4219616747377689,0.5487301980348134,0.5148936170212766
insider:linear,2023,1.0,5200,0.5138461538461538,0.500256000819936,0.5274158637502692,0.48615384615384616
insider:linear,2024,0.1,148,0.5945945945945946,0.5140709959732847,0.6703316973597678,0.38513513513513514
insider:linear,2024,0.25,148,0.5945945945945946,0.5140709959732847,0.6703316973597678,0.38513513513513514
insider:linear,2024,1.0,5200,0.5403846153846154,0.5268140170600435,0.5538955879363883,0.45865384615384613
insider:linear,2025,0.1,201,0.5771144278606966,0.5079994046111964,0.643337042672949,0.4228855721393035
insider:linear,2025,0.25,201,0.5771144278606966,0.5079994046111964,0.643337042672949,0.4228855721393035
insider:linear,2025,1.0,5200,0.5632692307692307,0.5497465067669068,0.5766985410608364,0.4369230769230769
insider:linear,2026,0.1,78,0.5128205128205128,0.40392509465379506,0.6205123552494326,0.48717948717948717
insider:linear,2026,0.25,78,0.5128205128205128,0.40392509465379506,0.6205123552494326,0.48717948717948717
insider:linear,2026,1.0,3800,0.5668421052631579,0.551027411441751,0.5825217878729629,0.43315789473684213
leak:gbm,2018,0.1,0,,,,
leak:gbm,2018,0.25,0,,,,
leak:gbm,2018,1.0,5200,1.0,0.9992617761462995,1.0,0.48173076923076924
leak:gbm,2019,0.1,0,,,,
leak:gbm,2019,0.25,0,,,,
leak:gbm,2019,1.0,5200,1.0,0.9992617761462995,1.0,0.5092307692307693
leak:gbm,2020,0.1,0,,,,
leak:gbm,2020,0.25,0,,,,
leak:gbm,2020,1.0,5300,1.0,0.9992756948095884,0.9999999999999998,0.4950943396226415
leak:gbm,2021,0.1,0,,,,
leak:gbm,2021,0.25,0,,,,
leak:gbm,2021,1.0,5200,1.0,0.9992617761462995,1.0,0.4230769230769231
leak:gbm,2022,0.1,0,,,,
leak:gbm,2022,0.25,0,,,,
leak:gbm,2022,1.0,5200,1.0,0.9992617761462995,1.0,0.42423076923076924
leak:gbm,2023,0.1,0,,,,
leak:gbm,2023,0.25,0,,,,
leak:gbm,2023,1.0,5200,1.0,0.9992617761462995,1.0,0.48615384615384616
leak:gbm,2024,0.1,0,,,,
leak:gbm,2024,0.25,0,,,,
leak:gbm,2024,1.0,5200,1.0,0.9992617761462995,1.0,0.45865384615384613
leak:gbm,2025,0.1,0,,,,
leak:gbm,2025,0.25,0,,,,
leak:gbm,2025,1.0,5200,1.0,0.9992617761462995,1.0,0.4369230769230769
leak:gbm,2026,0.1,0,,,,
leak:gbm,2026,0.25,0,,,,
leak:gbm,2026,1.0,3800,1.0,0.9989900736140012,1.0,0.43315789473684213
leak:linear,2018,0.1,0,,,,
leak:linear,2018,0.25,0,,,,
leak:linear,2018,1.0,5200,1.0,0.9992617761462995,1.0,0.48173076923076924
leak:linear,2019,0.1,0,,,,
leak:linear,2019,0.25,0,,,,
leak:linear,2019,1.0,5200,1.0,0.9992617761462995,1.0,0.5092307692307693
leak:linear,2020,0.1,0,,,,
leak:linear,2020,0.25,0,,,,
leak:linear,2020,1.0,5300,1.0,0.9992756948095884,0.9999999999999998,0.4950943396226415
leak:linear,2021,0.1,0,,,,
leak:linear,2021,0.25,0,,,,
leak:linear,2021,1.0,5200,1.0,0.9992617761462995,1.0,0.4230769230769231
leak:linear,2022,0.1,0,,,,
leak:linear,2022,0.25,0,,,,
leak:linear,2022,1.0,5200,1.0,0.9992617761462995,1.0,0.42423076923076924
leak:linear,2023,0.1,0,,,,
leak:linear,2023,0.25,0,,,,
leak:linear,2023,1.0,5200,1.0,0.9992617761462995,1.0,0.48615384615384616
leak:linear,2024,0.1,0,,,,
leak:linear,2024,0.25,0,,,,
leak:linear,2024,1.0,5200,1.0,0.9992617761462995,1.0,0.45865384615384613
leak:linear,2025,0.1,0,,,,
leak:linear,2025,0.25,0,,,,
leak:linear,2025,1.0,5200,1.0,0.9992617761462995,1.0,0.4369230769230769
leak:linear,2026,0.1,0,,,,
leak:linear,2026,0.25,0,,,,
leak:linear,2026,1.0,3800,1.0,0.9989900736140012,1.0,0.43315789473684213
miner,2018,0.1,0,,,,
miner,2018,0.25,0,,,,
miner,2018,1.0,5200,0.48173076923076924,0.4681681832305404,0.49532032879488336,0.48173076923076924
miner,2019,0.1,248,0.5201612903225806,0.4581495976828972,0.5815579009988138,0.5201612903225806
miner,2019,0.25,248,0.5201612903225806,0.4581495976828972,0.5815579009988138,0.5201612903225806
miner,2019,1.0,5200,0.4926923076923077,0.4791140147751723,0.5062813900349973,0.5092307692307693
miner,2020,0.1,0,,,,
miner,2020,0.25,0,,,,
miner,2020,1.0,5300,0.4950943396226415,0.481642080710919,0.5085537049249113,0.4950943396226415
miner,2021,0.1,234,0.6068376068376068,0.5430104690774085,0.6672134782892423,0.39316239316239315
miner,2021,0.25,234,0.6068376068376068,0.5430104690774085,0.6672134782892423,0.39316239316239315
miner,2021,1.0,5200,0.5769230769230769,0.5634427663586606,0.5902898145869239,0.4230769230769231
miner,2022,0.1,0,,,,
miner,2022,0.25,0,,,,
miner,2022,1.0,5200,0.5757692307692308,0.5622849318653794,0.5891416603660214,0.42423076923076924
miner,2023,0.1,0,,,,
miner,2023,0.25,0,,,,
miner,2023,1.0,5200,0.5138461538461538,0.500256000819936,0.5274158637502692,0.48615384615384616
miner,2024,0.1,0,,,,
miner,2024,0.25,0,,,,
miner,2024,1.0,5200,0.5413461538461538,0.527776986510576,0.5548542757476757,0.45865384615384613
miner,2025,0.1,146,0.636986301369863,0.5563985350879186,0.7105500292627023,0.363013698630137
miner,2025,0.25,146,0.636986301369863,0.5563985350879186,0.7105500292627023,0.363013698630137
miner,2025,1.0,5200,0.563076923076923,0.5495536760374784,0.5765070403379009,0.4369230769230769
miner,2026,0.1,286,0.6223776223776224,0.5649195379741555,0.6765916874676031,0.3776223776223776
miner,2026,0.25,897,0.5819397993311036,0.5493785070043141,0.6138022342047952,0.4180602006688963
miner,2026,1.0,3800,0.5668421052631579,0.551027411441751,0.5825217878729629,0.43315789473684213
pead:gbm,2018,0.1,612,0.48856209150326796,0.4491533075089991,0.5281135741047145,0.511437908496732
pead:gbm,2018,0.25,1348,0.5074183976261127,0.4807461940755646,0.5340484386683899,0.5007418397626113
pead:gbm,2018,1.0,5200,0.500576923076923,0.4869913686220706,0.5141616257350212,0.48173076923076924
pead:gbm,2019,0.1,562,0.5498220640569395,0.5084892178190245,0.5904784084565974,0.4501779359430605
pead:gbm,2019,0.25,1436,0.5222841225626741,0.49642357325925524,0.548025760611915,0.4777158774373259
pead:gbm,2019,1.0,5200,0.4907692307692308,0.4771932211384158,0.5043588691481141,0.5092307692307693
pead:gbm,2020,0.1,785,0.5031847133757962,0.4682774818478095,0.5380609262685982,0.46878980891719746
pead:gbm,2020,0.25,1662,0.5318892900120337,0.5078535783249926,0.5557779218128357,0.4861612515042118
pead:gbm,2020,1.0,5300,0.5260377358490566,0.5125806623903365,0.5394570907733326,0.4950943396226415
pead:gbm,2021,0.1,446,0.5112107623318386,0.4649207642731123,0.557309282925724,0.4125560538116592
pead:gbm,2021,0.25,1286,0.5458786936236392,0.5185696893013052,0.5729144123124124,0.4097978227060653
pead:gbm,2021,1.0,5200,0.5271153846153847,0.5135302065229421,0.5406605282603765,0.4230769230769231
pead:gbm,2022,0.1,890,0.5516853932584269,0.5188590939275267,0.5840674201214949,0.44831460674157303
pead:gbm,2022,0.25,2204,0.5784936479128857,0.55775869265328,0.598955448433653,0.42150635208711434
pead:gbm,2022,1.0,5200,0.5757692307692308,0.5622849318653794,0.5891416603660214,0.42423076923076924
pead:gbm,2023,0.1,590,0.5084745762711864,0.4682102436760273,0.5486292636942882,0.4915254237288136
pead:gbm,2023,0.25,1599,0.5328330206378987,0.508328761140598,0.5571798954852345,0.46716697936210133
pead:gbm,2023,1.0,5200,0.5138461538461538,0.500256000819936,0.5274158637502692,0.48615384615384616
pead:gbm,2024,0.1,687,0.5836972343522562,0.5464697322199193,0.6199938970693418,0.42503639010189226
pead:gbm,2024,0.25,1571,0.5601527689369828,0.5354900364021922,0.584522033383112,0.44621260343730107
pead:gbm,2024,1.0,5200,0.5359615384615385,0.5223850102311186,0.5494849713609421,0.45865384615384613
pead:gbm,2025,0.1,930,0.6053763440860215,0.5735908503343052,0.6362948519089873,0.3946236559139785
pead:gbm,2025,0.25,1973,0.5828687278256462,0.5609704785962762,0.6044448991456733,0.41713127217435375
pead:gbm,2025,1.0,5200,0.5634615384615385,0.5499393395536658,0.5768900397264414,0.4369230769230769
pead:gbm,2026,0.1,261,0.6398467432950191,0.5799671075304226,0.6956693483737858,0.36015325670498083
pead:gbm,2026,0.25,827,0.5949214026602176,0.561098851285161,0.627866169243421,0.40507859733978235
pead:gbm,2026,1.0,3800,0.565,0.5491793883675188,0.5806893212023013,0.43315789473684213
pead:linear,2018,0.1,494,0.5161943319838057,0.47217039821537427,0.5599683382823393,0.5161943319838057
pead:linear,2018,0.25,1346,0.4799405646359584,0.4533452800570078,0.50665002605891,0.4799405646359584
pead:linear,2018,1.0,5200,0.4815384615384615,0.46797620941229917,0.4951279711607605,0.48173076923076924
pead:linear,2019,0.1,540,0.5111111111111111,0.4690196563907067,0.5530455920198598,0.4888888888888889
pead:linear,2019,0.25,1446,0.5186721991701245,0.4929031628136044,0.5443422852408591,0.48132780082987553
pead:linear,2019,1.0,5200,0.49826923076923074,0.4846854522016057,0.5118555647271187,0.5092307692307693
pead:linear,2020,0.1,912,0.5394736842105263,0.5070258453499749,0.5715903695063934,0.4440789473684211
pead:linear,2020,0.25,1737,0.5521013241220495,0.5286259112864581,0.575346787895363,0.47668393782383417
pead:linear,2020,1.0,5300,0.5383018867924528,0.5248571968025709,0.551691092271522,0.4950943396226415
pead:linear,2021,0.1,484,0.5723140495867769,0.5278376884587133,0.6156515096744513,0.3822314049586777
pead:linear,2021,0.25,1301,0.5441967717140661,0.5170426977893797,0.5710906051341321,0.3996925441967717
pead:linear,2021,1.0,5200,0.5109615384615385,0.4973715714342029,0.5245353213505429,0.4230769230769231
pead:linear,2022,0.1,88,0.7045454545454546,0.6022864710044152,0.7896927628068425,0.29545454545454547
pead:linear,2022,0.25,410,0.624390243902439,0.576562264940065,0.6699088486454228,0.375609756097561
pead:linear,2022,1.0,5200,0.5757692307692308,0.5622849318653794,0.5891416603660214,0.42423076923076924
pead:linear,2023,0.1,696,0.5344827586206896,0.49733648155247523,0.5712504672656573,0.46551724137931033
pead:linear,2023,0.25,1743,0.5261044176706827,0.5026312679799797,0.5494627513060276,0.4738955823293173
pead:linear,2023,1.0,5200,0.5138461538461538,0.500256000819936,0.5274158637502692,0.48615384615384616
pead:linear,2024,0.1,481,0.4864864864864865,0.4421029127640652,0.5310842064930283,0.5135135135135135
pead:linear,2024,0.25,1125,0.48533333333333334,0.4562275585402634,0.5145389334104231,0.5146666666666667
pead:linear,2024,1.0,5200,0.5413461538461538,0.527776986510576,0.5548542757476757,0.45865384615384613
pead:linear,2025,0.1,830,0.636144578313253,0.6028557998329938,0.6681788906885633,0.363855421686747
pead:linear,2025,0.25,1729,0.5864661654135338,0.5630861981917693,0.6094627526182758,0.41353383458646614
pead:linear,2025,1.0,5200,0.5594230769230769,0.5458902826721072,0.5728681361083569,0.4369230769230769
pead:linear,2026,0.1,236,0.6483050847457628,0.5854510332842322,0.7064082605163429,0.3516949152542373
pead:linear,2026,0.25,823,0.6075334143377886,0.5737463721459137,0.6403212316127749,0.39246658566221143
pead:linear,2026,1.0,3800,0.5668421052631579,0.551027411441751,0.5825217878729629,0.43315789473684213
planted:gbm,2018,0.1,292,0.9006849315068494,0.8610053988116277,0.9299584142559059,0.4828767123287671
planted:gbm,2018,0.25,292,0.9006849315068494,0.8610053988116277,0.9299584142559059,0.4828767123287671
planted:gbm,2018,1.0,5200,0.5051923076923077,0.4916040690049396,0.5187728802088875,0.48173076923076924
planted:gbm,2019,0.1,276,0.9166666666666666,0.8780626331069525,0.9438308952319363,0.5036231884057971
planted:gbm,2019,0.25,276,0.9166666666666666,0.8780626331069525,0.9438308952319363,0.5036231884057971
planted:gbm,2019,1.0,5200,0.5130769230769231,0.4994867754286858,0.5266477633320636,0.5092307692307693
planted:gbm,2020,0.1,252,0.9246031746031746,0.8852515610518821,0.9512034955143684,0.5158730158730159
planted:gbm,2020,0.25,252,0.9246031746031746,0.8852515610518821,0.9512034955143684,0.5158730158730159
planted:gbm,2020,1.0,5300,0.5145283018867924,0.5010669972708632,0.5279685606537927,0.4950943396226415
planted:gbm,2021,0.1,277,0.9494584837545126,0.9169625529577792,0.9696582325668723,0.48375451263537905
planted:gbm,2021,0.25,277,0.9494584837545126,0.9169625529577792,0.9696582325668723,0.48375451263537905
planted:gbm,2021,1.0,5200,0.6,0.5866153108271984,0.6132370444020615,0.4230769230769231
planted:gbm,2022,0.1,274,0.8868613138686131,0.8438832636840707,0.9191414237637412,0.3978102189781022
planted:gbm,2022,0.25,274,0.8868613138686131,0.8438832636840707,0.9191414237637412,0.3978102189781022
planted:gbm,2022,1.0,5200,0.5907692307692308,0.5773426498659788,0.6040617956498111,0.42423076923076924
planted:gbm,2023,0.1,276,0.8913043478260869,0.8490705195333502,0.9227947070805628,0.48188405797101447
planted:gbm,2023,0.25,276,0.8913043478260869,0.8490705195333502,0.9227947070805628,0.48188405797101447
planted:gbm,2023,1.0,5200,0.5336538461538461,0.5200746491988728,0.5471833549648204,0.48615384615384616
planted:gbm,2024,0.1,234,0.9102564102564102,0.8667063381442802,0.9405536197436587,0.4658119658119658
planted:gbm,2024,0.25,234,0.9102564102564102,0.8667063381442802,0.9405536197436587,0.4658119658119658
planted:gbm,2024,1.0,5200,0.5582692307692307,0.5447335755609778,0.5717188545053024,0.45865384615384613
planted:gbm,2025,0.1,228,0.9342105263157895,0.894302171691573,0.9597292014528497,0.42105263157894735
planted:gbm,2025,0.25,228,0.9342105263157895,0.894302171691573,0.9597292014528497,0.42105263157894735
planted:gbm,2025,1.0,5200,0.5786538461538462,0.5651796586298402,0.59201190538702,0.4369230769230769
planted:gbm,2026,0.1,178,0.949438202247191,0.9067120803326794,0.9731745902641478,0.4438202247191011
planted:gbm,2026,0.25,178,0.949438202247191,0.9067120803326794,0.9731745902641478,0.4438202247191011
planted:gbm,2026,1.0,3800,0.5852631578947368,0.5695198761482351,0.6008342206154157,0.43315789473684213
planted:linear,2018,0.1,292,0.9006849315068494,0.8610053988116277,0.9299584142559059,0.4828767123287671
planted:linear,2018,0.25,292,0.9006849315068494,0.8610053988116277,0.9299584142559059,0.4828767123287671
planted:linear,2018,1.0,5200,0.5051923076923077,0.4916040690049396,0.5187728802088875,0.48173076923076924
planted:linear,2019,0.1,276,0.9166666666666666,0.8780626331069525,0.9438308952319363,0.5036231884057971
planted:linear,2019,0.25,276,0.9166666666666666,0.8780626331069525,0.9438308952319363,0.5036231884057971
planted:linear,2019,1.0,5200,0.5130769230769231,0.4994867754286858,0.5266477633320636,0.5092307692307693
planted:linear,2020,0.1,252,0.9246031746031746,0.8852515610518821,0.9512034955143684,0.5158730158730159
planted:linear,2020,0.25,252,0.9246031746031746,0.8852515610518821,0.9512034955143684,0.5158730158730159
planted:linear,2020,1.0,5300,0.5145283018867924,0.5010669972708632,0.5279685606537927,0.4950943396226415
planted:linear,2021,0.1,277,0.9494584837545126,0.9169625529577792,0.9696582325668723,0.48375451263537905
planted:linear,2021,0.25,277,0.9494584837545126,0.9169625529577792,0.9696582325668723,0.48375451263537905
planted:linear,2021,1.0,5200,0.6,0.5866153108271984,0.6132370444020615,0.4230769230769231
planted:linear,2022,0.1,274,0.8868613138686131,0.8438832636840707,0.9191414237637412,0.3978102189781022
planted:linear,2022,0.25,274,0.8868613138686131,0.8438832636840707,0.9191414237637412,0.3978102189781022
planted:linear,2022,1.0,5200,0.5907692307692308,0.5773426498659788,0.6040617956498111,0.42423076923076924
planted:linear,2023,0.1,276,0.8913043478260869,0.8490705195333502,0.9227947070805628,0.48188405797101447
planted:linear,2023,0.25,276,0.8913043478260869,0.8490705195333502,0.9227947070805628,0.48188405797101447
planted:linear,2023,1.0,5200,0.5336538461538461,0.5200746491988728,0.5471833549648204,0.48615384615384616
planted:linear,2024,0.1,234,0.9102564102564102,0.8667063381442802,0.9405536197436587,0.4658119658119658
planted:linear,2024,0.25,234,0.9102564102564102,0.8667063381442802,0.9405536197436587,0.4658119658119658
planted:linear,2024,1.0,5200,0.5582692307692307,0.5447335755609778,0.5717188545053024,0.45865384615384613
planted:linear,2025,0.1,228,0.9342105263157895,0.894302171691573,0.9597292014528497,0.42105263157894735
planted:linear,2025,0.25,228,0.9342105263157895,0.894302171691573,0.9597292014528497,0.42105263157894735
planted:linear,2025,1.0,5200,0.5786538461538462,0.5651796586298402,0.59201190538702,0.4369230769230769
planted:linear,2026,0.1,178,0.949438202247191,0.9067120803326794,0.9731745902641478,0.4438202247191011
planted:linear,2026,0.25,178,0.949438202247191,0.9067120803326794,0.9731745902641478,0.4438202247191011
planted:linear,2026,1.0,3800,0.5852631578947368,0.5695198761482351,0.6008342206154157,0.43315789473684213
reversal_mom:gbm,2018,0.1,677,0.5539143279172821,0.516269813619005,0.5909504267423359,0.465288035450517
reversal_mom:gbm,2018,0.25,1472,0.5305706521739131,0.5050289284565352,0.5559532257258648,0.4741847826086957
reversal_mom:gbm,2018,1.0,5200,0.5069230769230769,0.4933341298943283,0.5205018023907741,0.48173076923076924
reversal_mom:gbm,2019,0.1,451,0.5210643015521065,0.4749757350987091,0.566797049096932,0.4789356984478936
reversal_mom:gbm,2019,0.25,1253,0.5179569034317638,0.4902767554890181,0.5455272790050661,0.48204309656823624
reversal_mom:gbm,2019,1.0,5200,0.49153846153846154,0.4779615144852328,0.5051279016107528,0.5092307692307693
reversal_mom:gbm,2020,0.1,605,0.509090909090909,0.46932330267086253,0.5487437939270046,0.47768595041322315
reversal_mom:gbm,2020,0.25,1222,0.513911620294599,0.48588843900684797,0.5418476078037676,0.4779050736497545
reversal_mom:gbm,2020,1.0,5300,0.5016981132075472,0.48824050147873965,0.5151532650319346,0.4950943396226415
reversal_mom:gbm,2021,0.1,648,0.6558641975308642,0.6184622757196611,0.6914289616607087,0.35802469135802467
reversal_mom:gbm,2021,0.25,1614,0.6127633209417596,0.5887572231003645,0.6362339008761732,0.3946716232961586
reversal_mom:gbm,2021,1.0,5200,0.5478846153846154,0.5343265252435856,0.5613720063950409,0.4230769230769231
reversal_mom:gbm,2022,0.1,224,0.7232142857142857,0.6612331060163982,0.7776683061927857,0.27232142857142855
reversal_mom:gbm,2022,0.25,651,0.6651305683563749,0.6280012853269572,0.7003223886729844,0.33640552995391704
reversal_mom:gbm,2022,1.0,5200,0.5726923076923077,0.5591977389602072,0.5860795500333702,0.42423076923076924
reversal_mom:gbm,2023,0.1,522,0.5459770114942529,0.5030843928994704,0.5881978487489654,0.4540229885057471
reversal_mom:gbm,2023,0.25,1299,0.5465742879137798,0.5194040014937887,0.5734699134932671,0.45265588914549654
reversal_mom:gbm,2023,1.0,5200,0.5103846153846154,0.4967947398221177,0.5239591586055364,0.48615384615384616
reversal_mom:gbm,2024,0.1,789,0.5918884664131813,0.5572288280940048,0.6256576400227036,0.40811153358681873
reversal_mom:gbm,2024,0.25,1812,0.5789183222958058,0.5560411787533913,0.6014615461538914,0.42108167770419425
reversal_mom:gbm,2024,1.0,5200,0.5409615384615385,0.5273917926449818,0.554470806708542,0.45865384615384613
reversal_mom:gbm,2025,0.1,838,0.6205250596658711,0.587190213234441,0.6527599151507565,0.3854415274463007
reversal_mom:gbm,2025,0.25,1857,0.5971997845988153,0.574713556599907,0.6192846859157376,0.40926225094238017
reversal_mom:gbm,2025,1.0,5200,0.5709615384615384,0.5574614263144182,0.5843568796078835,0.4369230769230769
reversal_mom:gbm,2026,0.1,243,0.6049382716049383,0.5422965845188679,0.6643136464956776,0.3950617283950617
reversal_mom:gbm,2026,0.25,758,0.6029023746701847,0.5676343287902872,0.6371326463919553,0.3970976253298153
reversal_mom:gbm,2026,1.0,3800,0.5639473684210526,0.5481234744425163,0.5796420981302217,0.43315789473684213
reversal_mom:linear,2018,0.1,576,0.5121527777777778,0.4713863630628731,0.5527581619246407,0.4809027777777778
reversal_mom:linear,2018,0.25,1319,0.5011372251705838,0.4741893664798119,0.528078478740659,0.48218347232752085
reversal_mom:linear,2018,1.0,5200,0.49403846153846154,0.480458689846587,0.5076270351301302,0.48173076923076924
reversal_mom:linear,2019,0.1,571,0.4956217162872154,0.4547780769285353,0.5365238747743337,0.5043782837127846
reversal_mom:linear,2019,0.25,1382,0.479739507959479,0.4534921773752693,0.5060991640882863,0.5202604920405209
reversal_mom:linear,2019,1.0,5200,0.4907692307692308,0.4771932211384158,0.5043588691481141,0.5092307692307693
reversal_mom:linear,2020,0.1,835,0.5077844311377245,0.4739163118893089,0.541581250463345,0.4431137724550898
reversal_mom:linear,2020,0.25,1499,0.48899266177451634,0.4637473521683512,0.5142942458284037,0.45697131420947296
reversal_mom:linear,2020,1.0,5300,0.4881132075471698,0.4746691583519302,0.5015744760733511,0.4950943396226415
reversal_mom:linear,2021,0.1,660,0.6257575757575757,0.5882094476724501,0.6618502051121901,0.37575757575757573
reversal_mom:linear,2021,0.25,1620,0.5981481481481481,0.5740684907392868,0.6217634179887566,0.39444444444444443
reversal_mom:linear,2021,1.0,5200,0.5417307692307692,0.5281621884918191,0.5552377366711605,0.4230769230769231
reversal_mom:linear,2022,0.1,60,0.75,0.6276768905451521,0.8422361442158816,0.25
reversal_mom:linear,2022,0.25,224,0.7053571428571429,0.6425975139081378,0.7611917853243114,0.29017857142857145
reversal_mom:linear,2022,1.0,5200,0.5740384615384615,0.5605483204542097,0.5874192887059153,0.42423076923076924
reversal_mom:linear,2023,0.1,1037,0.5274831243972999,0.4970512190325765,0.5577121570661498,0.4725168756027001
reversal_mom:linear,2023,0.25,2271,0.5112285336856011,0.49066764662504103,0.5317514967561949,0.48877146631439894
reversal_mom:linear,2023,1.0,5200,0.5117307692307692,0.4981407083849634,0.5253035102092383,0.48615384615384616
reversal_mom:linear,2024,0.1,818,0.5733496332518337,0.5391901516572086,0.6068233867180695,0.42665036674816625
reversal_mom:linear,2024,0.25,1772,0.5739277652370203,0.5507674774689963,0.5967682036413007,0.4260722347629797
reversal_mom:linear,2024,1.0,5200,0.5428846153846154,0.529317843145172,0.5563880707319914,0.45865384615384613
reversal_mom:linear,2025,0.1,876,0.6267123287671232,0.59419406342061,0.6581240811181341,0.3721461187214612
reversal_mom:linear,2025,0.25,1776,0.5929054054054054,0.5698792618241488,0.615530495988007,0.40878378378378377
reversal_mom:linear,2025,1.0,5200,0.5628846153846154,0.5493608473650762,0.5763155375579392,0.4369230769230769
reversal_mom:linear,2026,0.1,222,0.6261261261261262,0.5608415946657102,0.6871198083707544,0.3738738738738739
reversal_mom:linear,2026,0.25,694,0.5965417867435159,0.55960678434152,0.6324138690560419,0.4034582132564842
reversal_mom:linear,2026,1.0,3800,0.5665789473684211,0.5507633946004384,0.582260020465005,0.43315789473684213
