,mean_weight,share_above_uniform,stability
dispersion,2.243137254901961,0.75,0.04234150533599527
ret_1m,1.521155830753354,0.5,0.04234150533599527
top_sector_share_chg,1.4901444788441691,0.75,0.04234150533599527
breadth,1.3731166150670795,0.5,0.04234150533599527
ret_3m,1.182249742002064,0.75,0.04234150533599527
vol_ratio,1.1174406604747162,0.5,0.04234150533599527
accel,0.9409012727898176,0.25,0.04234150533599527
dist_ma200,0.9332301341589267,0.25,0.04234150533599527
vol_1m,0.7214654282765738,0.25,0.04234150533599527
sector_crowding,0.5666150670794634,0.25,0.04234150533599527
drawdown,0.47450980392156866,0.25,0.04234150533599527
ret_6m,0.38421052631578945,0.0,0.04234150533599527
rate_chg_1y,0.37894736842105264,0.0,0.04234150533599527
ret_12m,0.3371173030615755,0.0,0.04234150533599527
vix,,0.0,0.04234150533599527
vix_term,,0.0,0.04234150533599527
credit_chg_3m,,0.0,0.04234150533599527
