ticker,n_eval,mse_none,skill_unweighted,p_unweighted,skill_random,skill_shuffled,skill_nn_random
GT,267,0.003125353243988047,-0.3214679163250813,1.0,0.005709825240554189,-0.03873077120356072,-0.12721127239767016
HON,267,0.0013836765256331092,-0.38605205685372024,1.0,-0.029386004014122058,-0.06544835483398881,-0.13874830314267173
MSI,267,0.0023055036296681314,-0.1729770541344342,0.9870064967516242,-0.06617297428043578,-0.1471169536720136,-0.07629672644885344
MCD,270,0.0014362935315601292,-0.19454992872763,0.9500249875062469,-0.10912521450162482,-0.042758609796642366,-0.3748476114857153
F,268,0.002634355570357124,-0.08591806914077793,0.9410294852573713,-0.027617532206242856,-0.08132928533980532,-0.0031387103392053195
DE,268,0.002076799371197309,-0.16423472680794493,0.975512243878061,-0.05448440143666389,-0.055843464613250626,-0.06830322894246654
TXNM,264,0.001035538591187588,-0.33913590336624333,1.0,-0.08022266936834832,-0.06554414793756713,-0.21945372118294793
RGR,263,0.0025839338245701527,-0.3244159985004944,1.0,-0.035361936196773414,-0.0520574370967688,-0.1621935879946148
AVT,263,0.0033324720626259938,-0.09940821132580036,0.935032483758121,-0.027175585971175087,-0.03462558734225962,-0.002803091867227714
DCO,263,0.004301138321427867,-0.18766737503107045,0.9945027486256871,-0.008267581901608034,-0.07714467514696599,-0.07916405489756739
OII,251,0.005031343034711958,-0.34249333547364347,1.0,-0.10565013580985294,-0.17195942629267824,-0.17116966157931857
HELE,275,0.004694409889641446,-0.43920531223707915,1.0,-0.10778847189311414,-0.09409489566174045,-0.24774096637341092
