era,kind,n,weeks,verdict,base_mean_week,learned_mean_week,base_cvar5,learned_cvar5,base_in_band,learned_in_band
2007,ALL,550,22,better,-0.008704486758220406,-0.006152720768166802,-0.0801964351513884,-0.07360346524576358,0.09090909090909091,0.09090909090909091
2007,vhigh_dn,77,22,same,-0.01860203659592831,-0.01860203659592831,-0.14911864536985553,-0.14911864536985553,0.045454545454545456,0.045454545454545456
2007,vhigh_up,99,22,same,-0.0004850999891867198,-0.0004850999891867198,-0.07663262691116665,-0.07663262691116665,0.18181818181818182,0.18181818181818182
2007,vlow_dn,104,21,better,-0.022809301361543403,-0.007465141401936929,-0.14789410519680662,-0.06255389336394317,0.047619047619047616,0.047619047619047616
2007,vlow_up,94,21,worse,-0.024424812960881656,-0.027184158007540808,-0.26092896566204776,-0.21472319236610155,0.14285714285714285,0.047619047619047616
2007,vmid_dn,85,22,better,-0.004243875048579606,0.002210811640725702,-0.08219680534180132,-0.08219680534180132,0.18181818181818182,0.2727272727272727
2007,vmid_up,91,22,same,-0.016738705839384818,-0.016738705839384818,-0.11612816698709003,-0.11612816698709003,0.09090909090909091,0.09090909090909091
2008,ALL,1075,43,worse,-0.021163035846454195,-0.024815091430933075,-0.2074480642074479,-0.1985529367753096,0.11627906976744186,0.11627906976744186
2008,vhigh_dn,208,43,better,-0.0334557322313256,-0.03488500475642216,-0.27763215411221426,-0.2583381417942519,0.09302325581395349,0.11627906976744186
2008,vhigh_up,136,38,worse,-0.018719426580993445,-0.027948976818786747,-0.18467171294000767,-0.2304644586602248,0.13157894736842105,0.15789473684210525
2008,vlow_dn,231,43,same,-0.024957126521241567,-0.026191063668218193,-0.2457724308961707,-0.2457724308961707,0.06976744186046512,0.06976744186046512
2008,vlow_up,156,37,worse,-0.012151732439942251,-0.0298727873704755,-0.14304314989696548,-0.17753732819083484,0.13513513513513514,0.08108108108108109
2008,vmid_dn,230,43,worse,-0.025024908273180494,-0.025460792646781607,-0.23032045441822022,-0.23032045441822022,0.13953488372093023,0.11627906976744186
2008,vmid_up,114,38,better,-0.0138777123710709,-0.01747875759851239,-0.17825382719378013,-0.17825382719378013,0.13157894736842105,0.18421052631578946
2009,ALL,1075,43,worse,0.013054259419752284,0.0070446489265810685,-0.14394121921692285,-0.13183320048543154,0.23255813953488372,0.23255813953488372
2009,vhigh_dn,140,38,worse,-0.0038890353579791623,-0.01753085507793884,-0.20462533204555267,-0.20462533204555267,0.15789473684210525,0.13157894736842105
2009,vhigh_up,204,41,better,0.005678343201810927,0.012196509116601384,-0.18666506105110467,-0.14887066096062082,0.17073170731707318,0.36585365853658536
2009,vlow_dn,166,38,better,0.0016972994828097214,0.0008933280696648275,-0.13202071998301984,-0.12743594574247216,0.10526315789473684,0.13157894736842105
2009,vlow_up,221,40,better,0.014672127813732946,0.012224165063609698,-0.12599438775793337,-0.12599438775793337,0.15,0.2
2009,vmid_dn,128,33,better,0.008273417071456948,0.008113514112537332,-0.1482649335477511,-0.1482649335477511,0.12121212121212122,0.24242424242424243
2009,vmid_up,216,39,better,0.006102873949641737,0.006016773474956241,-0.1584969287669058,-0.14642006557123383,0.15384615384615385,0.3076923076923077
2010,ALL,1100,44,better,1.6330880500849618e-05,-0.0005677030956936037,-0.1084016195453761,-0.10154571070365474,0.11363636363636363,0.11363636363636363
2010,vhigh_dn,139,37,same,-0.01827006416253495,-0.01827006416253495,-0.196059585240691,-0.196059585240691,0.1891891891891892,0.1891891891891892
2010,vhigh_up,213,41,better,-0.004469766059975468,-0.0024206689527837702,-0.10251666207395382,-0.10321340214217672,0.07317073170731707,0.0975609756097561
2010,vlow_dn,134,38,better,0.011915151949615975,0.007055340627650656,-0.12683244536502702,-0.0985093573849242,0.15789473684210525,0.18421052631578946
2010,vlow_up,262,43,worse,0.000345714830789034,-0.0031013059787068434,-0.11680861340438893,-0.11680861340438893,0.16279069767441862,0.11627906976744186
2010,vmid_dn,138,40,better,0.002786360859773538,0.0019793832614988655,-0.13343687063880855,-0.13343687063880855,0.225,0.3
2010,vmid_up,214,42,worse,-0.0032489743774355034,-0.0027347023753754897,-0.08670928056233486,-0.08390860453355396,0.11904761904761904,0.09523809523809523
2011,ALL,1100,44,worse,-0.0007056086607678705,7.279273015862124e-05,-0.13339363677062718,-0.12316768332256416,0.1590909090909091,0.11363636363636363
2011,vhigh_dn,203,43,better,-0.003365294324070066,-0.002640766341289482,-0.17295303127223938,-0.16343787235767346,0.18604651162790697,0.23255813953488372
2011,vhigh_up,149,42,better,0.0020173128364919654,0.0026567651633099113,-0.13648472760564154,-0.13648472760564154,0.14285714285714285,0.21428571428571427
2011,vlow_dn,204,41,worse,-0.004581266035266162,-0.0031219491945307437,-0.17065105790501953,-0.1526233837671409,0.1951219512195122,0.0975609756097561
2011,vlow_up,192,41,worse,-0.0009351184994836235,-0.0013075212064601117,-0.11604218804257915,-0.11604218804257915,0.07317073170731707,0.04878048780487805
2011,vmid_dn,188,41,better,-0.011384528566227362,-0.009153915248438952,-0.16828247087744533,-0.16828247087744533,0.14634146341463414,0.21951219512195122
2011,vmid_up,164,38,better,-0.005095246353656107,-0.0018025908135157775,-0.1332793417965153,-0.11353873322920308,0.07894736842105263,0.18421052631578946
2012,ALL,1050,42,worse,0.0019139894209644983,0.0009742306246363559,-0.05876390517791743,-0.051090628610508594,0.16666666666666666,0.047619047619047616
2012,vhigh_dn,159,42,better,0.0024525567708378535,0.0004625685960471238,-0.1174443330486007,-0.11502294317896881,0.14285714285714285,0.14285714285714285
2012,vhigh_up,177,42,worse,-0.007219478033015559,-0.008734135547463542,-0.10424593939937306,-0.10424593939937306,0.09523809523809523,0.07142857142857142
2012,vlow_dn,171,39,better,0.00984372557221261,0.00971590021651386,-0.0732373056335093,-0.06078609759089935,0.1282051282051282,0.1282051282051282
2012,vlow_up,207,42,same,0.006246259725452028,0.006246259725452028,-0.0553746818351237,-0.0553746818351237,0.14285714285714285,0.14285714285714285
2012,vmid_dn,171,40,better,0.0063429825954198936,0.004480120669051296,-0.11024947006261696,-0.09971813679708656,0.2,0.2
2012,vmid_up,165,41,worse,-0.008279345076425793,-0.009677898503066504,-0.08660592933474139,-0.08511502993929353,0.0975609756097561,0.04878048780487805
2013,ALL,1074,43,better,0.006847365675376061,0.007238149325011439,-0.0535972834529373,-0.051331319877294695,0.06976744186046512,0.06976744186046512
2013,vhigh_dn,106,37,better,-0.009579130053296248,-0.0031028295897117253,-0.11364930212885802,-0.11364930212885802,0.05405405405405406,0.05405405405405406
2013,vhigh_up,237,43,same,0.00701674132971062,0.00701674132971062,-0.08251975474914926,-0.08251975474914926,0.11627906976744186,0.11627906976744186
2013,vlow_dn,155,41,better,0.00744210110515433,0.009740435382314035,-0.06988452738270289,-0.04458908922922736,0.12195121951219512,0.0975609756097561
2013,vlow_up,232,43,same,0.008632925218745409,0.008632925218745409,-0.0935326035952543,-0.0935326035952543,0.11627906976744186,0.11627906976744186
2013,vmid_dn,127,43,better,0.008186020784592284,0.008844100331256865,-0.0673019178916155,-0.0673019178916155,0.18604651162790697,0.20930232558139536
2013,vmid_up,217,43,worse,0.012347615283044872,0.0100662314655428,-0.07144975521701613,-0.07144975521701613,0.13953488372093023,0.11627906976744186
2014,ALL,1074,43,worse,-0.0066926311949850265,-0.003700689712533953,-0.10548739064165659,-0.08871537899645494,0.09302325581395349,0.046511627906976744
2014,vhigh_dn,140,37,better,0.0005781145639319305,0.004719011774317204,-0.17251676931001225,-0.124311025739008,0.21621621621621623,0.1891891891891892
2014,vhigh_up,204,43,worse,-0.010058080131168582,-0.008672978201554209,-0.139494027226533,-0.12579575422251216,0.20930232558139536,0.13953488372093023
2014,vlow_dn,197,41,worse,-0.0049316759959641175,-0.009898727745324585,-0.12731862444663722,-0.12731862444663722,0.12195121951219512,0.0975609756097561
2014,vlow_up,189,40,same,0.003081844607975455,0.003081844607975455,-0.10954899588613082,-0.10954899588613082,0.15,0.15
2014,vmid_dn,178,39,better,-0.016458849998073257,-0.011630225892724444,-0.10116810039201055,-0.10116810039201055,0.05128205128205128,0.15384615384615385
2014,vmid_up,166,41,better,-0.0037041268987376154,0.00401944550670798,-0.11065451933372616,-0.11065451933372616,0.07317073170731707,0.07317073170731707
2015,ALL,1075,43,worse,-0.007127769244368651,-0.007138092262619475,-0.08238285107008157,-0.07596227987784594,0.023255813953488372,0.046511627906976744
2015,vhigh_dn,193,43,better,-0.008049834668472157,-0.005481832573847426,-0.13592182769835603,-0.13592182769835603,0.11627906976744186,0.11627906976744186
2015,vhigh_up,151,41,better,-0.02256710080301329,-0.02058623600427881,-0.1389381510728345,-0.11852008622919626,0.07317073170731707,0.12195121951219512
2015,vlow_dn,225,42,better,0.006072014955754157,0.0026796631880431827,-0.11833031800707465,-0.11699751899380627,0.07142857142857142,0.14285714285714285
2015,vlow_up,162,41,same,-0.014205590815482847,-0.014205590815482847,-0.09648023762217289,-0.09648023762217289,0.04878048780487805,0.04878048780487805
2015,vmid_dn,186,43,better,-0.008518202709476364,-0.009426134040096602,-0.11944599432505602,-0.11912600643467974,0.023255813953488372,0.13953488372093023
2015,vmid_up,158,40,same,-0.010383732430941168,-0.010383732430941168,-0.23205935499541613,-0.23205935499541613,0.05,0.05
2016,ALL,1097,44,better,-0.0017167231135073132,-0.0031033435287936713,-0.11149545045744115,-0.1034032264500317,0.06818181818181818,0.11363636363636363
2016,vhigh_dn,157,44,better,-0.0005692900301236613,-0.00036941022122067446,-0.17101707312829997,-0.17101707312829997,0.045454545454545456,0.045454545454545456
2016,vhigh_up,194,44,better,-0.012339694802848956,-0.013273188696013793,-0.15695842846255284,-0.15010684474485747,0.13636363636363635,0.13636363636363635
2016,vlow_dn,196,43,better,-0.002952424458388552,-0.002690264820914977,-0.14082228384723222,-0.11950743462289683,0.13953488372093023,0.16279069767441862
2016,vlow_up,199,40,same,-0.016999805072018197,-0.016999805072018197,-0.176725507540741,-0.176725507540741,0.1,0.1
2016,vmid_dn,152,41,better,0.0005542095169381586,0.0006683980030790166,-0.13716077475590358,-0.13716077475590358,0.07317073170731707,0.21951219512195122
2016,vmid_up,199,43,same,0.003227791371508153,0.003227791371508153,-0.11128454405793019,-0.11128454405793019,0.09302325581395349,0.09302325581395349
2017,ALL,1073,43,better,0.001306197109447384,0.0009282532653335146,-0.03861052445849189,-0.036997996209168736,0.0,0.0
2017,vhigh_dn,150,42,worse,0.011622684692471515,0.004741489758742167,-0.11018515313109455,-0.08034541530846269,0.07142857142857142,0.09523809523809523
2017,vhigh_up,192,43,better,0.0011740741316000943,0.006310919852455502,-0.136958395513859,-0.08306152307877858,0.023255813953488372,0.11627906976744186
2017,vlow_dn,199,43,better,0.012671130186834825,0.009868046203116723,-0.08739157391199937,-0.07687210075935176,0.13953488372093023,0.13953488372093023
2017,vlow_up,188,43,same,0.00035243321133688823,0.00035243321133688823,-0.07397623217075959,-0.07397623217075959,0.11627906976744186,0.11627906976744186
2017,vmid_dn,161,43,better,-0.0015449192567262716,0.0007395376981196045,-0.09298260133484922,-0.09298260133484922,0.09302325581395349,0.16279069767441862
2017,vmid_up,183,42,same,-0.0062524862555756715,-0.0062524862555756715,-0.07236857185957847,-0.07236857185957847,0.0,0.0
2018,ALL,1048,42,better,-0.005686623811121333,-0.0010062779354396707,-0.1114702144040023,-0.09320083242484893,0.023809523809523808,0.047619047619047616
2018,vhigh_dn,126,38,worse,0.004514602770079091,0.003686929571559851,-0.17182276197943555,-0.17182276197943555,0.15789473684210525,0.10526315789473684
2018,vhigh_up,209,41,better,-0.027360737478115436,-0.011318320654615851,-0.1684683801386131,-0.14757914509590345,0.0,0.04878048780487805
2018,vlow_dn,176,41,better,-0.004501692598280866,0.001712948612211587,-0.13937906082620158,-0.11777843115718162,0.14634146341463414,0.12195121951219512
2018,vlow_up,202,42,same,0.0005965889214020291,0.0005965889214020291,-0.1091284097364925,-0.1091284097364925,0.14285714285714285,0.14285714285714285
2018,vmid_dn,174,42,better,-0.00922945055228325,-0.003874347374367503,-0.11430874566722964,-0.10933103530447714,0.047619047619047616,0.09523809523809523
2018,vmid_up,161,39,same,4.635743746741671e-05,4.635743746741671e-05,-0.15057080574653633,-0.15057080574653633,0.1794871794871795,0.1794871794871795
2019,ALL,1071,43,better,0.005417798105739006,0.004957071934611183,-0.0657288056997114,-0.05913055038731563,0.046511627906976744,0.023255813953488372
2019,vhigh_dn,182,43,better,0.004238823692403479,4.5850494851112984e-05,-0.09907761438513317,-0.10867107280213685,0.16279069767441862,0.16279069767441862
2019,vhigh_up,162,42,worse,0.005411280785891994,-0.0009789743817866432,-0.10768469239358312,-0.10313975472433339,0.09523809523809523,0.047619047619047616
2019,vlow_dn,184,42,better,-0.004468618706368767,-0.0036025164746455083,-0.12076702498723323,-0.10928910027443607,0.11904761904761904,0.11904761904761904
2019,vlow_up,201,42,same,0.012709921533129609,0.012709921533129609,-0.07640893094367242,-0.07640893094367242,0.09523809523809523,0.09523809523809523
2019,vmid_dn,163,43,better,0.015565180829385605,0.016899828043682952,-0.11573940618191765,-0.11573940618191765,0.3023255813953488,0.3488372093023256
2019,vmid_up,179,43,same,0.00748500747951596,0.00748500747951596,-0.10075073821927256,-0.10075073821927256,0.16279069767441862,0.16279069767441862
2020,ALL,1071,43,better,0.0033599269585224316,0.00209635032054358,-0.14157699319307201,-0.11939030708034794,0.09302325581395349,0.09302325581395349
2020,vhigh_dn,91,34,worse,-0.006838268711461023,-0.016171411378004572,-0.22706991391582582,-0.22258535856865935,0.08823529411764706,0.35294117647058826
2020,vhigh_up,250,42,better,-0.01897144259141313,-0.006535391825073396,-0.18554356637412406,-0.10330631068489195,0.11904761904761904,0.14285714285714285
2020,vlow_dn,148,42,worse,-0.0014905522102711,-0.006669894454382973,-0.1481802224717718,-0.1399102538439605,0.09523809523809523,0.11904761904761904
2020,vlow_up,239,42,same,0.045213002667008576,0.045213002667008576,-0.10033865538983384,-0.10033865538983384,0.21428571428571427,0.21428571428571427
2020,vmid_dn,133,40,worse,0.010316431604039564,-0.012919030102513074,-0.22662285242418845,-0.2173352845121343,0.175,0.175
2020,vmid_up,210,43,same,-0.005025987593270193,-0.005025987593270193,-0.17891695030824453,-0.17891695030824453,0.046511627906976744,0.046511627906976744
2021,ALL,1097,44,better,-0.008365963079407667,-0.011531459479696264,-0.15785789536614211,-0.14350348586175565,0.13636363636363635,0.13636363636363635
2021,vhigh_dn,123,39,better,0.0009904940791311495,0.0018595451970962339,-0.17930009016322906,-0.17930009016322906,0.1282051282051282,0.20512820512820512
2021,vhigh_up,228,44,worse,0.0009420037348616497,-0.013968839034702678,-0.1902804288930677,-0.1424957858092344,0.09090909090909091,0.25
2021,vlow_dn,227,41,same,-0.026030114229481243,-0.02530047924237298,-0.1849336400071596,-0.1849336400071596,0.21951219512195122,0.21951219512195122
2021,vlow_up,167,40,same,-0.016693704875627303,-0.01700974250535446,-0.177580590702704,-0.177580590702704,0.125,0.125
2021,vmid_dn,164,40,worse,-0.008209278034604636,-0.007516094134557611,-0.1746982881271501,-0.1746982881271501,0.15,0.15
2021,vmid_up,188,43,same,-0.004992762256932366,-0.004992762256932366,-0.26557127113425105,-0.26557127113425105,0.06976744186046512,0.06976744186046512
2022,ALL,1074,43,better,-0.02054327985009605,-0.011177680517272437,-0.1469815638339154,-0.10482477067505937,0.11627906976744186,0.11627906976744186
2022,vhigh_dn,171,40,better,-0.0478584792188443,-0.04018381135690654,-0.22921364824822674,-0.2090546102097294,0.025,0.075
2022,vhigh_up,172,42,better,-0.026292278082365117,-0.006635857640397319,-0.21013741739131833,-0.10917778107899107,0.07142857142857142,0.19047619047619047
2022,vlow_dn,232,42,better,-0.0015037174718517399,0.010245237259365835,-0.16895541218922727,-0.10880506193078487,0.16666666666666666,0.35714285714285715
2022,vlow_up,155,37,worse,-0.013531475722630462,-0.02546251397701331,-0.15562852116382114,-0.1764919724849175,0.08108108108108109,0.13513513513513514
2022,vmid_dn,190,42,better,-0.024655824056855395,-0.018004813104245017,-0.19299544795531556,-0.19299544795531556,0.07142857142857142,0.14285714285714285
2022,vmid_up,154,37,worse,-0.03359750374065594,-0.033586320793853305,-0.20361467621215404,-0.2053713353239345,0.08108108108108109,0.10810810810810811
