rule,family,n,mean,hit_rate,hit10,avg_gain,avg_loss,tail5_mean,worst,cat_rate,days_held,early_exit_rate,utilisation,cost_drag_bps,mean_week,mean_dev,in_band,below_band,cvar5,maxdd,pos_weeks,precision,weeks
week_end,week_end,2600,-0.003075500703909106,0.48846153846153845,0.055,0.049097420774162334,-0.05289475655139085,-0.15515152569474977,-0.3182737666016589,0.006153846153846154,5.0,0.0,1.0,14.0,-0.0030755007039090995,0.07307550070390911,0.04807692307692308,0.9519230769230769,-0.07724808728457554,0.3959956195585257,0.4807692307692308,0.48846153846153845,104
target_5,fixed_target,2600,-0.001673779603730358,0.54,0.004230769230769231,0.04191372574600829,-0.052841720666467036,-0.14914328334349441,-0.3182737666016589,0.004615384615384616,4.128461538461538,0.3473076923076923,0.8256923076923076,12.046153846153846,-0.0016737796037303552,0.07167377960373036,0.0,1.0,-0.06915081662920876,0.2710514404469523,0.5,0.54,104
target_7,fixed_target,2600,-0.001380133595272924,0.51,0.006153846153846154,0.04790680830049797,-0.05267878740515693,-0.15077455057464617,-0.3182737666016589,0.005,4.503461538461538,0.2169230769230769,0.9006923076923077,12.696153846153846,-0.001380133595272919,0.07138013359527293,0.009615384615384616,0.9903846153846154,-0.0705509751323237,0.2917525859491923,0.47115384615384615,0.51,104
target_10,fixed_target,2600,-0.001378353908327945,0.49615384615384617,0.014615384615384615,0.05091692400290961,-0.05287523063008097,-0.15406440090271525,-0.3182737666016589,0.0057692307692307696,4.7784615384615385,0.10923076923076923,0.9556923076923077,13.332692307692307,-0.0013783539083279395,0.07137835390832795,0.009615384615384616,0.9903846153846154,-0.07424091570333462,0.30073940483384165,0.5,0.49615384615384617,104
target_15,fixed_target,2600,-0.001637619068935081,0.49038461538461536,0.07038461538461538,0.051552553752696614,-0.05282061555767501,-0.15506326890514738,-0.3182737666016589,0.006153846153846154,4.921923076923077,0.037307692307692306,0.9843846153846154,13.74423076923077,-0.0016376190689350748,0.07163761906893508,0.038461538461538464,0.9615384615384616,-0.0755458815822343,0.3146059372625236,0.49038461538461536,0.49038461538461536,104
trail_4,trailing,2600,-0.0012771950055438606,0.4938461538461538,0.045,0.04287263952180264,-0.04435347732553847,-0.14550935067892576,-0.3182737666016589,0.004615384615384616,4.395769230769231,0.2980769230769231,0.8791538461538462,14.0,-0.0012771950055438578,0.07127719500554386,0.0,1.0,-0.06308139300745146,0.2622529465378389,0.5,0.4938461538461538,104
trail_6,trailing,2600,-0.002519459114541727,0.46576923076923077,0.04923076923076923,0.04671460055991334,-0.04544418644770593,-0.14714605421029636,-0.3182737666016589,0.005,4.622692307692308,0.19884615384615384,0.9245384615384615,14.0,-0.0025194591145417224,0.07251945911454173,0.0,1.0,-0.0662682685772104,0.3320385239093441,0.47115384615384615,0.46576923076923077,104
trail_9,trailing,2600,-0.0025038804287068244,0.4776923076923077,0.051153846153846154,0.04903448599336992,-0.04963985325361059,-0.14774040027640178,-0.3182737666016589,0.005,4.848461538461539,0.08653846153846154,0.9696923076923077,14.0,-0.002503880428706819,0.07250388042870683,0.028846153846153848,0.9711538461538461,-0.06935902008444612,0.34806654220041067,0.5096153846153846,0.4776923076923077,104
volt_0.75,vol_scaled,2600,-0.0017818902984375214,0.5365384615384615,0.013461538461538462,0.0429532348046424,-0.05357068657959644,-0.15032494302666713,-0.3182737666016589,0.005,4.202692307692308,0.32384615384615384,0.8405384615384616,12.159615384615384,-0.0017818902984375177,0.07178189029843753,0.0,1.0,-0.07099201333947901,0.2955020223676823,0.5288461538461539,0.5365384615384615,104
volt_1.0,vol_scaled,2600,-0.0013852245086566236,0.5126923076923077,0.02846153846153846,0.047996010576344866,-0.05333880490984605,-0.15325754384879847,-0.3182737666016589,0.0057692307692307696,4.510769230769231,0.21923076923076923,0.9021538461538462,12.721153846153847,-0.0013852245086566177,0.07138522450865663,0.019230769230769232,0.9807692307692307,-0.07334507396693633,0.28899438246026776,0.5192307692307693,0.5126923076923077,104
volt_1.5,vol_scaled,2600,-0.0013095637224424287,0.49538461538461537,0.058076923076923075,0.05125305879282278,-0.052910674850233264,-0.15375792656296525,-0.3182737666016589,0.0057692307692307696,4.798461538461538,0.09961538461538462,0.9596923076923076,13.36923076923077,-0.0013095637224424224,0.07130956372244243,0.019230769230769232,0.9807692307692307,-0.07631482419898476,0.29535902488876287,0.5096153846153846,0.49538461538461537,104
voltrail_1.0,vol_scaled,2600,-0.0036612758964662934,0.43884615384615383,0.05,0.04911209374045912,-0.044932293549469655,-0.11549179322377903,-0.28253876774358594,0.002307692307692308,4.155,0.38076923076923075,0.8310000000000001,14.0,-0.003661275896466289,0.0736612758964663,0.009615384615384616,0.9903846153846154,-0.06043569476071759,0.4005232522578611,0.47115384615384615,0.43884615384615383,104
voltrail_1.5,vol_scaled,2600,-0.0038499572788241654,0.4776923076923077,0.055,0.0492866799160825,-0.05244767701083748,-0.13884854161890098,-0.28253876774358594,0.003076923076923077,4.684230769230769,0.1676923076923077,0.9368461538461539,14.0,-0.0038499572788241593,0.07384995727882417,0.019230769230769232,0.9807692307692307,-0.07393690353441358,0.41887864009035514,0.47115384615384615,0.4776923076923077,104
voltrail_2.0,vol_scaled,2600,-0.003632586277730995,0.4869230769230769,0.054615384615384614,0.04914053211728646,-0.05371562067660063,-0.15164294866802752,-0.2870373228147279,0.004230769230769231,4.888461538461539,0.06307692307692307,0.9776923076923077,14.0,-0.0036325862777309872,0.07363258627773099,0.038461538461538464,0.9615384615384616,-0.07589098221970957,0.42039743450172684,0.4807692307692308,0.4869230769230769,104
time_3,time,2600,-0.002252286360011807,0.4596153846153846,0.03346153846153846,0.04149470133049598,-0.03946057838147572,-0.11890354339978636,-0.3458634969934338,0.002692307692307692,3.0,1.0,0.6,14.0,-0.0022522863600118034,0.07225228636001181,0.0,1.0,-0.06130670282277962,0.33801681519204385,0.4519230769230769,0.4596153846153846,104
time_4,time,2600,-0.0032212632896031785,0.4723076923076923,0.048846153846153845,0.04633345981851621,-0.04757490758754094,-0.13808572294682653,-0.32348146698441066,0.003076923076923077,4.0,1.0,0.8,14.0,-0.0032212632896031716,0.07322126328960318,0.038461538461538464,0.9615384615384616,-0.07046904536351126,0.38760100258653285,0.49038461538461536,0.4723076923076923,104
t10_trail6,hybrid,2600,-0.0012132685811189047,0.4665384615384615,0.013846153846153847,0.04919664770286463,-0.04529922997439362,-0.14587478604744009,-0.3182737666016589,0.004615384615384616,4.475,0.2603846153846154,0.8949999999999999,13.39423076923077,-0.0012132685811189,0.07121326858111891,0.009615384615384616,0.9903846153846154,-0.0648971149491357,0.2743994172976022,0.5,0.4665384615384615,104
t10_trail4,hybrid,2600,-0.0011135376789660019,0.5242307692307693,0.013076923076923076,0.04509519598866607,-0.05202906232648623,-0.14953614406418209,-0.3182737666016589,0.004615384615384616,4.562307692307693,0.22115384615384615,0.9124615384615385,13.444230769230769,-0.0011135376789659967,0.071113537678966,0.009615384615384616,0.9903846153846154,-0.07013992742682458,0.2863343146428018,0.5096153846153846,0.5242307692307693,104
volt1_voltrail1.5,hybrid,2600,-0.0024682135838997436,0.5011538461538462,0.02846153846153846,0.048389220826016446,-0.05356091754390036,-0.13759717709049923,-0.28253876774358594,0.002692307692307692,4.231923076923077,0.3630769230769231,0.8463846153846154,12.748076923076923,-0.0024682135838997384,0.07246821358389975,0.019230769230769232,0.9807692307692307,-0.07236055089014438,0.3418324673242932,0.47115384615384615,0.5011538461538462,104
t10_time4,hybrid,2600,-0.0019737780282428575,0.4796153846153846,0.01,0.04764347365057071,-0.047703794911820474,-0.13739907526843065,-0.32348146698441066,0.003076923076923077,3.8876923076923076,1.0,0.7775384615384615,13.453846153846154,-0.001973778028242851,0.07197377802824285,0.019230769230769232,0.9807692307692307,-0.06765230949087107,0.3251235628656498,0.5192307692307693,0.4796153846153846,104
