kind,rule,folds,share
vhigh_dn,target_7,17,0.6538461538461539
vhigh_dn,week_end,8,0.3076923076923077
vhigh_dn,target_15,1,0.038461538461538464
vhigh_up,t10_trail4,11,0.4230769230769231
vhigh_up,week_end,8,0.3076923076923077
vhigh_up,t10_time4,7,0.2692307692307692
vlow_dn,t10_trail6,10,0.38461538461538464
vlow_dn,week_end,9,0.34615384615384615
vlow_dn,volt1_voltrail1.5,3,0.11538461538461539
vlow_dn,target_7,2,0.07692307692307693
vlow_dn,volt_1.0,1,0.038461538461538464
vlow_dn,voltrail_1.0,1,0.038461538461538464
vlow_up,week_end,20,0.7692307692307693
vlow_up,volt1_voltrail1.5,2,0.07692307692307693
vlow_up,voltrail_1.0,2,0.07692307692307693
vlow_up,t10_time4,1,0.038461538461538464
vlow_up,t10_trail6,1,0.038461538461538464
vmid_dn,target_10,21,0.8076923076923077
vmid_dn,week_end,4,0.15384615384615385
vmid_dn,target_7,1,0.038461538461538464
vmid_up,week_end,15,0.5769230769230769
vmid_up,target_7,7,0.2692307692307692
vmid_up,volt1_voltrail1.5,2,0.07692307692307693
vmid_up,t10_trail4,1,0.038461538461538464
vmid_up,t10_trail6,1,0.038461538461538464
