driver,kind,contrast,t,p_fwer,n_high,n_low,cut_lo,cut_hi,works_when
m_y10_d4,context,0.0009152195077995725,2.314814346635943,0.5920398009950248,3442,3511,-0.06000000000000005,0.10999999999999988,high
m_y10_pct,context,0.0007402982992161853,1.687449476587321,0.9502487562189055,3437,3464,0.860655737704918,0.9627831715210357,high
m_breadth_pct,context,-0.0005700857573437355,-1.465606210217926,0.9950248756218906,3452,3439,0.29694835680751175,0.5759493670886076,low
m_ffr,context,0.0005702564776129617,1.4279692044265668,0.9950248756218906,4235,3500,2.33,4.33,high
m_ffr_pct,context,0.0007706195431352983,1.3438032400789897,1.0,3452,3436,0.7590027700831025,0.9591666666666666,high
share,pattern,-0.0006217164577466661,-1.273622237399195,1.0,3435,3443,0.041811846689895474,0.05946615760742156,low
m_liq_pct,context,0.0006697183857100146,1.1561192290737798,1.0,3468,3452,0.8202416918429003,0.9632564841498559,high
m_infl_pct,context,0.0004939241485322915,1.1390556846483635,1.0,3446,3460,0.706408345752608,0.8365539452495975,high
m_breadth,context,-0.000443063322016978,-1.1143302648321844,1.0,3448,3460,0.4485834240913391,0.5884955525398254,low
m_spy_ma50_pct,context,-0.0004170082667902264,-1.0672679795812046,1.0,3436,3438,0.32978723404255317,0.728978978978979,low
m_y10,context,0.0005311684218733843,1.0012888291748976,1.0,3454,3439,2.97,4.24,high
m_spy_r5_pct,context,0.00038896275941110016,0.9497907385722244,1.0,3446,3460,0.30846153846153845,0.6988527724665392,high
m_breadth_d4,context,-0.0003717279571100154,-0.9343065795732162,1.0,3436,3453,-0.07651114463806152,0.07448840141296387,low
m_vix_chg5_d4,context,0.0004207162934346714,0.8804256417846587,1.0,3440,3452,-0.07963568717241287,0.09060950577259064,high
m_curve,context,-0.0004404119825267061,-0.8768130760018419,1.0,3546,3463,0.13,0.51,low
m_spy_ma50,context,-0.00034183596485586667,-0.8615488467468134,1.0,3440,3436,0.007255826611071825,0.0326630100607872,low
m_spy_ma50_d4,context,-0.0003454942532027089,-0.8013476110751369,1.0,3456,3448,-0.015485072508454323,0.011333839036524296,low
m_spy_ma200_d4,context,-0.0003095358048242927,-0.8000764120039534,1.0,3447,3437,-0.013459533452987671,0.01539408415555954,low
m_atr,context,0.0004228476809709958,0.7616145162959954,1.0,3465,3445,0.027678275480866432,0.03351752460002899,high
m_spy_r5,context,0.00030188091411779245,0.7614680658578835,1.0,3462,3441,-0.003377532120794058,0.011906390078365803,high
m_liq,context,0.0004079541601027752,0.7136203385646397,1.0,3454,3443,17.4617862701416,17.64350128173828,high
m_atr_d4,context,0.0003572274801406059,0.6968476143815704,1.0,3458,3438,-0.0022355467081069946,0.002569969743490219,high
m_liq_d4,context,0.00035389973445527207,0.5955742964258599,1.0,3451,3436,-0.040561676025390625,0.047214508056640625,high
age,pattern,0.00028385579517794987,0.590014912591918,1.0,3449,3444,70.0,177.0,high
m_infl,context,0.0002824816023088732,0.5810675576111876,1.0,3604,3510,2.23,2.34,high
m_vix_term_pct,context,0.00023147609744558789,0.5805338253502043,1.0,3442,3453,0.35815602836879434,0.6923620933521923,high
m_vix_term,context,0.0002043869111228152,0.4993693845496369,1.0,3436,3449,0.8455497622489929,0.9120000004768372,high
m_curve_d4,context,0.00024811840307731575,0.4872669835475206,1.0,3467,3540,-0.050000000000000044,0.05000000000000002,high
crowd,pattern,0.00026894544082513256,0.4672444019363123,1.0,3435,3435,0.0406102611984965,0.07189853403524168,high
m_vol20_d4,context,0.00023049992811632165,0.40289406091942787,1.0,3466,3455,-0.0016042161732912064,0.0017826110124588013,high
m_spy_ma200_pct,context,0.0001786549607800997,0.38344160236871183,1.0,3437,3441,0.39347079037800686,0.7908438061041293,high
m_vix_chg5_pct,context,-0.00018245550037825482,-0.3745636327879406,1.0,3446,3442,0.3470209339774557,0.6893333333333334,low
m_curve_pct,context,-0.0001982385773341592,-0.35492415718887294,1.0,3457,3452,0.10204081632653061,0.3817460317460317,low
m_vol20_pct,context,-0.00016787441678568662,-0.3413250451461388,1.0,3453,3455,0.6625708884688091,0.853887399463807,low
m_vix_pct,context,-0.00013818418818932292,-0.3253565129907025,1.0,3444,3459,0.5283687943262412,0.7591240875912408,low
m_spy_r5_d4,context,-0.00012275348665625907,-0.26256996995610526,1.0,3447,3471,-0.01212158240377903,0.008765850216150284,low
m_spy_ma200,context,0.00011978740127028276,0.25689753873178456,1.0,3439,3452,0.05237898975610733,0.09389076381921768,high
m_vix,context,-8.098974167308117e-05,-0.19005868181145974,1.0,3461,3439,15.449999809265137,19.829999923706055,low
m_vol20,context,9.466413758144981e-05,0.18313253652681835,1.0,3441,3457,0.01867710053920746,0.022744350135326385,high
m_dispersion_d4,context,8.396041368689342e-05,0.15884918410416154,1.0,3444,3435,-0.0023223084087173125,0.0032153762876987457,high
m_dispersion_pct,context,-7.140837160238307e-05,-0.14583900160410812,1.0,3471,3455,0.7504065040650406,0.90625,low
m_dispersion,context,5.739326944084031e-05,0.10983183209098625,1.0,3436,3467,0.02586689032614231,0.03193715959787369,high
m_vix_term_d4,context,3.208756696612e-05,0.06437718625287624,1.0,3454,3462,-0.03521794080734253,0.029159188270568848,high
m_infl_d4,context,-3.0377551443911148e-05,-0.0616031360754142,1.0,3439,3486,-0.03000000000000025,0.05999999999999983,low
m_vix_d4,context,2.3003052949381597e-05,0.049335868113439735,1.0,3439,3447,-1.7299995422363281,1.4300003051757812,high
m_vix_chg5,context,-1.1328064628009647e-05,-0.022431780407485852,1.0,3448,3459,-0.05921126902103424,0.04422706738114357,low
m_atr_pct,context,-1.0534947388787515e-05,-0.018909471789698602,1.0,3443,3455,0.6783681214421252,0.8375748502994012,low
