,share
exp_hit,0.061609095863233265
share,0.06155869587339632
hit_trend,0.05030253649173036
age,0.046445769249571
mean13,0.036518950520819375
m_liq_d4,0.036485469557517275
hit26,0.030221522233899695
crowd,0.02961678071358341
m_curve_d4,0.02867971291606428
t13,0.02850854913623663
m_infl_pct,0.027853350153786826
m_y10_d4,0.026382085638785354
m_liq_pct,0.02593535756462868
m_vol20_d4,0.02475872237870987
m_curve_pct,0.02402129257143455
hit13,0.019476627820080528
m_breadth_d4,0.01922461467397184
m_spy_r5_d4,0.017870069763818396
m_spy_ma50_d4,0.01759798369553015
m_dispersion_d4,0.017551883237138917
m_vix_term_d4,0.01630745530833178
m_spy_ma200,0.016063332747251014
m_vix_chg5_d4,0.014750814956851736
m_vol20_pct,0.014280902816594885
m_liq,0.014067892145051995
m_atr_d4,0.013279004823632489
m_vix_chg5,0.012908095117538081
m_y10,0.012537907401650488
m_spy_ma200_d4,0.012318673434504861
m_vol20,0.012017716739961574
m_spy_r5,0.011913646220433588
m_y10_pct,0.011717834605490855
m_dispersion,0.011627879680604325
m_spy_ma200_pct,0.011581209510156192
m_ffr_pct,0.011508005504588012
m_spy_r5_pct,0.011066884401706115
m_ffr_d4,0.010906549986696745
m_infl_d4,0.01089455558879999
m_curve,0.010500704637063025
m_atr_pct,0.010388826902754396
m_infl,0.009766981469778026
m_atr,0.009461701122213574
m_vix_d4,0.009267250732289213
m_dispersion_pct,0.009202084560579384
since_break,0.008943218386565322
m_spy_ma50,0.00863994031232321
hit4,0.008399711856500772
m_vix_chg5_pct,0.008307802519477056
m_vix,0.007416689402528062
m_vix_term,0.006713922048913182
m_breadth,0.006578833394966717
m_spy_ma50_pct,0.006467484469472142
m_vix_term_pct,0.006027048474696275
m_breadth_pct,0.0059496044642112726
m_vix_pct,0.0052870074887284985
m_ffr,0.002313756713158428
