pattern,detect,onset,recover,review_row,resolve_row,verdict,cause,driver,detail,shared_with
ear q4 & news5 q1,201,130,,201,201,PHANTOM_DISCARDED,never_established,,"the burn-in mean signed return was not positive, so the pattern was never shown to work",1
days_to_earn q4 & ear q2,239,176,438.0,247,247,DISCARDED_UNPREDICTABLE,unknown,,none of 47 candidate drivers beat the family-wise noise baseline: the cause is not among the indicators the system has (unknown cause - unpredictable),3
days_to_earn q4 & ear q2,463,176,475.0,468,468,DISCARDED_UNPREDICTABLE,unknown,,none of 47 candidate drivers beat the family-wise noise baseline: the cause is not among the indicators the system has (unknown cause - unpredictable),3
days_to_earn q4 & ear q2,495,176,657.0,507,507,DISCARDED_UNPREDICTABLE,unknown,,none of 47 candidate drivers beat the family-wise noise baseline: the cause is not among the indicators the system has (unknown cause - unpredictable),3
days_to_earn q4 & ear q2,709,176,,715,715,DISCARDED_UNPREDICTABLE,unknown,,none of 47 candidate drivers beat the family-wise noise baseline: the cause is not among the indicators the system has (unknown cause - unpredictable),3
news5 q1,201,130,,201,201,PHANTOM_DISCARDED,never_established,,"the burn-in mean signed return was not positive, so the pattern was never shown to work",1
dist_ma200 q3 & ear q3,185,157,261.0,185,185,PHANTOM_DISCARDED,never_established,,"the burn-in mean signed return was not positive, so the pattern was never shown to work",2
r5 q1,183,157,288.0,183,183,PHANTOM_DISCARDED,never_established,,"the burn-in mean signed return was not positive, so the pattern was never shown to work",2
r5 q1,483,432,502.0,494,494,DISCARDED_UNPREDICTABLE,unknown,,none of 47 candidate drivers beat the family-wise noise baseline: the cause is not among the indicators the system has (unknown cause - unpredictable),1
range_compress q4 & skew60 q0,210,157,251.0,210,210,PHANTOM_DISCARDED,never_established,,"the burn-in mean signed return was not positive, so the pattern was never shown to work",2
range_compress q4 & skew60 q0,418,301,482.0,429,429,DISCARDED_UNPREDICTABLE,unknown,,none of 47 candidate drivers beat the family-wise noise baseline: the cause is not among the indicators the system has (unknown cause - unpredictable),0
range_compress q4 & skew60 q0,662,612,693.0,663,663,DISCARDED_UNPREDICTABLE,unknown,,none of 47 candidate drivers beat the family-wise noise baseline: the cause is not among the indicators the system has (unknown cause - unpredictable),1
r1 q2 & skew60 q2,223,183,252.0,223,223,PHANTOM_DISCARDED,never_established,,"the burn-in mean signed return was not positive, so the pattern was never shown to work",2
r1 q2 & skew60 q2,326,281,579.0,338,338,DISCARDED_UNPREDICTABLE,unknown,,none of 48 candidate drivers beat the family-wise noise baseline: the cause is not among the indicators the system has (unknown cause - unpredictable),0
r1 q2 & skew60 q2,649,609,688.0,650,650,DISCARDED_UNPREDICTABLE,unknown,,none of 47 candidate drivers beat the family-wise noise baseline: the cause is not among the indicators the system has (unknown cause - unpredictable),1
ear q3 & mom_12_1 q3,232,183,,232,232,PHANTOM_DISCARDED,never_established,,"the burn-in mean signed return was not positive, so the pattern was never shown to work",2
dist_52wh q1 & min20 q1,209,183,,209,209,PHANTOM_DISCARDED,never_established,,"the burn-in mean signed return was not positive, so the pattern was never shown to work",2
news5 q1 & range_compress q4,278,209,,278,278,PHANTOM_DISCARDED,never_established,,"the burn-in mean signed return was not positive, so the pattern was never shown to work",2
days_since_earn q1 & earn_in_week q1,304,209,,304,304,PHANTOM_DISCARDED,never_established,,"the burn-in mean signed return was not positive, so the pattern was never shown to work",2
days_since_earn q2 & news5 q1,278,209,,278,278,PHANTOM_DISCARDED,never_established,,"the burn-in mean signed return was not positive, so the pattern was never shown to work",2
rel_ind20 q3 & vol_surge1 q3,297,262,325.0,299,299,DISCARDED_UNPREDICTABLE,unknown,,none of 48 candidate drivers beat the family-wise noise baseline: the cause is not among the indicators the system has (unknown cause - unpredictable),0
rel_ind20 q3 & vol_surge1 q3,376,350,444.0,377,377,DISCARDED_UNPREDICTABLE,unknown,,none of 48 candidate drivers beat the family-wise noise baseline: the cause is not among the indicators the system has (unknown cause - unpredictable),1
rel_ind20 q3 & vol_surge1 q3,449,350,540.0,455,455,DISCARDED_UNPREDICTABLE,unknown,,none of 47 candidate drivers beat the family-wise noise baseline: the cause is not among the indicators the system has (unknown cause - unpredictable),1
rel_ind20 q3 & vol_surge1 q3,644,626,,650,650,DISCARDED_UNPREDICTABLE,unknown,,none of 47 candidate drivers beat the family-wise noise baseline: the cause is not among the indicators the system has (unknown cause - unpredictable),2
ear q1 & ins_buyers30 q2,261,235,,261,261,PHANTOM_DISCARDED,never_established,,"the burn-in mean signed return was not positive, so the pattern was never shown to work",0
ear q1 & news5 q1,710,643,,715,715,DISCARDED_UNPREDICTABLE,unknown,,none of 47 candidate drivers beat the family-wise noise baseline: the cause is not among the indicators the system has (unknown cause - unpredictable),0
intraday20 q0 & news5 q1,436,330,517.0,442,442,DISCARDED_UNPREDICTABLE,unknown,,none of 47 candidate drivers beat the family-wise noise baseline: the cause is not among the indicators the system has (unknown cause - unpredictable),1
intraday20 q0 & news5 q1,671,330,712.0,676,676,DISCARDED_UNPREDICTABLE,unknown,,none of 47 candidate drivers beat the family-wise noise baseline: the cause is not among the indicators the system has (unknown cause - unpredictable),1
dist_ma50 q1 & ear_volsurge q3,313,287,324.0,313,313,PHANTOM_DISCARDED,never_established,,"the burn-in mean signed return was not positive, so the pattern was never shown to work",1
dist_ma50 q1 & ear_volsurge q3,585,466,593.0,585,585,DISCARDED_UNPREDICTABLE,unknown,,"driver(s) m_liq_pct, m_liq passed the family-wise bar generally but were not in their bad zone at this break's onset: they do not describe it (unknown cause)",4
dist_ma50 q1 & ear_volsurge q3,611,466,,611,611,DISCARDED_UNPREDICTABLE,unknown,,"driver(s) m_liq_pct, m_liq passed the family-wise bar generally but were not in their bad zone at this break's onset: they do not describe it (unknown cause)",4
ear q1 & ear_volsurge q3,317,287,372.0,317,317,PHANTOM_DISCARDED,never_established,,"the burn-in mean signed return was not positive, so the pattern was never shown to work",1
ear q1 & ear_volsurge q3,464,373,508.0,468,468,DISCARDED_UNPREDICTABLE,unknown,,none of 47 candidate drivers beat the family-wise noise baseline: the cause is not among the indicators the system has (unknown cause - unpredictable),1
ear q1 & ear_volsurge q3,634,373,712.0,637,637,DISCARDED_UNPREDICTABLE,unknown,,driver(s) m_liq_pct passed the family-wise bar generally but were not in their bad zone at this break's onset: they do not describe it (unknown cause),1
days_since_earn q2 & log_dv q1,339,313,389.0,339,339,PHANTOM_DISCARDED,never_established,,"the burn-in mean signed return was not positive, so the pattern was never shown to work",2
ear q3 & news5 q1,373,313,449.0,373,373,PHANTOM_DISCARDED,never_established,,"the burn-in mean signed return was not positive, so the pattern was never shown to work",2
ear_volsurge q0 & news5 q1,373,313,426.0,373,373,PHANTOM_DISCARDED,never_established,,"the burn-in mean signed return was not positive, so the pattern was never shown to work",2
ear_volsurge q0 & news5 q1,670,434,,676,676,DISCARDED_UNPREDICTABLE,unknown,,none of 47 candidate drivers beat the family-wise noise baseline: the cause is not among the indicators the system has (unknown cause - unpredictable),1
dist_52wh q3 & news5 q1,410,339,426.0,410,410,PHANTOM_DISCARDED,never_established,,"the burn-in mean signed return was not positive, so the pattern was never shown to work",1
ear q1 & skew60 q1,365,339,429.0,365,365,PHANTOM_DISCARDED,never_established,,"the burn-in mean signed return was not positive, so the pattern was never shown to work",1
ear q1 & skew60 q1,470,440,,481,481,DISCARDED_UNPREDICTABLE,unknown,,none of 47 candidate drivers beat the family-wise noise baseline: the cause is not among the indicators the system has (unknown cause - unpredictable),3
log_dv q1 & r5 q1 unless frog q0,399,365,,399,399,PHANTOM_DISCARDED,never_established,,"the burn-in mean signed return was not positive, so the pattern was never shown to work",2
log_dv q1 & r5 q1 unless vol_surge1 q0,402,365,,402,402,PHANTOM_DISCARDED,never_established,,"the burn-in mean signed return was not positive, so the pattern was never shown to work",2
log_dv q1 & r5 q1 unless gap_today q0,395,365,,395,395,PHANTOM_DISCARDED,never_established,,"the burn-in mean signed return was not positive, so the pattern was never shown to work",2
news5 q2 & vol_surge5 q4,417,391,574.0,417,417,PHANTOM_DISCARDED,never_established,,"the burn-in mean signed return was not positive, so the pattern was never shown to work",0
frog q2 & log_dv q3,469,443,477.0,469,469,PHANTOM_DISCARDED,never_established,,"the burn-in mean signed return was not positive, so the pattern was never shown to work",3
atr_pct q3 & log_dv q1,469,443,,469,469,PHANTOM_DISCARDED,never_established,,"the burn-in mean signed return was not positive, so the pattern was never shown to work",3
mom_12_1 q3 & vol_ratio q0,469,443,,469,469,PHANTOM_DISCARDED,never_established,,"the burn-in mean signed return was not positive, so the pattern was never shown to work",3
dist_ma50 q4 & log_dv q3,496,470,606.0,496,496,PHANTOM_DISCARDED,never_established,,"the burn-in mean signed return was not positive, so the pattern was never shown to work",4
ind_mom60 q1 & r20 q1,496,470,591.0,496,496,PHANTOM_DISCARDED,never_established,,"the burn-in mean signed return was not positive, so the pattern was never shown to work",4
days_to_earn q2 & mom_12_1 q2,496,470,498.0,496,496,PHANTOM_DISCARDED,never_established,,"the burn-in mean signed return was not positive, so the pattern was never shown to work",4
dist_ma50 q2 & r120 q3,522,496,,522,522,PHANTOM_DISCARDED,never_established,,"the burn-in mean signed return was not positive, so the pattern was never shown to work",1
dist_ma50 q2 & intraday20 q2,522,496,,522,522,PHANTOM_DISCARDED,never_established,,"the burn-in mean signed return was not positive, so the pattern was never shown to work",1
r5_nonews q4 & vol_surge5 q0,548,522,584.0,548,548,PHANTOM_DISCARDED,never_established,,"the burn-in mean signed return was not positive, so the pattern was never shown to work",2
rel_ind60 q2 & vol_surge5 q3,548,522,,548,548,PHANTOM_DISCARDED,never_established,,"the burn-in mean signed return was not positive, so the pattern was never shown to work",2
intraday20 q4 & vol_surge5 q0,548,522,692.0,548,548,PHANTOM_DISCARDED,never_established,,"the burn-in mean signed return was not positive, so the pattern was never shown to work",2
ear q4 & vol20 q2,574,548,575.0,574,574,PHANTOM_DISCARDED,never_established,,"the burn-in mean signed return was not positive, so the pattern was never shown to work",1
ear q4 & vol20 q2,682,582,706.0,689,689,DISCARDED_UNPREDICTABLE,unknown,,none of 47 candidate drivers beat the family-wise noise baseline: the cause is not among the indicators the system has (unknown cause - unpredictable),0
gap_today q1 & r20 q2,574,548,581.0,574,574,PHANTOM_DISCARDED,never_established,,"the burn-in mean signed return was not positive, so the pattern was never shown to work",1
gap_today q1 & r20 q2,699,604,,702,702,DISCARDED_UNPREDICTABLE,unknown,,none of 47 candidate drivers beat the family-wise noise baseline: the cause is not among the indicators the system has (unknown cause - unpredictable),3
dist_52wh q1 & vol_surge1 q1,641,600,,650,650,DISCARDED_UNPREDICTABLE,unknown,,none of 47 candidate drivers beat the family-wise noise baseline: the cause is not among the indicators the system has (unknown cause - unpredictable),3
vol20 q2,626,600,679.0,626,626,PHANTOM_DISCARDED,never_established,,"the burn-in mean signed return was not positive, so the pattern was never shown to work",3
ear q1 & min20 q1,626,600,627.0,626,626,PHANTOM_DISCARDED,never_established,,"the burn-in mean signed return was not positive, so the pattern was never shown to work",3
ear q2 & vol_surge1 q0,652,626,,652,652,PHANTOM_DISCARDED,never_established,,"the burn-in mean signed return was not positive, so the pattern was never shown to work",2
ear q2 & vol20 q4,652,626,,652,652,PHANTOM_DISCARDED,never_established,,"the burn-in mean signed return was not positive, so the pattern was never shown to work",2
close_loc q0 & vol20 q2,678,652,703.0,678,678,PHANTOM_DISCARDED,never_established,,"the burn-in mean signed return was not positive, so the pattern was never shown to work",0
