arl0,gate_mode,model,seconds,always_on_mean,discard_revive_mean,discard_revive_gain,discard_revive_gain_lo,discard_revive_gain_hi,gated_raw_mean,gated_raw_gain,gated_raw_gain_lo,gated_raw_gain_hi,gated_c60_mean,gated_c60_gain,gated_c60_gain_lo,gated_c60_gain_hi,gated_c61_mean,gated_c61_gain,gated_c61_gain_lo,gated_c61_gain_hi,unknown_share,breaks
100,hard,lgbm,77,2.3901598360635322e-05,1.6965920471150636e-05,-6.935677889484633e-06,-0.00028249017178750175,0.00027663235031848295,-0.00010910918225978759,-0.00013301078062042288,-0.0004048397411457837,0.0001265511937876267,0.00016931686200554388,0.00014541526364490853,-7.652041507939049e-05,0.0003828458952686318,1.6965920471150636e-05,-6.935677889484633e-06,-0.00028249017178750175,0.00027663235031848295,1.0,98
100,hard,logit,61,2.3901598360635322e-05,1.6965920471150636e-05,-6.935677889484633e-06,-0.00028249017178750175,0.00027663235031848295,-9.445383890436499e-05,-0.00011835543726500032,-0.00039928428145553273,0.00017656526463956262,0.00016931686200554388,0.00014541526364490853,-7.652041507939049e-05,0.0003828458952686318,1.6965920471150636e-05,-6.935677889484633e-06,-0.00028249017178750175,0.00027663235031848295,1.0,98
100,soft,lgbm,73,2.3901598360635322e-05,1.6965920471150636e-05,-6.935677889484633e-06,-0.00028249017178750175,0.00027663235031848295,-3.5522587363081136e-05,-5.9424185723716475e-05,-0.0003039029706315229,0.00018928052001712106,0.00016931686200554388,0.00014541526364490853,-7.652041507939049e-05,0.0003828458952686318,1.6965920471150636e-05,-6.935677889484633e-06,-0.00028249017178750175,0.00027663235031848295,1.0,98
100,soft,logit,69,2.3901598360635322e-05,1.6965920471150636e-05,-6.935677889484633e-06,-0.00028249017178750175,0.00027663235031848295,-5.2779997434526985e-05,-7.668159579516228e-05,-0.00029898475766635996,0.00015711439177334573,0.00016931686200554388,0.00014541526364490853,-7.652041507939049e-05,0.0003828458952686318,1.6965920471150636e-05,-6.935677889484633e-06,-0.00028249017178750175,0.00027663235031848295,1.0,98
250,hard,lgbm,57,2.3901598360635322e-05,5.4483627252803246e-05,3.058202889216785e-05,-0.0002398961937173821,0.0003259492201851676,-0.00010910918225978759,-0.00013301078062042288,-0.0004048397411457837,0.0001265511937876267,0.00016931686200554388,0.00014541526364490853,-7.652041507939049e-05,0.0003828458952686318,5.4483627252803246e-05,3.058202889216785e-05,-0.0002398961937173821,0.0003259492201851676,1.0,75
250,hard,logit,52,2.3901598360635322e-05,5.4483627252803246e-05,3.058202889216785e-05,-0.0002398961937173821,0.0003259492201851676,-9.445383890436499e-05,-0.00011835543726500032,-0.00039928428145553273,0.00017656526463956262,0.00016931686200554388,0.00014541526364490853,-7.652041507939049e-05,0.0003828458952686318,5.4483627252803246e-05,3.058202889216785e-05,-0.0002398961937173821,0.0003259492201851676,1.0,75
250,soft,lgbm,56,2.3901598360635322e-05,5.4483627252803246e-05,3.058202889216785e-05,-0.0002398961937173821,0.0003259492201851676,-3.5522587363081136e-05,-5.9424185723716475e-05,-0.0003039029706315229,0.00018928052001712106,0.00016931686200554388,0.00014541526364490853,-7.652041507939049e-05,0.0003828458952686318,5.4483627252803246e-05,3.058202889216785e-05,-0.0002398961937173821,0.0003259492201851676,1.0,75
250,soft,logit,52,2.3901598360635322e-05,5.4483627252803246e-05,3.058202889216785e-05,-0.0002398961937173821,0.0003259492201851676,-5.2779997434526985e-05,-7.668159579516228e-05,-0.00029898475766635996,0.00015711439177334573,0.00016931686200554388,0.00014541526364490853,-7.652041507939049e-05,0.0003828458952686318,5.4483627252803246e-05,3.058202889216785e-05,-0.0002398961937173821,0.0003259492201851676,1.0,75
500,hard,logit,50,2.3901598360635322e-05,6.616883285579318e-05,4.2267234495157775e-05,-0.00019719608648088638,0.00031547464036250043,-9.445383890436499e-05,-0.00011835543726500032,-0.00039928428145553273,0.00017656526463956262,0.00016931686200554388,0.00014541526364490853,-7.652041507939049e-05,0.0003828458952686318,6.616883285579318e-05,4.2267234495157775e-05,-0.00019719608648088638,0.00031547464036250043,1.0,66
500,soft,lgbm,56,2.3901598360635322e-05,6.616883285579318e-05,4.2267234495157775e-05,-0.00019719608648088638,0.00031547464036250043,-3.5522587363081136e-05,-5.9424185723716475e-05,-0.0003039029706315229,0.00018928052001712106,0.00016931686200554388,0.00014541526364490853,-7.652041507939049e-05,0.0003828458952686318,6.616883285579318e-05,4.2267234495157775e-05,-0.00019719608648088638,0.00031547464036250043,1.0,66
500,soft,logit,45,2.3901598360635322e-05,6.616883285579318e-05,4.2267234495157775e-05,-0.00019719608648088638,0.00031547464036250043,-5.2779997434526985e-05,-7.668159579516228e-05,-0.00029898475766635996,0.00015711439177334573,0.00016931686200554388,0.00014541526364490853,-7.652041507939049e-05,0.0003828458952686318,6.616883285579318e-05,4.2267234495157775e-05,-0.00019719608648088638,0.00031547464036250043,1.0,66
