era,weeks,mean_week,pos_weeks,in_band,mover_hit,coverage,dir_acc,share10_gross,goal8_weeks,worst_position,cat,bets
2013,52,0.0,0.0,0.0,0.25384615384615383,0.0,0.0,0.0,0.0,0.0,0,0
2014,52,0.0,0.0,0.0,0.41923076923076924,0.0,0.0,0.0,0.0,0.0,0,0
2015,53,0.0,0.0,0.0,0.4716981132075472,0.0,0.0,0.0,0.0,0.0,0,0
2016,52,0.0,0.0,0.0,0.5192307692307693,0.0,0.0,0.0,0.0,0.0,0,0
2017,52,0.0,0.0,0.0,0.42115384615384616,0.0,0.0,0.0,0.0,0.0,0,0
2018,52,0.0,0.0,0.0,0.5384615384615384,0.0,0.0,0.0,0.0,0.0,0,0
2019,52,0.0,0.0,0.0,0.55,0.0,0.0,0.0,0.0,0.0,0,0
2020,53,0.0,0.0,0.0,0.7773584905660378,0.0,0.0,0.0,0.0,0.0,0,0
2021,52,0.0,0.0,0.0,0.675,0.0,0.0,0.0,0.0,0.0,0,0
2022,52,0.0,0.0,0.0,0.7596153846153846,0.0,0.0,0.0,0.0,0.0,0,0
2023,52,0.0,0.0,0.0,0.6192307692307693,0.0,0.0,0.0,0.0,0.0,0,0
2024,52,0.0,0.0,0.0,0.7057692307692308,0.0,0.0,0.0,0.0,0.0,0,0
2025,52,0.0,0.0,0.0,0.7038461538461539,0.0,0.0,0.0,0.0,0.0,0,0
2026,38,0.0,0.0,0.0,0.7315789473684211,0.0,0.0,0.0,0.0,0.0,0,0
