year,method,n,brier,log_loss,ece,n_bet,coverage,acc_bet,acc_lo
2005,none,764,0.25202429802173154,0.697192587417798,0.07613204223210229,0,0.0,,
2005,platt,764,0.249741556942086,0.6933480193351146,0.04609803941496358,4,0.005235602094240838,0.25,0.05790063565179848
2005,isotonic,764,0.24957457253812604,0.6927080650038168,0.060402642732485724,0,0.0,,
2005,per_type_platt,764,0.24957187693348362,0.6930092510255614,0.0506207010579401,4,0.005235602094240838,0.25,0.05790063565179848
2005,venn_abers_gate,764,0.24928320741092153,0.6920833218526844,0.05930017661412301,0,0.0,,
2005,conformal_gate,764,0.249741556942086,0.6933480193351146,0.04609803941496358,4,0.005235602094240838,0.25,0.05790063565179848
2006,none,871,0.25027097588411445,0.6936923939095,0.021580089031763904,0,0.0,,
2006,platt,871,0.2497947751498006,0.6927366754042045,0.0009710263653762707,0,0.0,,
2006,isotonic,871,0.253139596465296,0.6999784804585291,0.03700420140558032,2,0.002296211251435132,0.0,0.0
2006,per_type_platt,871,0.24920292465402327,0.6915524633335604,0.007426580736500108,0,0.0,,
2006,venn_abers_gate,871,0.253751446146103,0.7009941183810875,0.0423014579521207,0,0.0,,
2006,conformal_gate,871,0.2497947751498006,0.6927366754042045,0.0009710263653762707,0,0.0,,
2007,none,1141,0.2502729756142708,0.6936958772953343,0.03145046599798558,0,0.0,,
2007,platt,1141,0.25314407111944826,0.6995297163804867,0.05970704809557876,0,0.0,,
2007,isotonic,1141,0.25597042433520445,0.7056524369370989,0.07790709216540927,16,0.014022787028921999,0.5625,0.3645623988648451
2007,per_type_platt,1141,0.25295214185040227,0.6991260711317538,0.059565349403639466,0,0.0,,
2007,venn_abers_gate,1141,0.255436548530583,0.7043202792937705,0.0760575024683294,0,0.0,,
2007,conformal_gate,1141,0.25314407111944826,0.6995297163804867,0.05970704809557876,0,0.0,,
2008,none,3184,0.25008014238746523,0.6933076168260731,0.04637154920462643,0,0.0,,
2008,platt,3184,0.2576524133692557,0.7085232174818582,0.0986156080242277,0,0.0,,
2008,isotonic,3184,0.258117850287967,0.7095312759911448,0.09730006129798502,0,0.0,,
2008,per_type_platt,3184,0.2572937202230087,0.7078316860290933,0.09841254728923843,0,0.0,,
2008,venn_abers_gate,3184,0.25780936123567794,0.7088801861365849,0.09641115994486751,0,0.0,,
2008,conformal_gate,3184,0.2576524133692557,0.7085232174818582,0.0986156080242277,0,0.0,,
2009,none,2574,0.24963151652417193,0.6924101936142494,0.07988377220801865,0,0.0,,
2009,platt,2574,0.24527864410436823,0.683689796179729,0.04140830196718959,0,0.0,,
2009,isotonic,2574,0.24561187060689396,0.6843517569584083,0.05234141061071451,0,0.0,,
2009,per_type_platt,2574,0.24556662166442345,0.6842526388549259,0.03658007268289897,0,0.0,,
2009,venn_abers_gate,2574,0.2455491199732841,0.6842259663401645,0.05085965162564099,0,0.0,,
2009,conformal_gate,2574,0.24527864410436823,0.683689796179729,0.04140830196718959,0,0.0,,
2010,none,1367,0.2506114662210599,0.69437173540839,0.03680743921261922,0,0.0,,
2010,platt,1367,0.2504713837889191,0.6940877970003542,0.03466431675701785,0,0.0,,
2010,isotonic,1367,0.2508107733252968,0.6948959548256167,0.03302694568901476,0,0.0,,
2010,per_type_platt,1367,0.25253369735482595,0.698242466947175,0.05123571220510658,0,0.0,,
2010,venn_abers_gate,1367,0.25052488509560117,0.6942380078082668,0.03255979978683283,0,0.0,,
2010,conformal_gate,1367,0.2504713837889191,0.6940877970003542,0.03466431675701785,0,0.0,,
2011,none,1643,0.25021581336659293,0.6935789976400372,0.025365136115664707,0,0.0,,
2011,platt,1643,0.24963258175847286,0.6924121642810381,5.7038070575055055e-05,0,0.0,,
2011,isotonic,1643,0.2495946368620167,0.6923350240074435,0.0067769893742487385,0,0.0,,
2011,per_type_platt,1643,0.2505239201405907,0.6942076878782948,0.016620909403244403,0,0.0,,
2011,venn_abers_gate,1643,0.24955100033094132,0.6922461066581315,0.005565013267279657,0,0.0,,
2011,conformal_gate,1643,0.24963258175847286,0.6924121642810381,5.7038070575055055e-05,0,0.0,,
2012,none,965,0.24858408822029607,0.6903149870811885,0.0654992717182274,0,0.0,,
2012,platt,965,0.250756347986273,0.6946599293100901,0.07709212517306946,0,0.0,,
2012,isotonic,965,0.24990058327341624,0.6929200453445913,0.07743345258409397,0,0.0,,
2012,per_type_platt,965,0.2507809182785411,0.6947109814280614,0.07798337046811829,0,0.0,,
2012,venn_abers_gate,965,0.24996212018058522,0.6930520785362911,0.07774792745860361,0,0.0,,
2012,conformal_gate,965,0.250756347986273,0.6946599293100901,0.07709212517306946,0,0.0,,
2013,none,834,0.24895815530979315,0.6910631373369538,0.04499513629751353,0,0.0,,
2013,platt,834,0.25059212649503293,0.694331479687619,0.05809858435726306,0,0.0,,
2013,isotonic,834,0.2501276870444035,0.6933954726616743,0.05750906012767075,0,0.0,,
2013,per_type_platt,834,0.24982916990220969,0.6928040041807034,0.05838435016009441,0,0.0,,
2013,venn_abers_gate,834,0.24997171255915654,0.693085193716642,0.05672560517243563,0,0.0,,
2013,conformal_gate,834,0.25059212649503293,0.694331479687619,0.05809858435726306,0,0.0,,
2014,none,1093,0.24970986313378835,0.6925663257997982,0.005935144468173115,0,0.0,,
2014,platt,1093,0.2505671534286875,0.6942818943177802,0.026402690088431824,0,0.0,,
2014,isotonic,1093,0.2513321959575192,0.6959903291755265,0.02724959920735527,0,0.0,,
2014,per_type_platt,1093,0.24993757271361858,0.6930228215922062,0.024788684935360406,0,0.0,,
2014,venn_abers_gate,1093,0.2513378092280387,0.6960021682019213,0.026873944943063204,0,0.0,,
2014,conformal_gate,1093,0.2505671534286875,0.6942818943177802,0.026402690088431824,0,0.0,,
2015,none,1400,0.2501079402468614,0.6933632578616244,0.008902720099376281,0,0.0,,
2015,platt,1400,0.2510232898138762,0.6952002332060854,0.032621971379419044,0,0.0,,
2015,isotonic,1400,0.2515624768554587,0.6962942471608509,0.039346190445669046,0,0.0,,
2015,per_type_platt,1400,0.25160003988535823,0.6963634422692117,0.03728790909675178,0,0.0,,
2015,venn_abers_gate,1400,0.2514804604838427,0.6961281143784647,0.03958721957229492,0,0.0,,
2015,conformal_gate,1400,0.2510232898138762,0.6952002332060854,0.032621971379419044,0,0.0,,
2016,none,1696,0.2496882821636639,0.692523667320638,0.034703645569057584,0,0.0,,
2016,platt,1696,0.24915297087391514,0.6914477148105048,0.03119407795334496,0,0.0,,
2016,isotonic,1696,0.2486120517910244,0.690370009769253,0.028130600410691903,0,0.0,,
2016,per_type_platt,1696,0.24800497162540674,0.6891427453716042,0.026222974740552178,0,0.0,,
2016,venn_abers_gate,1696,0.24909773524763038,0.6913303001962295,0.028347294869154042,0,0.0,,
2016,conformal_gate,1696,0.24915297087391514,0.6914477148105048,0.03119407795334496,0,0.0,,
2017,none,1273,0.2495838320508259,0.6923147752189461,0.015044675058025868,0,0.0,,
2017,platt,1273,0.24936692370022998,0.691881252161852,0.0413108472981393,0,0.0,,
2017,isotonic,1273,0.2478797598427254,0.6889000641515173,0.02795335702106317,0,0.0,,
2017,per_type_platt,1273,0.2499176483419402,0.6929859637540449,0.015376777801565994,0,0.0,,
2017,venn_abers_gate,1273,0.2484486953093816,0.6900570656636573,0.02653681667880266,0,0.0,,
2017,conformal_gate,1273,0.24936692370022998,0.691881252161852,0.0413108472981393,0,0.0,,
2018,none,2163,0.2499630019556716,0.6930732146378382,0.056897274834035165,0,0.0,,
2018,platt,2163,0.2522902519310196,0.6977368140328439,0.07795037015271065,0,0.0,,
2018,isotonic,2163,0.25039816549161925,0.6939636172021058,0.0713505974290892,0,0.0,,
2018,per_type_platt,2163,0.25187333289488234,0.6969015389688932,0.07902255163033906,0,0.0,,
2018,venn_abers_gate,2163,0.25012059386284846,0.6934124649149295,0.07217440265509548,0,0.0,,
2018,conformal_gate,2163,0.2522902519310196,0.6977368140328439,0.07795037015271065,0,0.0,,
2019,none,2289,0.24968212724262412,0.6925113869102236,0.03282442444689733,0,0.0,,
2019,platt,2289,0.2493589821140849,0.6918647303701312,0.023583480482680202,0,0.0,,
2019,isotonic,2289,0.24792310970085557,0.6889563273588916,0.01276802069655505,0,0.0,,
2019,per_type_platt,2289,0.2502405019078919,0.6936294299828021,0.028363930884412924,0,0.0,,
2019,venn_abers_gate,2289,0.24808030554946703,0.6892803262686612,0.01362188513531359,0,0.0,,
2019,conformal_gate,2289,0.2493589821140849,0.6918647303701312,0.023583480482680202,0,0.0,,
2020,none,6444,0.24987361655033602,0.6928944013891598,0.017257894608587784,0,0.0,,
2020,platt,6444,0.24968398643028678,0.692525802176413,0.012198309352838624,0,0.0,,
2020,isotonic,6444,0.2502662839705031,0.6937230805590822,0.02331953145578893,0,0.0,,
2020,per_type_platt,6444,0.24962786963802636,0.6924157307802452,0.015105194860147777,0,0.0,,
2020,venn_abers_gate,6444,0.2502156486458518,0.693595712754982,0.025064550051609433,0,0.0,,
2020,conformal_gate,6444,0.24968398643028678,0.692525802176413,0.012198309352838624,0,0.0,,
2021,none,5558,0.2501369383519181,0.6934439452047276,0.04461257979565396,0,0.0,,
2021,platt,5558,0.2523346209809491,0.6982996788149963,0.06433894155929591,9,0.0016192875134940627,0.4444444444444444,0.21803239302819488
2021,isotonic,5558,0.2516137501705556,0.6986313934666539,0.056546631986130115,24,0.004318100035984167,0.4166666666666667,0.2679506138501769
2021,per_type_platt,5558,0.2536614723051334,0.7009926792981326,0.06763659977558575,9,0.0016192875134940627,0.4444444444444444,0.21803239302819488
2021,venn_abers_gate,5558,0.2511441977951354,0.6956008497035447,0.055506741793741446,0,0.0,,
2021,conformal_gate,5558,0.2523346209809491,0.6982996788149963,0.06433894155929591,9,0.0016192875134940627,0.4444444444444444,0.21803239302819488
2022,none,6442,0.2501303498008415,0.6934028266921534,0.04677508910354554,0,0.0,,
2022,platt,6442,0.25048598869162625,0.6940968974851748,0.05168191402440232,1,0.0001552312946289972,1.0,0.2698308834937703
2022,isotonic,6442,0.2501008094614689,0.6933820222214502,0.041451673051590435,0,0.0,,
2022,per_type_platt,6442,0.25076417504436715,0.6946548340359379,0.05434450333667912,1,0.0001552312946289972,1.0,0.2698308834937703
2022,venn_abers_gate,6442,0.24995912984379706,0.6930775177087547,0.040793508429981855,0,0.0,,
2022,conformal_gate,6442,0.25048593266893765,0.6940947351244022,0.05167978008252288,1,0.0001552312946289972,1.0,0.2698308834937703
2023,none,4752,0.24958806266717376,0.6923231940051733,0.02282984099796232,0,0.0,,
2023,platt,4752,0.24746657266593314,0.6880636662018313,0.03477793076944235,0,0.0,,
2023,isotonic,4752,0.24613158224755424,0.6853701290394592,0.007717279042845063,0,0.0,,
2023,per_type_platt,4752,0.24734003142933036,0.6878054886674619,0.028733871336254185,0,0.0,,
2023,venn_abers_gate,4752,0.24624579323254248,0.6856021626761415,0.008110044942084014,0,0.0,,
2023,conformal_gate,4752,0.24746657266593314,0.6880636662018313,0.03477793076944235,0,0.0,,
2024,none,5061,0.24937958140344144,0.6919061965999798,0.037365863173404165,0,0.0,,
2024,platt,5061,0.2470266384479444,0.6871884960333069,0.04347896009449283,0,0.0,,
2024,isotonic,5061,0.24549159435207427,0.6841159025463591,0.022865599718974707,1,0.00019758940920766647,0.0,0.0
2024,per_type_platt,5061,0.2471438209345844,0.6874223565269456,0.03573033638730488,0,0.0,,
2024,venn_abers_gate,5061,0.2455233740823891,0.6841586676652139,0.023277040507619244,0,0.0,,
2024,conformal_gate,5061,0.2470266384479444,0.6871884960333069,0.04347896009449283,0,0.0,,
2025,none,5958,0.2495877116905539,0.6923225269773912,0.03674338839324857,0,0.0,,
2025,platt,5958,0.24666879230493252,0.6864581225850312,0.023366599494713893,0,0.0,,
2025,isotonic,5958,0.24557365104719295,0.6842296592865271,0.011828195559211118,0,0.0,,
2025,per_type_platt,5958,0.24643217277253435,0.6859858845079694,0.01888857428859794,0,0.0,,
2025,venn_abers_gate,5958,0.2455593148744052,0.6842023838151129,0.010716510593612495,0,0.0,,
2025,conformal_gate,5958,0.24666879230493252,0.6864581225850312,0.023366599494713893,0,0.0,,
