year,n_test,engine_open,reason,n_train_rows,calibrator,brier,brier_base,log_loss,ece,ece_floor,acc,base_rate_up,n_bet,coverage,acc_bet,acc_bet_lo,conf_ge_gate,acc_if_gate_ignored
2005,764,False,no skill: out-of-sample Brier is not better than the base rate,5771,platt,0.249741556942086,0.24964606828625055,0.6933480193351146,0.04609803941496358,0.020316348440006442,0.5575916230366492,0.5602094240837696,0,0.0,,,4,0.25
2006,871,False,no evidence at the gate: 0 out-of-sample rows reach 0.80 (< 30),6535,none,0.25027097588411445,0.24981598606032904,0.6936923939095,0.021580089031763904,0.01439968121610038,0.48105625717566014,0.5143513203214696,0,0.0,,,0,
2007,1141,False,no skill: out-of-sample Brier is not better than the base rate,7425,none,0.2502729756142708,0.2507041795776849,0.6936958772953343,0.03145046599798558,0.01454416228453973,0.4794040315512708,0.4706397896581946,0,0.0,,,0,
2008,3184,False,no skill: out-of-sample Brier is not better than the base rate,8520,platt,0.2576524133692557,0.2504725224589712,0.7085232174818582,0.0986156080242277,0.007150275192299171,0.4547738693467337,0.4547738693467337,0,0.0,,,0,
2009,2574,False,no evidence at the gate: 0 out-of-sample rows reach 0.80 (< 30),11668,none,0.24963151652417193,0.2514821454245676,0.6924101936142494,0.07988377220801865,0.010581724987917866,0.5551670551670551,0.5815850815850816,0,0.0,,,0,
2010,1367,False,no evidence at the gate: 0 out-of-sample rows reach 0.80 (< 30),14300,none,0.2506114662210599,0.250483475370981,0.69437173540839,0.03680743921261922,0.012014252272304606,0.47329919531821507,0.4718361375274323,0,0.0,,,0,
2011,1643,False,no skill: out-of-sample Brier is not better than the base rate,15681,none,0.25021581336659293,0.25019076130820134,0.6935789976400372,0.025365136115664707,0.011462536767274802,0.4881314668289714,0.4808277541083384,0,0.0,,,0,
2012,965,False,no evidence at the gate: 0 out-of-sample rows reach 0.80 (< 30),17315,none,0.24858408822029607,0.24968527530958956,0.6903149870811885,0.0654992717182274,0.013536040831597835,0.5751295336787565,0.572020725388601,0,0.0,,,0,
2013,834,False,no evidence at the gate: 0 out-of-sample rows reach 0.80 (< 30),18286,none,0.24895815530979315,0.24941253720420642,0.6910631373369538,0.04499513629751353,0.014933227877133977,0.5551558752997602,0.552757793764988,0,0.0,,,0,
2014,1093,False,no evidence at the gate: 0 out-of-sample rows reach 0.80 (< 30),19138,none,0.24970986313378835,0.24988144618212021,0.6925663257997982,0.005935144468173115,0.012059733522512004,0.5114364135407137,0.5114364135407137,0,0.0,,,0,
2015,1400,False,no evidence at the gate: 0 out-of-sample rows reach 0.80 (< 30),20230,none,0.2501079402468614,0.25007765934593185,0.6933632578616244,0.008902720099376281,0.011938689615216288,0.5014285714285714,0.4992857142857143,0,0.0,,,0,
2016,1696,False,no evidence at the gate: 0 out-of-sample rows reach 0.80 (< 30),21558,none,0.2496882821636639,0.24955815764751563,0.692523667320638,0.034703645569057584,0.012342704640470409,0.5383254716981132,0.5330188679245284,0,0.0,,,0,
2017,1273,False,no evidence at the gate: 0 out-of-sample rows reach 0.80 (< 30),23288,none,0.2495838320508259,0.24975598034297147,0.6923147752189461,0.015044675058025868,0.013226632405470373,0.5216025137470542,0.5176747839748626,0,0.0,,,0,
2018,2163,False,no evidence at the gate: 0 out-of-sample rows reach 0.80 (< 30),24574,none,0.2499630019556716,0.25117414193925297,0.6930732146378382,0.056897274834035165,0.011770659562776856,0.5071659731853907,0.44521497919556174,0,0.0,,,0,
2019,2289,False,no evidence at the gate: 0 out-of-sample rows reach 0.80 (< 30),26709,none,0.24968212724262412,0.25006359822463126,0.6925113869102236,0.03282442444689733,0.011569281039152515,0.5364788117081695,0.4954128440366973,0,0.0,,,0,
2020,6444,False,no skill: out-of-sample Brier is not better than the base rate,29031,platt,0.24968398643028678,0.24987513214606213,0.692525802176413,0.012198309352838624,0.0062878451952571735,0.5223463687150838,0.5180012414649287,0,0.0,,,0,
2021,5558,False,no evidence at the gate: 0 out-of-sample rows reach 0.80 (< 30),35280,none,0.2501369383519181,0.25058699490489844,0.6934439452047276,0.04461257979565396,0.0077336859092467635,0.5055775458798129,0.4577186038143217,0,0.0,,,0,
2022,6442,False,no skill: out-of-sample Brier is not better than the base rate,40842,platt,0.25048598869162625,0.24998727441931654,0.6940968974851748,0.05168191402440232,0.006962000839791504,0.49596398633964606,0.4563800062092518,0,0.0,,,1,1.0
2023,4752,False,no evidence at the gate: 0 out-of-sample rows reach 0.80 (< 30),47312,none,0.24958806266717376,0.24987122540772844,0.6923231940051733,0.02282984099796232,0.007550753754911882,0.5281986531986532,0.4863215488215488,0,0.0,,,0,
2024,5061,False,no evidence at the gate: 11 out-of-sample rows reach 0.80 (< 30),52156,platt,0.2470266384479444,0.249958861030151,0.6871884960333069,0.04347896009449283,0.008006991478746712,0.5629322268326418,0.49357834420075086,0,0.0,,,0,
2025,5958,False,no evidence at the gate: 0 out-of-sample rows reach 0.80 (< 30),57201,none,0.2495877116905539,0.2496081516289101,0.6923225269773912,0.03674338839324857,0.007024264601223405,0.5260154414232964,0.4674387378314871,0,0.0,,,0,
