block,T,n_use,n_off,n_view,use,use_w,off,baseline,subset,random,n_universal,n_local,n_disregarded,n_gated
0,2015-07-01,0,0,0,,,,0.0003744315767405427,,0.00019007464067699297,0,0,0,0
1,2016-01-01,11,56,67,-0.0002402072515571037,-0.0002874051524905806,-0.0006961821693994803,-5.467394316949151e-06,-0.0005928446796401952,-0.00026732314538659423,0,11,56,0
2,2016-07-01,14,119,133,-0.0007529967395284882,-0.0006545593735615546,0.00015345172941825527,-0.0009067730819487313,5.675654635108074e-05,-0.00014780253356828089,0,14,119,0
3,2017-01-01,20,113,133,3.293154030200229e-06,-0.00032210524603925456,-0.00010604570408550112,-3.698126720390066e-05,-0.0001461612600200845,0.00028659711598167433,0,20,113,0
4,2017-07-01,25,213,238,-5.557105973691455e-05,-0.00010876093520083844,0.00031255351021601947,3.965000772541114e-05,0.00044867351156116487,0.00010234566970185319,0,25,213,0
5,2018-01-01,31,264,295,-3.5657274934234986e-05,-0.000365991047014332,0.0002275858573244667,-0.00011877248207191141,0.00015919697522528539,-0.0011006338601450083,0,31,264,0
6,2018-07-01,47,270,317,8.307794254474424e-05,-1.5662683211809867e-05,0.00017526107184689515,1.1889279857085206e-05,0.00021039025555034138,0.0009749769224762138,0,47,270,0
7,2019-01-01,60,293,353,-4.042166116766835e-05,0.000143555414902526,-0.00015993329482478147,-0.0004831517506610323,-0.00011455314010680598,-0.0007689256368092794,0,60,293,0
8,2019-07-01,53,359,412,0.00035478680467318437,0.0001347429348008033,0.00034396486270523845,-0.0002359055123037701,0.00038778610968199124,0.00013885390055382707,0,53,359,0
9,2020-01-01,83,372,455,0.0014921007912342956,0.0012344363175716103,0.000313309380351798,0.0011593851175259017,0.000613894490701279,0.001204516635618777,0,83,372,0
10,2020-07-01,70,452,522,-0.0010322003806715158,-0.0010298493587895985,0.0004952280781760334,-4.02139470707866e-05,0.00038894838133454057,-0.00043226102816032816,0,70,452,0
11,2021-01-01,91,501,592,7.179806410367675e-05,5.656727504904346e-05,-0.00014106379826100867,0.000201401368373299,-0.00011046601459698245,-0.00014545849961475511,0,91,501,0
12,2021-07-01,93,558,651,0.0003005039336870917,8.929993169152325e-05,0.0005190833757096778,-0.00015311768963198867,0.0004585345017445366,-6.433775733899663e-05,0,93,558,0
13,2022-01-01,87,633,720,5.114044306076323e-05,0.00020111603318940488,0.00015897906921878138,0.0003701549833801544,0.00013205561791936098,0.001215817404493909,0,87,633,0
14,2022-07-01,116,659,775,-0.0002877337286450662,6.985308109070553e-06,0.0004663618270642397,-0.00011163956133043655,0.0003191127175833764,0.0006290409164780556,0,116,659,0
15,2023-01-01,100,675,775,-0.0008323353041753119,-0.000974056463437288,-3.783621469876396e-05,-0.00022050439324007638,-0.0001297015754144934,-0.00022871727920258737,0,100,675,0
16,2023-07-01,123,776,899,-0.00044947279241469985,-0.00029390339338503373,0.0003472630730156643,0.00026740066942064754,0.0002523714251375509,0.0012824134701079056,0,123,776,0
17,2024-01-01,169,776,945,0.0011180367775580858,0.0014125068133056676,0.00026703528111474427,0.0007108708756932113,0.00043227452420750164,0.0010607032342747657,0,169,776,0
18,2024-07-01,126,856,982,-0.0006463259263678905,-0.0004024474332329428,-6.780803325714117e-05,-0.0003347754766102384,-0.00017518632339303203,-0.0003741531190764826,0,126,856,0
19,2025-01-01,165,858,1023,0.0015508694266647808,0.0017140168211114554,0.0005250630520897832,0.0006053303841692587,0.0007575348499250437,0.0007192881278166959,0,165,858,0
20,2025-07-01,164,902,1066,0.0021171730878174074,0.002703859852254797,0.0004955697191029324,0.000570832809592365,0.0008039056910070778,0.0011089751076200657,0,164,902,0
21,2026-01-01,142,966,1108,0.0017485796127023143,0.0019654991476060753,0.0004323343029652022,0.0005504864533970869,0.0005336321509381965,-0.00048195798359313216,0,142,966,0
22,2026-07-01,229,922,1157,0.0020520968057773635,0.002606188390723155,0.0008101713696583443,0.00037118516172569767,0.0011194868919414027,-0.00019235097517011056,0,230,927,0
