window,transfer,era,s0_episodes,s1_episodes,anachronistic,run1.mean_week,run1.in_band,run1.worst5,run2.mean_week,run2.in_band,run2.worst5,run2_noise.mean_week,run2_noise.in_band,run2_noise.worst5,run2_shuffle.mean_week,run2_shuffle.in_band,run2_shuffle.worst5,transfer_s0.mean_week,transfer_s0.in_band,transfer_s0.worst5,transfer_s1.mean_week,transfer_s1.in_band,transfer_s1.worst5
r09a,r07a,pre1997,2949,3421,False,0.018485599115181918,0.37735849056603776,-0.06439483768431606,0.017110288800313154,0.33962264150943394,-0.06426819932052275,0.018485599115181918,0.37735849056603776,-0.06439483768431606,0.01848559911518192,0.37735849056603776,-0.06439483768431604,-0.001302720431490626,0.07692307692307693,-0.06466592697830588,-0.001302720431490626,0.07692307692307693,-0.06466592697830588
r08c,r09a,pre1997,933,1219,False,0.005615840523991541,0.038461538461538464,-0.03965075852630075,0.005745073648499545,0.038461538461538464,-0.03965075855342137,0.005615840523991541,0.038461538461538464,-0.03965075852630075,0.005388966261214411,0.07692307692307693,-0.040614820664320116,0.01766032735997402,0.3584905660377358,-0.06439483768431606,0.01766032735997402,0.3584905660377358,-0.06439483768431606
r12a,r10c,pre1997,2949,3410,False,0.0026968434593313017,0.019230769230769232,-0.024095381531468573,0.003265555065659782,0.019230769230769232,-0.024095381531468573,0.0026968434593313017,0.019230769230769232,-0.024095381531468573,0.0025940426728172116,0.019230769230769232,-0.024573536155884035,0.0015565575347929158,0.2641509433962264,-0.11750476405400949,0.0015565575347929158,0.2641509433962264,-0.11750476405400949
r03b,r11b,pre1997,2949,3435,False,0.004900356245136326,0.07547169811320754,-0.029219220344031748,0.005498583214022178,0.09433962264150944,-0.028234822661565274,0.004900356245136326,0.07547169811320754,-0.029219220344031748,0.004900356245136329,0.07547169811320754,-0.02921922034403197,0.0020915920182400746,0.22641509433962265,-0.06930984396136793,0.0020915920182400746,0.22641509433962265,-0.06930984396136793
r02c,r03c,2001+,9711,10221,False,0.005415184328555326,0.15384615384615385,-0.05663371541165318,0.005415184328555326,0.15384615384615385,-0.05663371541165318,0.005415184328555326,0.15384615384615385,-0.05663371541165318,0.005415184328555333,0.15384615384615385,-0.056633715411653116,-0.0007224302061632813,0.25,-0.080053388404993,-0.0007224302061632813,0.25,-0.080053388404993
r12b,r09b,pre1997,2949,3430,False,0.004977714731952713,0.16981132075471697,-0.056754324418092444,0.008210115314736009,0.18867924528301888,-0.05150774733673062,0.004977714731952713,0.16981132075471697,-0.056754324418092444,0.003450050710565513,0.22641509433962265,-0.06939530236709088,-0.004457822081657664,0.3584905660377358,-0.08637282183689324,-0.004457822081657664,0.3584905660377358,-0.08637282183689324
r10a,r09c,2001+,11438,12018,False,0.0009724352316595364,0.2830188679245283,-0.1930897861779975,0.0044056617429237745,0.22641509433962265,-0.17385882327640115,0.0009724352316595364,0.2830188679245283,-0.1930897861779975,0.0009724352316595323,0.2830188679245283,-0.19308978617799746,0.013069257512852006,0.1509433962264151,-0.08408498470257117,0.014256345681203075,0.16981132075471697,-0.08408498470257117
r03a,r02a,pre1997,2949,3429,False,0.0021532599033622806,0.1509433962264151,-0.05511997167849407,0.0033100312442790043,0.20754716981132076,-0.06329692351728637,0.0021532599033622806,0.1509433962264151,-0.05511997167849407,0.003907949190468162,0.18867924528301888,-0.050908920783593416,0.0027992544467122116,0.16981132075471697,-0.0810470558809451,0.0027992544467122116,0.16981132075471697,-0.0810470558809451
r02a,w02a,pre1997,2949,3412,False,0.0027992544467122116,0.16981132075471697,-0.0810470558809451,0.0041882233100002724,0.16981132075471697,-0.07916296616771759,0.0027992544467122116,0.16981132075471697,-0.0810470558809451,0.0027992544467121826,0.16981132075471697,-0.08104705588094503,0.004190011487139221,0.24528301886792453,-0.14822038753821734,0.004190011487139221,0.24528301886792453,-0.14822038753821734
r04a,r03b,pre1997,2949,3415,False,0.0019203628763533405,0.03773584905660377,-0.03146809036953657,0.003973052447275198,0.1320754716981132,-0.04219473246294196,0.0019203628763533405,0.03773584905660377,-0.03146809036953657,0.0025578677818105565,0.05660377358490566,-0.03237038296423807,0.004900356245136326,0.07547169811320754,-0.029219220344031748,0.0035313931155843943,0.07547169811320754,-0.02870229451952455
r10b,r06c,2001+,9711,10239,False,-0.0054554510405105195,0.22641509433962265,-0.1413813319859008,-0.0054554510405105195,0.22641509433962265,-0.1413813319859008,-0.0054554510405105195,0.22641509433962265,-0.1413813319859008,-0.0054554510405105325,0.22641509433962265,-0.14138133198590075,0.005846649288795079,0.1320754716981132,-0.042484294008814746,0.005846649288795079,0.1320754716981132,-0.042484294008814746
r05a,r13b,pre1997,6299,6767,False,-0.0024311269149143934,0.1346153846153846,-0.06786475101838636,-0.0024311269149143934,0.1346153846153846,-0.06786475101838636,-0.0024311269149143934,0.1346153846153846,-0.06786475101838636,-0.002431126914914385,0.1346153846153846,-0.0678647510183864,0.0034798426787471686,0.1509433962264151,-0.05235404042096246,0.0034798426787471686,0.1509433962264151,-0.05235404042096246
