model,prob,era,nights,exceed_rate,target,ratio,ci_lo,ci_hi
conditional_evt,0.95,high_vol_week,19090,0.06631744368779466,0.050000000000000044,1.326348873755892,0.06287404127717099,0.06993535628272078
conditional_evt,0.95,normal_vol_week,64430,0.047136427130218844,0.050000000000000044,0.942728542604376,0.045526792147561494,0.04880006232948091
conditional_evt,0.99,high_vol_week,19090,0.014038763750654793,0.010000000000000009,1.4038763750654781,0.0124648773347938,0.015808196848454897
conditional_evt,0.99,normal_vol_week,64430,0.009545242899270527,0.010000000000000009,0.9545242899270518,0.008823139873128619,0.01032582857825734
conditional_evt_uncalibrated,0.95,high_vol_week,19090,0.05955997904662127,0.050000000000000044,1.1911995809324243,0.056290417444807624,0.06300676997922547
conditional_evt_uncalibrated,0.95,normal_vol_week,64430,0.0530032593512339,0.050000000000000044,1.0600651870246771,0.051299790102235995,0.054760029245862624
conditional_evt_uncalibrated,0.99,high_vol_week,19090,0.012205343111576741,0.010000000000000009,1.220534311157673,0.010742933188592034,0.013864037469423687
conditional_evt_uncalibrated,0.99,normal_vol_week,64430,0.01046096538879404,0.010000000000000009,1.046096538879403,0.009704010254186778,0.011276293983951337
old_per_ticker,0.95,high_vol_week,19090,0.14195914091147196,0.050000000000000044,2.8391828182294367,0.13708019855560596,0.1469821558738976
old_per_ticker,0.95,normal_vol_week,64430,0.05323607015365513,0.050000000000000044,1.0647214030731016,0.051529005720017576,0.054996407472170564
old_per_ticker,0.99,high_vol_week,19090,0.04787847040335254,0.010000000000000009,4.78784704033525,0.04493958233192754,0.05099928834562117
old_per_ticker,0.99,normal_vol_week,64430,0.01331677789849449,0.010000000000000009,1.3316777898494478,0.012460228705773027,0.014231360019863349
