policy,era,kept,kept_share,p_breach,p_hi,model_mean_p,worst,meets_target
no_filter,ALL,16704,1.0,0.1518199233716475,0.1573418891847179,0.40823662019911516,-0.5015849186669322,False
no_filter,2007,550,1.0,0.1509090909090909,0.18324113334465403,0.39630104444436526,-0.2337251932860684,False
no_filter,2008,1075,1.0,0.23255813953488372,0.2587380304605623,0.40973256315860285,-0.46671762171258874,False
no_filter,2009,1075,1.0,0.16744186046511628,0.19093756928909655,0.4096465507952637,-0.30868204479701195,False
no_filter,2010,1100,1.0,0.1,0.11914473853469981,0.40594665160831195,-0.30075,False
no_filter,2011,1100,1.0,0.12727272727272726,0.14827382374067455,0.4091299491783963,-0.3814958110836671,False
no_filter,2012,1050,1.0,0.06952380952380953,0.08652935008922613,0.40939716258395353,-0.30277231989791625,False
no_filter,2013,1074,1.0,0.0595903165735568,0.07537960643046601,0.4087227554519195,-0.30075,False
no_filter,2014,1074,1.0,0.1340782122905028,0.15576634044364604,0.40610240688972854,-0.3035719746113115,False
no_filter,2015,1075,1.0,0.1283720930232558,0.14970003083724345,0.406854302539045,-0.3290657748584927,False
no_filter,2016,1097,1.0,0.14038286235186873,0.16219737561740452,0.40942387319272544,-0.45912096154527876,False
no_filter,2017,1073,1.0,0.08946877912395154,0.1080437347339084,0.4069365232765769,-0.3142008062010579,False
no_filter,2018,1048,1.0,0.12213740458015267,0.1433542779339095,0.4094808476453334,-0.400999676331897,False
no_filter,2019,1071,1.0,0.10644257703081232,0.12634030291826376,0.40948166378810136,-0.5015849186669322,False
no_filter,2020,1071,1.0,0.24836601307189543,0.2751115510691867,0.4095944495500767,-0.3541345381918149,False
no_filter,2021,1097,1.0,0.2725615314494075,0.2996713311370367,0.409640314396885,-0.4100042652614378,False
no_filter,2022,1074,1.0,0.276536312849162,0.304047832649671,0.4096105695709604,-0.4859147489801597,False
avoid_event_weeks,ALL,15163,0.9077466475095786,0.14970652245597837,0.15547417516138995,0.4080631889929335,-0.5015849186669322,False
avoid_event_weeks,2007,495,0.9,0.13131313131313133,0.16392687743671874,0.39501176176748826,-0.23325941309497328,False
avoid_event_weeks,2008,970,0.9023255813953488,0.22783505154639175,0.25527428099113075,0.40966703734961907,-0.46671762171258874,False
avoid_event_weeks,2009,947,0.8809302325581395,0.1689545934530095,0.19414728561563646,0.40964015091416794,-0.30868204479701195,False
avoid_event_weeks,2010,1008,0.9163636363636364,0.09722222222222222,0.11706999321276151,0.40554604141417694,-0.30075,False
avoid_event_weeks,2011,1000,0.9090909090909091,0.129,0.15120444371596045,0.4090410321703284,-0.3814958110836671,False
avoid_event_weeks,2012,963,0.9171428571428571,0.06749740394600208,0.08512317604674643,0.40936322490166954,-0.30277231989791625,False
avoid_event_weeks,2013,982,0.9143389199255121,0.05702647657841141,0.073330930554,0.40859830702341055,-0.30075,False
avoid_event_weeks,2014,989,0.9208566108007449,0.134479271991911,0.15716246985346904,0.40576463850762,-0.3035719746113115,False
avoid_event_weeks,2015,975,0.9069767441860465,0.12717948717948718,0.14956622316036347,0.40653937902698734,-0.3290657748584927,False
avoid_event_weeks,2016,991,0.9033728350045579,0.12613521695257315,0.14826031178536794,0.40934970037208973,-0.45912096154527876,False
avoid_event_weeks,2017,958,0.8928238583410997,0.08559498956158663,0.10500805835099815,0.4065814139311897,-0.3142008062010579,False
avoid_event_weeks,2018,944,0.9007633587786259,0.11970338983050847,0.1419681071513091,0.40943168167996236,-0.400999676331897,False
avoid_event_weeks,2019,980,0.9150326797385621,0.10102040816326531,0.12147361530207545,0.4094656591181647,-0.5015849186669322,False
avoid_event_weeks,2020,974,0.9094304388422035,0.24948665297741274,0.2776108691409093,0.40954219644917805,-0.3541345381918149,False
avoid_event_weeks,2021,1016,0.92616226071103,0.27755905511811024,0.3058930103250277,0.4095906006725792,-0.4100042652614378,False
avoid_event_weeks,2022,971,0.904096834264432,0.28321318228630277,0.31236437917606213,0.40954441376960393,-0.46193163953460686,False
model_p<=0.2,ALL,0,0.0,,,,,False
model_p<=0.2,2007,0,0.0,,,,,False
model_p<=0.2,2008,0,0.0,,,,,False
model_p<=0.2,2009,0,0.0,,,,,False
model_p<=0.2,2010,0,0.0,,,,,False
model_p<=0.2,2011,0,0.0,,,,,False
model_p<=0.2,2012,0,0.0,,,,,False
model_p<=0.2,2013,0,0.0,,,,,False
model_p<=0.2,2014,0,0.0,,,,,False
model_p<=0.2,2015,0,0.0,,,,,False
model_p<=0.2,2016,0,0.0,,,,,False
model_p<=0.2,2017,0,0.0,,,,,False
model_p<=0.2,2018,0,0.0,,,,,False
model_p<=0.2,2019,0,0.0,,,,,False
model_p<=0.2,2020,0,0.0,,,,,False
model_p<=0.2,2021,0,0.0,,,,,False
model_p<=0.2,2022,0,0.0,,,,,False
avoid_events+model_p<=0.2,ALL,0,0.0,,,,,False
avoid_events+model_p<=0.2,2007,0,0.0,,,,,False
avoid_events+model_p<=0.2,2008,0,0.0,,,,,False
avoid_events+model_p<=0.2,2009,0,0.0,,,,,False
avoid_events+model_p<=0.2,2010,0,0.0,,,,,False
avoid_events+model_p<=0.2,2011,0,0.0,,,,,False
avoid_events+model_p<=0.2,2012,0,0.0,,,,,False
avoid_events+model_p<=0.2,2013,0,0.0,,,,,False
avoid_events+model_p<=0.2,2014,0,0.0,,,,,False
avoid_events+model_p<=0.2,2015,0,0.0,,,,,False
avoid_events+model_p<=0.2,2016,0,0.0,,,,,False
avoid_events+model_p<=0.2,2017,0,0.0,,,,,False
avoid_events+model_p<=0.2,2018,0,0.0,,,,,False
avoid_events+model_p<=0.2,2019,0,0.0,,,,,False
avoid_events+model_p<=0.2,2020,0,0.0,,,,,False
avoid_events+model_p<=0.2,2021,0,0.0,,,,,False
avoid_events+model_p<=0.2,2022,0,0.0,,,,,False
model_p<=0.1,ALL,0,0.0,,,,,False
model_p<=0.1,2007,0,0.0,,,,,False
model_p<=0.1,2008,0,0.0,,,,,False
model_p<=0.1,2009,0,0.0,,,,,False
model_p<=0.1,2010,0,0.0,,,,,False
model_p<=0.1,2011,0,0.0,,,,,False
model_p<=0.1,2012,0,0.0,,,,,False
model_p<=0.1,2013,0,0.0,,,,,False
model_p<=0.1,2014,0,0.0,,,,,False
model_p<=0.1,2015,0,0.0,,,,,False
model_p<=0.1,2016,0,0.0,,,,,False
model_p<=0.1,2017,0,0.0,,,,,False
model_p<=0.1,2018,0,0.0,,,,,False
model_p<=0.1,2019,0,0.0,,,,,False
model_p<=0.1,2020,0,0.0,,,,,False
model_p<=0.1,2021,0,0.0,,,,,False
model_p<=0.1,2022,0,0.0,,,,,False
avoid_events+model_p<=0.1,ALL,0,0.0,,,,,False
avoid_events+model_p<=0.1,2007,0,0.0,,,,,False
avoid_events+model_p<=0.1,2008,0,0.0,,,,,False
avoid_events+model_p<=0.1,2009,0,0.0,,,,,False
avoid_events+model_p<=0.1,2010,0,0.0,,,,,False
avoid_events+model_p<=0.1,2011,0,0.0,,,,,False
avoid_events+model_p<=0.1,2012,0,0.0,,,,,False
avoid_events+model_p<=0.1,2013,0,0.0,,,,,False
avoid_events+model_p<=0.1,2014,0,0.0,,,,,False
avoid_events+model_p<=0.1,2015,0,0.0,,,,,False
avoid_events+model_p<=0.1,2016,0,0.0,,,,,False
avoid_events+model_p<=0.1,2017,0,0.0,,,,,False
avoid_events+model_p<=0.1,2018,0,0.0,,,,,False
avoid_events+model_p<=0.1,2019,0,0.0,,,,,False
avoid_events+model_p<=0.1,2020,0,0.0,,,,,False
avoid_events+model_p<=0.1,2021,0,0.0,,,,,False
avoid_events+model_p<=0.1,2022,0,0.0,,,,,False
model_p<=0.05,ALL,0,0.0,,,,,False
model_p<=0.05,2007,0,0.0,,,,,False
model_p<=0.05,2008,0,0.0,,,,,False
model_p<=0.05,2009,0,0.0,,,,,False
model_p<=0.05,2010,0,0.0,,,,,False
model_p<=0.05,2011,0,0.0,,,,,False
model_p<=0.05,2012,0,0.0,,,,,False
model_p<=0.05,2013,0,0.0,,,,,False
model_p<=0.05,2014,0,0.0,,,,,False
model_p<=0.05,2015,0,0.0,,,,,False
model_p<=0.05,2016,0,0.0,,,,,False
model_p<=0.05,2017,0,0.0,,,,,False
model_p<=0.05,2018,0,0.0,,,,,False
model_p<=0.05,2019,0,0.0,,,,,False
model_p<=0.05,2020,0,0.0,,,,,False
model_p<=0.05,2021,0,0.0,,,,,False
model_p<=0.05,2022,0,0.0,,,,,False
avoid_events+model_p<=0.05,ALL,0,0.0,,,,,False
avoid_events+model_p<=0.05,2007,0,0.0,,,,,False
avoid_events+model_p<=0.05,2008,0,0.0,,,,,False
avoid_events+model_p<=0.05,2009,0,0.0,,,,,False
avoid_events+model_p<=0.05,2010,0,0.0,,,,,False
avoid_events+model_p<=0.05,2011,0,0.0,,,,,False
avoid_events+model_p<=0.05,2012,0,0.0,,,,,False
avoid_events+model_p<=0.05,2013,0,0.0,,,,,False
avoid_events+model_p<=0.05,2014,0,0.0,,,,,False
avoid_events+model_p<=0.05,2015,0,0.0,,,,,False
avoid_events+model_p<=0.05,2016,0,0.0,,,,,False
avoid_events+model_p<=0.05,2017,0,0.0,,,,,False
avoid_events+model_p<=0.05,2018,0,0.0,,,,,False
avoid_events+model_p<=0.05,2019,0,0.0,,,,,False
avoid_events+model_p<=0.05,2020,0,0.0,,,,,False
avoid_events+model_p<=0.05,2021,0,0.0,,,,,False
avoid_events+model_p<=0.05,2022,0,0.0,,,,,False
