world_id,tier,pid,kind,band,status,oracle_power,marginal_power,proposed_true,proposed_any,raised_before_true,raised_before_any,raised_after_true,raised_after_any,raised_uncapped_true,raised_uncapped_any,null
W00001,4,P000,linear,obvious,DETECTABLE,1.0,1.0,False,False,True,True,True,True,True,True,False
W00001,4,P001,linear,moderate,DETECTABLE,1.0,1.0,False,False,True,True,True,True,True,True,False
W00001,4,P002,linear,subtle,DETECTABLE,0.9583333333333334,0.9583333333333334,False,False,True,True,True,True,True,True,False
W00001,4,P003,linear,faint,DETECTABLE,0.5,0.5,False,True,False,False,False,False,False,False,False
W00001,4,P004,linear,extremely_subtle,UNDETECTABLE_IN_PRINCIPLE,0.0,0.0,False,False,False,False,False,False,False,False,False
W00001,4,P005,rare,obvious,DETECTABLE,1.0,0.9583333333333334,True,True,False,True,True,True,True,True,False
W00001,4,P006,rare,moderate,DETECTABLE,1.0,0.6666666666666666,True,True,False,True,True,True,True,True,False
W00001,4,P007,rare,subtle,NOT_REPRESENTABLE,0.5416666666666666,0.0,True,True,False,False,True,True,True,True,False
W00001,4,P008,rare,faint,NOT_REPRESENTABLE,0.7916666666666666,0.0,False,True,False,False,False,True,False,True,False
W00001,4,P009,rare,extremely_subtle,UNDETECTABLE_IN_PRINCIPLE,0.0,0.0,False,False,False,False,False,False,False,False,False
W00001,4,P010,threshold,obvious,DETECTABLE,1.0,1.0,False,True,False,True,False,True,False,True,False
W00001,4,P011,threshold,moderate,DETECTABLE,0.9583333333333334,0.5,True,True,False,True,True,True,True,True,False
W00001,4,P012,threshold,subtle,DETECTABLE,0.8333333333333334,0.7083333333333334,False,False,False,False,False,False,False,False,False
W00001,4,P013,threshold,faint,UNDETECTABLE_IN_PRINCIPLE,0.4583333333333333,0.0,False,False,False,False,False,False,False,False,False
W00001,4,P014,threshold,extremely_subtle,UNDETECTABLE_IN_PRINCIPLE,0.0,0.0,False,False,False,False,False,False,False,False,False
W00001,4,P015,conditional,obvious,DETECTABLE,1.0,1.0,False,False,False,True,False,True,False,True,False
W00001,4,P017,conditional,moderate,DETECTABLE,1.0,1.0,False,True,False,True,False,True,False,True,False
W00001,4,P019,conditional,subtle,NOT_REPRESENTABLE,0.7083333333333334,0.125,False,False,False,True,False,True,False,True,False
W00001,4,P021,conditional,faint,UNDETECTABLE_IN_PRINCIPLE,0.041666666666666664,0.08333333333333333,True,True,False,False,False,False,False,False,False
W00001,4,P023,conditional,extremely_subtle,UNDETECTABLE_IN_PRINCIPLE,0.0,0.0,False,True,False,False,False,False,False,False,False
W00001,4,P025,interactive,obvious,NOT_REPRESENTABLE,1.0,0.041666666666666664,True,True,False,False,True,True,True,True,False
W00001,4,P028,interactive,moderate,NOT_REPRESENTABLE,1.0,0.0,True,True,False,False,True,True,True,True,False
W00001,4,P031,interactive,subtle,NOT_REPRESENTABLE,0.9583333333333334,0.0,False,False,False,False,False,False,False,False,False
W00001,4,P034,interactive,faint,NOT_REPRESENTABLE,1.0,0.0,False,False,False,False,False,False,False,False,False
W00001,4,P037,interactive,extremely_subtle,UNDETECTABLE_IN_PRINCIPLE,0.0,0.08333333333333333,False,False,False,False,False,False,False,False,False
W00001,4,P040,xor,obvious,NOT_REPRESENTABLE,1.0,0.0,True,True,False,False,True,True,True,True,False
W00001,4,P043,xor,moderate,NOT_REPRESENTABLE,1.0,0.0,True,True,False,False,True,True,True,True,False
W00001,4,P046,xor,subtle,NOT_REPRESENTABLE,0.9166666666666666,0.0,False,False,False,True,False,True,False,True,False
W00001,4,P049,xor,faint,NOT_REPRESENTABLE,0.875,0.0,False,False,False,False,False,False,False,False,False
W00001,4,P052,xor,extremely_subtle,UNDETECTABLE_IN_PRINCIPLE,0.0,0.0,False,False,False,False,False,False,False,False,False
W00001,4,P055,delayed,obvious,NOT_REPRESENTABLE,1.0,0.0,True,True,False,False,True,True,True,True,False
W00001,4,P056,delayed,moderate,NOT_REPRESENTABLE,1.0,0.3333333333333333,True,True,False,False,True,True,True,True,False
W00001,4,P057,delayed,subtle,NOT_REPRESENTABLE,0.5833333333333334,0.125,False,False,False,False,False,False,False,False,False
W00001,4,P058,delayed,faint,UNDETECTABLE_IN_PRINCIPLE,0.20833333333333334,0.0,False,False,False,False,False,False,False,False,False
W00001,4,P059,delayed,extremely_subtle,UNDETECTABLE_IN_PRINCIPLE,0.08333333333333333,0.041666666666666664,False,True,False,False,False,True,False,True,False
W00001,4,P060,regime,obvious,DETECTABLE,1.0,1.0,False,False,False,True,False,True,False,True,False
W00001,4,P061,regime,moderate,DETECTABLE,1.0,1.0,False,False,False,True,False,True,False,True,False
W00001,4,P062,regime,subtle,DETECTABLE,1.0,1.0,False,True,False,True,False,True,False,True,False
W00001,4,P063,regime,faint,DETECTABLE,1.0,1.0,False,False,False,True,False,True,False,True,False
W00001,4,P064,regime,extremely_subtle,UNDETECTABLE_IN_PRINCIPLE,0.08333333333333333,0.08333333333333333,False,False,False,False,False,False,False,False,False
W00001,4,P065,changing,obvious,DETECTABLE,1.0,1.0,False,False,True,True,True,True,True,True,False
W00001,4,P066,changing,moderate,DETECTABLE,1.0,1.0,False,False,True,True,True,True,True,True,False
W00001,4,P067,changing,subtle,UNDETECTABLE_IN_PRINCIPLE,0.041666666666666664,0.041666666666666664,False,False,True,True,True,True,True,True,False
W00001,4,P068,changing,faint,UNDETECTABLE_IN_PRINCIPLE,0.041666666666666664,0.041666666666666664,False,False,False,False,False,False,False,False,False
W00001,4,P069,changing,extremely_subtle,UNDETECTABLE_IN_PRINCIPLE,0.041666666666666664,0.041666666666666664,False,True,False,False,False,False,False,False,False
W00001,4,P070,lifecycle,obvious,DETECTABLE,1.0,1.0,False,True,True,True,True,True,True,True,False
W00001,4,P071,lifecycle,moderate,DETECTABLE,1.0,1.0,False,True,True,True,True,True,True,True,False
W00001,4,P072,lifecycle,subtle,DETECTABLE,0.9583333333333334,0.9583333333333334,False,True,True,True,True,True,True,True,False
W00001,4,P073,lifecycle,faint,UNDETECTABLE_IN_PRINCIPLE,0.25,0.125,False,False,False,False,False,False,False,False,False
W00001,4,P074,lifecycle,extremely_subtle,DETECTABLE,0.5,0.5,False,False,False,False,False,False,False,False,False
W00002,3,P000,linear,obvious,DETECTABLE,1.0,1.0,False,False,True,True,True,True,True,True,False
W00002,3,P001,linear,moderate,DETECTABLE,1.0,1.0,False,True,True,True,True,True,True,True,False
W00002,3,P002,linear,subtle,DETECTABLE,0.8333333333333334,0.8333333333333334,False,False,True,True,True,True,True,True,False
W00002,3,P003,linear,faint,UNDETECTABLE_IN_PRINCIPLE,0.2916666666666667,0.2916666666666667,False,False,True,True,True,True,True,True,False
W00002,3,P004,linear,extremely_subtle,DETECTABLE,0.5,0.5,False,False,False,False,False,False,False,False,False
W00002,3,P005,rare,obvious,DETECTABLE,1.0,1.0,True,True,False,True,True,True,True,True,False
W00002,3,P006,rare,moderate,DETECTABLE,1.0,0.7083333333333334,True,True,False,True,True,True,True,True,False
W00002,3,P007,rare,subtle,NOT_REPRESENTABLE,0.8333333333333334,0.16666666666666666,True,True,False,False,True,True,True,True,False
W00002,3,P008,rare,faint,UNDETECTABLE_IN_PRINCIPLE,0.0,0.0,False,False,False,False,False,False,False,False,False
W00002,3,P009,rare,extremely_subtle,NOT_REPRESENTABLE,0.6666666666666666,0.041666666666666664,False,False,False,False,False,False,False,False,False
W00002,3,P010,threshold,obvious,DETECTABLE,1.0,1.0,True,True,False,True,True,True,True,True,False
W00002,3,P011,threshold,moderate,DETECTABLE,0.9583333333333334,0.875,False,False,False,True,False,True,False,True,False
W00002,3,P012,threshold,subtle,NOT_REPRESENTABLE,0.7916666666666666,0.2916666666666667,True,True,False,False,True,True,True,True,False
W00002,3,P013,threshold,faint,UNDETECTABLE_IN_PRINCIPLE,0.08333333333333333,0.08333333333333333,False,False,False,False,False,False,False,False,False
W00002,3,P014,threshold,extremely_subtle,NOT_REPRESENTABLE,0.7916666666666666,0.16666666666666666,False,False,False,False,False,False,False,False,False
W00002,3,P015,conditional,obvious,DETECTABLE,1.0,1.0,False,False,False,True,False,True,False,True,False
W00002,3,P017,conditional,moderate,DETECTABLE,1.0,1.0,True,True,False,True,True,True,True,True,False
W00002,3,P019,conditional,subtle,DETECTABLE,0.9166666666666666,0.5,False,True,False,True,False,True,False,True,False
W00002,3,P021,conditional,faint,NOT_REPRESENTABLE,0.75,0.2916666666666667,False,False,False,False,False,False,False,False,False
W00002,3,P023,conditional,extremely_subtle,UNDETECTABLE_IN_PRINCIPLE,0.3333333333333333,0.16666666666666666,False,False,False,False,False,False,False,False,False
W00002,3,P025,interactive,obvious,NOT_REPRESENTABLE,1.0,0.0,True,True,False,False,True,True,True,True,False
W00002,3,P028,interactive,moderate,NOT_REPRESENTABLE,1.0,0.0,False,True,False,True,False,True,False,True,False
W00002,3,P031,interactive,subtle,NOT_REPRESENTABLE,0.9583333333333334,0.0,False,False,False,False,False,False,False,False,False
W00002,3,P034,interactive,faint,UNDETECTABLE_IN_PRINCIPLE,0.3333333333333333,0.0,False,False,False,False,False,False,False,False,False
W00002,3,P037,interactive,extremely_subtle,NOT_REPRESENTABLE,0.5416666666666666,0.0,False,False,False,False,False,False,False,False,False
W00002,3,P040,xor,obvious,NOT_REPRESENTABLE,1.0,0.08333333333333333,True,True,False,False,True,True,True,True,False
W00002,3,P043,xor,moderate,NOT_REPRESENTABLE,1.0,0.4583333333333333,True,True,False,False,True,True,True,True,False
W00002,3,P046,xor,subtle,NOT_REPRESENTABLE,1.0,0.0,True,True,False,True,True,True,True,True,False
W00002,3,P049,xor,faint,NOT_REPRESENTABLE,0.9166666666666666,0.0,False,True,False,False,False,False,False,False,False
W00002,3,P052,xor,extremely_subtle,UNDETECTABLE_IN_PRINCIPLE,0.0,0.0,False,False,False,False,False,False,False,False,False
W00002,3,P055,delayed,obvious,DETECTABLE,1.0,0.8333333333333334,True,True,False,True,True,True,True,True,False
W00002,3,P056,delayed,moderate,NOT_REPRESENTABLE,1.0,0.08333333333333333,True,True,False,False,True,True,True,True,False
W00002,3,P057,delayed,subtle,DETECTABLE,1.0,0.9583333333333334,True,True,False,True,True,True,True,True,False
W00002,3,P058,delayed,faint,NOT_REPRESENTABLE,0.5,0.0,False,False,False,False,False,False,False,False,False
W00002,3,P059,delayed,extremely_subtle,UNDETECTABLE_IN_PRINCIPLE,0.08333333333333333,0.08333333333333333,False,False,False,False,False,False,False,False,False
W00002,3,P060,regime,obvious,NOT_REPRESENTABLE,1.0,0.16666666666666666,True,True,False,True,False,True,False,True,False
W00002,3,P061,regime,moderate,NOT_REPRESENTABLE,1.0,0.20833333333333334,True,True,False,True,True,True,True,True,False
W00002,3,P062,regime,subtle,UNDETECTABLE_IN_PRINCIPLE,0.25,0.0,False,True,False,True,False,True,False,True,False
W00002,3,P063,regime,faint,UNDETECTABLE_IN_PRINCIPLE,0.2916666666666667,0.08333333333333333,False,True,False,False,False,False,False,False,False
W00002,3,P064,regime,extremely_subtle,UNDETECTABLE_IN_PRINCIPLE,0.08333333333333333,0.041666666666666664,False,False,False,False,False,False,False,False,False
W00002,3,P065,changing,obvious,DETECTABLE,1.0,1.0,False,False,True,True,True,True,True,True,False
W00002,3,P066,changing,moderate,DETECTABLE,1.0,1.0,False,True,False,False,False,False,False,False,False
W00002,3,P067,changing,subtle,DETECTABLE,1.0,1.0,False,False,True,True,True,True,True,True,False
W00002,3,P068,changing,faint,UNDETECTABLE_IN_PRINCIPLE,0.3333333333333333,0.3333333333333333,False,False,True,True,True,True,True,True,False
W00002,3,P069,changing,extremely_subtle,UNDETECTABLE_IN_PRINCIPLE,0.3333333333333333,0.3333333333333333,False,False,False,False,False,False,False,False,False
W00002,3,P070,lifecycle,obvious,DETECTABLE,1.0,1.0,False,False,True,True,True,True,True,True,False
W00002,3,P071,lifecycle,moderate,DETECTABLE,1.0,1.0,False,False,True,True,True,True,True,True,False
W00002,3,P072,lifecycle,subtle,UNDETECTABLE_IN_PRINCIPLE,0.375,0.375,False,False,True,True,False,False,True,True,False
W00002,3,P073,lifecycle,faint,UNDETECTABLE_IN_PRINCIPLE,0.0,0.08333333333333333,False,True,True,True,False,True,True,True,False
W00002,3,P074,lifecycle,extremely_subtle,UNDETECTABLE_IN_PRINCIPLE,0.0,0.0,False,False,False,False,False,False,False,False,False
W00003,6,P000,linear,obvious,DETECTABLE,1.0,1.0,False,False,True,True,True,True,True,True,False
W00003,6,P001,linear,moderate,DETECTABLE,1.0,1.0,False,False,True,True,True,True,True,True,False
W00003,6,P002,linear,subtle,UNDETECTABLE_IN_PRINCIPLE,0.3333333333333333,0.3333333333333333,False,False,True,True,True,True,True,True,False
W00003,6,P003,linear,faint,UNDETECTABLE_IN_PRINCIPLE,0.0,0.0,False,False,False,False,False,False,False,False,False
W00003,6,P004,linear,extremely_subtle,UNDETECTABLE_IN_PRINCIPLE,0.3333333333333333,0.3333333333333333,False,True,False,False,False,False,False,False,False
W00003,6,P005,rare,obvious,DETECTABLE,1.0,0.9166666666666666,True,True,False,True,True,True,True,True,False
W00003,6,P006,rare,moderate,NOT_REPRESENTABLE,0.9583333333333334,0.20833333333333334,True,True,False,False,True,True,True,True,False
W00003,6,P007,rare,subtle,UNDETECTABLE_IN_PRINCIPLE,0.20833333333333334,0.0,False,False,False,True,False,True,False,True,False
W00003,6,P008,rare,faint,UNDETECTABLE_IN_PRINCIPLE,0.041666666666666664,0.0,False,True,False,False,False,True,False,True,False
W00003,6,P009,rare,extremely_subtle,UNDETECTABLE_IN_PRINCIPLE,0.0,0.125,False,False,False,False,False,False,False,False,False
W00003,6,P010,threshold,obvious,DETECTABLE,1.0,1.0,False,False,False,True,False,True,False,True,False
W00003,6,P011,threshold,moderate,DETECTABLE,1.0,0.875,False,False,False,False,False,False,False,False,False
W00003,6,P012,threshold,subtle,UNDETECTABLE_IN_PRINCIPLE,0.0,0.041666666666666664,False,False,False,False,False,False,False,False,False
W00003,6,P013,threshold,faint,UNDETECTABLE_IN_PRINCIPLE,0.16666666666666666,0.5416666666666666,False,False,False,True,False,True,False,True,False
W00003,6,P014,threshold,extremely_subtle,UNDETECTABLE_IN_PRINCIPLE,0.041666666666666664,0.0,False,True,False,False,False,False,False,False,False
W00003,6,P015,conditional,obvious,DETECTABLE,1.0,1.0,True,True,False,True,True,True,True,True,False
W00003,6,P017,conditional,moderate,DETECTABLE,1.0,1.0,False,False,False,True,False,True,False,True,False
W00003,6,P019,conditional,subtle,DETECTABLE,1.0,0.625,True,True,False,False,True,True,True,True,False
W00003,6,P021,conditional,faint,DETECTABLE,0.7083333333333334,0.8333333333333334,False,False,False,False,False,False,False,False,False
W00003,6,P023,conditional,extremely_subtle,NOT_REPRESENTABLE,0.75,0.4166666666666667,False,False,False,False,False,False,False,False,False
W00003,6,P025,interactive,obvious,NOT_REPRESENTABLE,1.0,0.0,True,True,False,False,True,True,True,True,False
W00003,6,P028,interactive,moderate,NOT_REPRESENTABLE,1.0,0.08333333333333333,True,True,False,True,True,True,True,True,False
W00003,6,P031,interactive,subtle,NOT_REPRESENTABLE,0.5833333333333334,0.0,True,True,False,False,True,True,True,True,False
W00003,6,P034,interactive,faint,UNDETECTABLE_IN_PRINCIPLE,0.4166666666666667,0.0,False,False,False,False,False,False,False,False,False
W00003,6,P037,interactive,extremely_subtle,UNDETECTABLE_IN_PRINCIPLE,0.0,0.0,False,False,False,False,False,False,False,False,False
W00003,6,P040,xor,obvious,NOT_REPRESENTABLE,1.0,0.0,True,True,False,False,True,True,True,True,False
W00003,6,P043,xor,moderate,NOT_REPRESENTABLE,1.0,0.0,True,True,False,False,True,True,True,True,False
W00003,6,P046,xor,subtle,NOT_REPRESENTABLE,1.0,0.0,False,False,False,False,False,False,False,False,False
W00003,6,P049,xor,faint,NOT_REPRESENTABLE,1.0,0.0,False,False,False,True,False,True,False,True,False
W00003,6,P052,xor,extremely_subtle,UNDETECTABLE_IN_PRINCIPLE,0.041666666666666664,0.0,False,False,False,False,False,False,False,False,False
W00003,6,P055,delayed,obvious,DETECTABLE,1.0,1.0,True,True,False,True,True,True,True,True,False
W00003,6,P056,delayed,moderate,DETECTABLE,1.0,0.9583333333333334,False,False,False,True,False,True,False,True,False
W00003,6,P057,delayed,subtle,NOT_REPRESENTABLE,1.0,0.041666666666666664,True,True,False,False,True,True,True,True,False
W00003,6,P058,delayed,faint,UNDETECTABLE_IN_PRINCIPLE,0.041666666666666664,0.0,False,False,False,False,False,False,False,False,False
W00003,6,P059,delayed,extremely_subtle,UNDETECTABLE_IN_PRINCIPLE,0.08333333333333333,0.20833333333333334,False,False,False,False,False,False,False,False,False
W00003,6,P060,regime,obvious,DETECTABLE,1.0,1.0,False,False,False,True,False,True,False,True,False
W00003,6,P061,regime,moderate,DETECTABLE,1.0,0.9166666666666666,False,False,False,True,False,True,False,True,False
W00003,6,P062,regime,subtle,NOT_REPRESENTABLE,1.0,0.375,True,True,False,False,True,True,True,True,False
W00003,6,P063,regime,faint,NOT_REPRESENTABLE,0.5416666666666666,0.4166666666666667,False,False,False,True,False,True,False,True,False
W00003,6,P064,regime,extremely_subtle,UNDETECTABLE_IN_PRINCIPLE,0.041666666666666664,0.0,False,False,False,False,False,False,False,False,False
W00003,6,P065,changing,obvious,DETECTABLE,1.0,1.0,False,False,True,True,True,True,True,True,False
W00003,6,P066,changing,moderate,DETECTABLE,1.0,1.0,False,True,True,True,True,True,True,True,False
W00003,6,P067,changing,subtle,DETECTABLE,1.0,1.0,False,False,True,True,True,True,True,True,False
W00003,6,P068,changing,faint,DETECTABLE,0.75,0.75,False,False,True,True,True,True,True,True,False
W00003,6,P069,changing,extremely_subtle,UNDETECTABLE_IN_PRINCIPLE,0.4583333333333333,0.4583333333333333,False,False,False,False,False,False,False,False,False
W00003,6,P070,lifecycle,obvious,DETECTABLE,1.0,1.0,False,False,True,True,True,True,True,True,False
W00003,6,P071,lifecycle,moderate,DETECTABLE,1.0,1.0,False,False,True,True,True,True,True,True,False
W00003,6,P072,lifecycle,subtle,UNDETECTABLE_IN_PRINCIPLE,0.375,0.375,False,True,True,True,True,True,True,True,False
W00003,6,P073,lifecycle,faint,UNDETECTABLE_IN_PRINCIPLE,0.0,0.0,False,False,False,False,False,False,False,False,False
W00003,6,P074,lifecycle,extremely_subtle,UNDETECTABLE_IN_PRINCIPLE,0.375,0.375,False,False,True,True,True,True,True,True,False
W00005,2,P000,linear,obvious,DETECTABLE,1.0,1.0,False,False,True,True,True,True,True,True,False
W00005,2,P001,linear,moderate,DETECTABLE,1.0,1.0,False,False,True,True,True,True,True,True,False
W00005,2,P002,linear,subtle,DETECTABLE,1.0,1.0,False,True,True,True,True,True,True,True,False
W00005,2,P003,linear,faint,UNDETECTABLE_IN_PRINCIPLE,0.4166666666666667,0.4166666666666667,False,False,True,True,True,True,True,True,False
W00005,2,P004,linear,extremely_subtle,UNDETECTABLE_IN_PRINCIPLE,0.041666666666666664,0.041666666666666664,False,False,False,False,False,False,False,False,False
W00005,2,P005,rare,obvious,DETECTABLE,1.0,0.875,True,True,False,True,True,True,True,True,False
W00005,2,P006,rare,moderate,NOT_REPRESENTABLE,1.0,0.16666666666666666,True,True,False,False,True,True,True,True,False
W00005,2,P007,rare,subtle,NOT_REPRESENTABLE,0.8333333333333334,0.25,False,True,False,False,False,True,False,True,False
W00005,2,P008,rare,faint,UNDETECTABLE_IN_PRINCIPLE,0.4166666666666667,0.25,False,False,False,False,False,False,False,False,False
W00005,2,P009,rare,extremely_subtle,UNDETECTABLE_IN_PRINCIPLE,0.041666666666666664,0.0,False,False,False,False,False,False,False,False,False
W00005,2,P010,threshold,obvious,DETECTABLE,1.0,1.0,True,True,False,True,True,True,True,True,False
W00005,2,P011,threshold,moderate,NOT_REPRESENTABLE,1.0,0.16666666666666666,True,True,False,True,True,True,True,True,False
W00005,2,P012,threshold,subtle,UNDETECTABLE_IN_PRINCIPLE,0.08333333333333333,0.041666666666666664,False,True,False,True,False,False,False,True,False
W00005,2,P013,threshold,faint,UNDETECTABLE_IN_PRINCIPLE,0.2916666666666667,0.375,False,True,False,True,False,True,False,True,False
W00005,2,P014,threshold,extremely_subtle,UNDETECTABLE_IN_PRINCIPLE,0.0,0.0,False,False,False,False,False,False,False,False,False
W00005,2,P015,conditional,obvious,DETECTABLE,1.0,1.0,False,False,False,True,False,True,False,True,False
W00005,2,P017,conditional,moderate,DETECTABLE,1.0,1.0,True,True,False,True,True,True,True,True,False
W00005,2,P019,conditional,subtle,DETECTABLE,1.0,0.7916666666666666,True,True,False,True,True,True,True,True,False
W00005,2,P021,conditional,faint,UNDETECTABLE_IN_PRINCIPLE,0.041666666666666664,0.08333333333333333,False,False,False,False,False,False,False,False,False
W00005,2,P023,conditional,extremely_subtle,UNDETECTABLE_IN_PRINCIPLE,0.4583333333333333,0.4583333333333333,False,False,False,True,False,True,False,True,False
W00005,2,P025,interactive,obvious,NOT_REPRESENTABLE,1.0,0.25,True,True,False,False,True,True,True,True,False
W00005,2,P028,interactive,moderate,NOT_REPRESENTABLE,1.0,0.3333333333333333,True,True,False,True,True,True,True,True,False
W00005,2,P031,interactive,subtle,NOT_REPRESENTABLE,1.0,0.0,True,True,False,False,True,True,True,True,False
W00005,2,P034,interactive,faint,NOT_REPRESENTABLE,1.0,0.0,False,False,False,False,False,False,False,False,False
W00005,2,P037,interactive,extremely_subtle,UNDETECTABLE_IN_PRINCIPLE,0.3333333333333333,0.0,False,False,False,True,False,True,False,True,False
W00005,2,P040,xor,obvious,NOT_REPRESENTABLE,1.0,0.0,True,True,False,False,True,True,True,True,False
W00005,2,P043,xor,moderate,NOT_REPRESENTABLE,1.0,0.0,True,True,False,False,True,True,True,True,False
W00005,2,P046,xor,subtle,NOT_REPRESENTABLE,1.0,0.0,True,True,False,False,True,True,True,True,False
W00005,2,P049,xor,faint,NOT_REPRESENTABLE,0.8333333333333334,0.0,False,False,False,False,False,False,False,False,False
W00005,2,P052,xor,extremely_subtle,NOT_REPRESENTABLE,0.5416666666666666,0.0,False,False,False,False,False,False,False,False,False
W00005,2,P055,delayed,obvious,DETECTABLE,1.0,0.9583333333333334,True,True,False,True,True,True,True,True,False
W00005,2,P056,delayed,moderate,DETECTABLE,1.0,0.5416666666666666,True,True,False,True,True,True,True,True,False
W00005,2,P057,delayed,subtle,NOT_REPRESENTABLE,0.7916666666666666,0.041666666666666664,False,False,False,True,False,True,False,True,False
W00005,2,P058,delayed,faint,UNDETECTABLE_IN_PRINCIPLE,0.125,0.0,False,False,False,False,False,False,False,False,False
W00005,2,P059,delayed,extremely_subtle,UNDETECTABLE_IN_PRINCIPLE,0.20833333333333334,0.0,False,False,False,False,False,False,False,False,False
W00005,2,P060,regime,obvious,UNDETECTABLE_IN_PRINCIPLE,0.0,0.0,False,False,False,False,False,False,False,False,False
W00005,2,P061,regime,moderate,UNDETECTABLE_IN_PRINCIPLE,0.0,0.041666666666666664,False,False,False,False,False,False,False,False,False
W00005,2,P062,regime,subtle,UNDETECTABLE_IN_PRINCIPLE,0.0,0.0,False,False,False,False,False,False,False,False,False
W00005,2,P063,regime,faint,UNDETECTABLE_IN_PRINCIPLE,0.0,0.0,False,False,False,False,False,False,False,False,False
W00005,2,P064,regime,extremely_subtle,UNDETECTABLE_IN_PRINCIPLE,0.0,0.0,False,False,False,False,False,False,False,False,False
W00005,2,P065,changing,obvious,DETECTABLE,1.0,1.0,False,False,True,True,True,True,True,True,False
W00005,2,P066,changing,moderate,DETECTABLE,1.0,1.0,False,False,True,True,True,True,True,True,False
W00005,2,P067,changing,subtle,DETECTABLE,1.0,1.0,False,False,True,True,True,True,True,True,False
W00005,2,P068,changing,faint,UNDETECTABLE_IN_PRINCIPLE,0.125,0.125,False,False,False,False,False,False,False,False,False
W00005,2,P069,changing,extremely_subtle,UNDETECTABLE_IN_PRINCIPLE,0.125,0.125,False,False,False,False,False,False,False,False,False
W00005,2,P070,lifecycle,obvious,DETECTABLE,1.0,1.0,False,True,True,True,True,True,True,True,False
W00005,2,P071,lifecycle,moderate,DETECTABLE,1.0,1.0,False,False,True,True,True,True,True,True,False
W00005,2,P072,lifecycle,subtle,DETECTABLE,1.0,1.0,False,False,True,True,True,True,True,True,False
W00005,2,P073,lifecycle,faint,UNDETECTABLE_IN_PRINCIPLE,0.0,0.0,False,False,False,False,False,False,False,False,False
W00005,2,P074,lifecycle,extremely_subtle,UNDETECTABLE_IN_PRINCIPLE,0.0,0.0,False,False,False,False,False,False,False,False,False
W00008,2,P000,linear,obvious,DETECTABLE,1.0,1.0,False,False,True,True,True,True,True,True,False
W00008,2,P001,linear,moderate,DETECTABLE,1.0,1.0,False,True,True,True,True,True,True,True,False
W00008,2,P002,linear,subtle,DETECTABLE,1.0,1.0,False,False,True,True,True,True,True,True,False
W00008,2,P003,linear,faint,UNDETECTABLE_IN_PRINCIPLE,0.041666666666666664,0.041666666666666664,False,False,False,False,False,False,False,False,False
W00008,2,P004,linear,extremely_subtle,UNDETECTABLE_IN_PRINCIPLE,0.4583333333333333,0.4583333333333333,False,False,True,True,True,True,True,True,False
W00008,2,P005,rare,obvious,DETECTABLE,1.0,1.0,True,True,False,True,True,True,True,True,False
W00008,2,P006,rare,moderate,NOT_REPRESENTABLE,1.0,0.4583333333333333,True,True,False,False,True,True,True,True,False
W00008,2,P007,rare,subtle,DETECTABLE,1.0,0.9166666666666666,False,False,False,True,False,True,False,True,False
W00008,2,P008,rare,faint,UNDETECTABLE_IN_PRINCIPLE,0.08333333333333333,0.041666666666666664,False,False,False,False,False,False,False,False,False
W00008,2,P009,rare,extremely_subtle,UNDETECTABLE_IN_PRINCIPLE,0.25,0.0,False,False,False,False,False,False,False,False,False
W00008,2,P010,threshold,obvious,DETECTABLE,1.0,1.0,True,True,False,True,True,True,True,True,False
W00008,2,P011,threshold,moderate,DETECTABLE,1.0,1.0,True,True,False,True,True,True,True,True,False
W00008,2,P012,threshold,subtle,UNDETECTABLE_IN_PRINCIPLE,0.4166666666666667,0.125,True,True,False,False,False,False,False,False,False
W00008,2,P013,threshold,faint,NOT_REPRESENTABLE,0.5833333333333334,0.0,False,False,False,False,False,False,False,False,False
W00008,2,P014,threshold,extremely_subtle,UNDETECTABLE_IN_PRINCIPLE,0.0,0.0,False,False,False,False,False,False,False,False,False
W00008,2,P015,conditional,obvious,DETECTABLE,1.0,1.0,False,False,False,True,False,True,False,True,False
W00008,2,P017,conditional,moderate,DETECTABLE,1.0,1.0,False,False,False,True,False,True,False,True,False
W00008,2,P019,conditional,subtle,DETECTABLE,1.0,1.0,True,True,False,True,True,True,True,True,False
W00008,2,P021,conditional,faint,NOT_REPRESENTABLE,0.625,0.2916666666666667,False,False,False,False,False,False,False,False,False
W00008,2,P023,conditional,extremely_subtle,UNDETECTABLE_IN_PRINCIPLE,0.041666666666666664,0.0,False,False,False,False,False,False,False,False,False
W00008,2,P025,interactive,obvious,NOT_REPRESENTABLE,1.0,0.25,True,True,False,False,True,True,True,True,False
W00008,2,P028,interactive,moderate,NOT_REPRESENTABLE,1.0,0.0,True,True,False,False,True,True,True,True,False
W00008,2,P031,interactive,subtle,NOT_REPRESENTABLE,1.0,0.0,True,True,False,False,True,True,True,True,False
W00008,2,P034,interactive,faint,NOT_REPRESENTABLE,0.7916666666666666,0.0,False,False,False,False,False,False,False,False,False
W00008,2,P037,interactive,extremely_subtle,UNDETECTABLE_IN_PRINCIPLE,0.08333333333333333,0.0,False,False,False,False,False,False,False,False,False
W00008,2,P040,xor,obvious,NOT_REPRESENTABLE,1.0,0.125,True,True,False,False,True,True,True,True,False
W00008,2,P043,xor,moderate,NOT_REPRESENTABLE,1.0,0.041666666666666664,True,True,False,False,True,True,True,True,False
W00008,2,P046,xor,subtle,NOT_REPRESENTABLE,1.0,0.20833333333333334,False,False,False,False,False,False,False,False,False
W00008,2,P049,xor,faint,NOT_REPRESENTABLE,0.9583333333333334,0.0,False,True,False,False,False,True,False,True,False
W00008,2,P052,xor,extremely_subtle,UNDETECTABLE_IN_PRINCIPLE,0.4583333333333333,0.0,False,False,False,False,False,False,False,False,False
W00008,2,P055,delayed,obvious,DETECTABLE,1.0,1.0,True,True,False,True,True,True,True,True,False
W00008,2,P056,delayed,moderate,NOT_REPRESENTABLE,1.0,0.20833333333333334,True,True,False,True,True,True,True,True,False
W00008,2,P057,delayed,subtle,DETECTABLE,1.0,0.625,True,True,False,True,True,True,True,True,False
W00008,2,P058,delayed,faint,NOT_REPRESENTABLE,0.5833333333333334,0.0,False,False,False,False,False,False,False,False,False
W00008,2,P059,delayed,extremely_subtle,UNDETECTABLE_IN_PRINCIPLE,0.08333333333333333,0.0,False,False,False,False,False,False,False,False,False
W00008,2,P060,regime,obvious,UNDETECTABLE_IN_PRINCIPLE,0.0,0.0,True,True,False,False,False,False,True,True,False
W00008,2,P061,regime,moderate,UNDETECTABLE_IN_PRINCIPLE,0.0,0.0,False,True,False,True,False,True,False,True,False
W00008,2,P062,regime,subtle,UNDETECTABLE_IN_PRINCIPLE,0.0,0.0,False,False,False,False,False,False,False,False,False
W00008,2,P063,regime,faint,UNDETECTABLE_IN_PRINCIPLE,0.0,0.0,False,False,False,True,False,True,False,True,False
W00008,2,P064,regime,extremely_subtle,UNDETECTABLE_IN_PRINCIPLE,0.0,0.0,False,False,False,False,False,False,False,False,False
W00008,2,P065,changing,obvious,DETECTABLE,1.0,1.0,False,False,True,True,True,True,True,True,False
W00008,2,P066,changing,moderate,DETECTABLE,1.0,1.0,False,False,True,True,True,True,True,True,False
W00008,2,P067,changing,subtle,DETECTABLE,1.0,1.0,False,True,True,True,True,True,True,True,False
W00008,2,P068,changing,faint,UNDETECTABLE_IN_PRINCIPLE,0.08333333333333333,0.08333333333333333,False,True,False,False,False,True,False,True,False
W00008,2,P069,changing,extremely_subtle,UNDETECTABLE_IN_PRINCIPLE,0.125,0.125,False,True,True,True,True,True,True,True,False
W00008,2,P070,lifecycle,obvious,DETECTABLE,1.0,1.0,False,False,True,True,True,True,True,True,False
W00008,2,P071,lifecycle,moderate,DETECTABLE,1.0,1.0,False,False,True,True,True,True,True,True,False
W00008,2,P072,lifecycle,subtle,UNDETECTABLE_IN_PRINCIPLE,0.041666666666666664,0.041666666666666664,False,False,True,True,True,True,True,True,False
W00008,2,P073,lifecycle,faint,UNDETECTABLE_IN_PRINCIPLE,0.0,0.0,False,False,False,False,False,False,False,False,False
W00008,2,P074,lifecycle,extremely_subtle,UNDETECTABLE_IN_PRINCIPLE,0.375,0.375,False,True,False,False,False,True,False,True,False
W00009,3,P000,linear,obvious,DETECTABLE,1.0,1.0,False,False,True,True,True,True,True,True,False
W00009,3,P001,linear,moderate,DETECTABLE,1.0,1.0,False,False,True,True,True,True,True,True,False
W00009,3,P002,linear,subtle,DETECTABLE,0.9166666666666666,0.9166666666666666,False,False,True,True,True,True,True,True,False
W00009,3,P003,linear,faint,DETECTABLE,0.5,0.5,False,False,True,True,True,True,True,True,False
W00009,3,P004,linear,extremely_subtle,UNDETECTABLE_IN_PRINCIPLE,0.041666666666666664,0.041666666666666664,False,False,False,False,False,False,False,False,False
W00009,3,P005,rare,obvious,DETECTABLE,1.0,0.7083333333333334,True,True,False,True,True,True,True,True,False
W00009,3,P006,rare,moderate,NOT_REPRESENTABLE,0.9583333333333334,0.041666666666666664,True,True,False,False,True,True,True,True,False
W00009,3,P007,rare,subtle,UNDETECTABLE_IN_PRINCIPLE,0.3333333333333333,0.0,False,False,False,False,False,False,False,False,False
W00009,3,P008,rare,faint,UNDETECTABLE_IN_PRINCIPLE,0.16666666666666666,0.041666666666666664,False,False,False,False,False,False,False,False,False
W00009,3,P009,rare,extremely_subtle,UNDETECTABLE_IN_PRINCIPLE,0.0,0.0,False,False,False,False,False,False,False,False,False
W00009,3,P010,threshold,obvious,DETECTABLE,1.0,1.0,True,True,False,True,True,True,True,True,False
W00009,3,P011,threshold,moderate,DETECTABLE,1.0,1.0,False,False,False,True,False,True,False,True,False
W00009,3,P012,threshold,subtle,DETECTABLE,0.875,0.875,False,True,False,True,False,True,False,True,False
W00009,3,P013,threshold,faint,UNDETECTABLE_IN_PRINCIPLE,0.08333333333333333,0.0,False,False,False,False,False,False,False,False,False
W00009,3,P014,threshold,extremely_subtle,UNDETECTABLE_IN_PRINCIPLE,0.0,0.0,False,False,False,False,False,False,False,False,False
W00009,3,P015,conditional,obvious,DETECTABLE,1.0,1.0,False,False,False,True,False,True,False,True,False
W00009,3,P017,conditional,moderate,DETECTABLE,1.0,1.0,False,False,False,True,False,True,False,True,False
W00009,3,P019,conditional,subtle,DETECTABLE,0.8333333333333334,0.7916666666666666,True,True,False,True,True,True,True,True,False
W00009,3,P021,conditional,faint,UNDETECTABLE_IN_PRINCIPLE,0.2916666666666667,0.0,False,False,False,False,False,False,False,False,False
W00009,3,P023,conditional,extremely_subtle,UNDETECTABLE_IN_PRINCIPLE,0.0,0.0,False,False,False,False,False,False,False,False,False
W00009,3,P025,interactive,obvious,NOT_REPRESENTABLE,1.0,0.0,True,True,False,False,True,True,True,True,False
W00009,3,P028,interactive,moderate,NOT_REPRESENTABLE,1.0,0.0,True,True,False,False,True,True,True,True,False
W00009,3,P031,interactive,subtle,NOT_REPRESENTABLE,1.0,0.0,True,True,False,False,True,True,True,True,False
W00009,3,P034,interactive,faint,UNDETECTABLE_IN_PRINCIPLE,0.25,0.0,False,False,False,False,False,False,False,False,False
W00009,3,P037,interactive,extremely_subtle,UNDETECTABLE_IN_PRINCIPLE,0.25,0.041666666666666664,False,False,False,False,False,False,False,False,False
W00009,3,P040,xor,obvious,NOT_REPRESENTABLE,1.0,0.0,True,True,False,False,True,True,True,True,False
W00009,3,P043,xor,moderate,NOT_REPRESENTABLE,1.0,0.0,True,True,False,False,True,True,True,True,False
W00009,3,P046,xor,subtle,NOT_REPRESENTABLE,1.0,0.0,False,False,False,False,False,False,False,False,False
W00009,3,P049,xor,faint,NOT_REPRESENTABLE,0.9583333333333334,0.0,False,False,False,False,False,False,False,False,False
W00009,3,P052,xor,extremely_subtle,NOT_REPRESENTABLE,0.5,0.041666666666666664,False,False,False,False,False,False,False,False,False
W00009,3,P055,delayed,obvious,NOT_REPRESENTABLE,1.0,0.0,True,True,False,False,True,True,True,True,False
W00009,3,P056,delayed,moderate,NOT_REPRESENTABLE,1.0,0.0,False,False,False,False,False,False,False,False,False
W00009,3,P057,delayed,subtle,UNDETECTABLE_IN_PRINCIPLE,0.20833333333333334,0.0,False,False,False,False,False,False,False,False,False
W00009,3,P058,delayed,faint,UNDETECTABLE_IN_PRINCIPLE,0.4166666666666667,0.041666666666666664,False,False,False,False,False,False,False,False,False
W00009,3,P059,delayed,extremely_subtle,UNDETECTABLE_IN_PRINCIPLE,0.0,0.0,False,False,False,False,False,False,False,False,False
W00009,3,P060,regime,obvious,UNDETECTABLE_IN_PRINCIPLE,0.0,0.041666666666666664,False,False,False,False,False,False,False,False,False
W00009,3,P061,regime,moderate,UNDETECTABLE_IN_PRINCIPLE,0.0,0.0,False,False,False,False,False,False,False,False,False
W00009,3,P062,regime,subtle,UNDETECTABLE_IN_PRINCIPLE,0.0,0.125,False,False,False,False,False,False,False,False,False
W00009,3,P063,regime,faint,UNDETECTABLE_IN_PRINCIPLE,0.0,0.125,False,False,False,False,False,False,False,False,False
W00009,3,P064,regime,extremely_subtle,UNDETECTABLE_IN_PRINCIPLE,0.0,0.08333333333333333,False,False,False,False,False,False,False,False,False
W00009,3,P065,changing,obvious,DETECTABLE,1.0,1.0,False,False,True,True,True,True,True,True,False
W00009,3,P066,changing,moderate,DETECTABLE,1.0,1.0,False,True,True,True,True,True,True,True,False
W00009,3,P067,changing,subtle,DETECTABLE,1.0,1.0,False,True,True,True,True,True,True,True,False
W00009,3,P068,changing,faint,UNDETECTABLE_IN_PRINCIPLE,0.125,0.125,False,True,True,True,True,True,True,True,False
W00009,3,P069,changing,extremely_subtle,DETECTABLE,0.7083333333333334,0.7083333333333334,False,False,True,True,True,True,True,True,False
W00009,3,P070,lifecycle,obvious,DETECTABLE,1.0,1.0,False,False,True,True,True,True,True,True,False
W00009,3,P071,lifecycle,moderate,DETECTABLE,1.0,1.0,False,False,True,True,True,True,True,True,False
W00009,3,P072,lifecycle,subtle,DETECTABLE,0.5833333333333334,0.5833333333333334,False,True,False,False,False,False,False,False,False
W00009,3,P073,lifecycle,faint,UNDETECTABLE_IN_PRINCIPLE,0.3333333333333333,0.0,False,True,False,False,False,True,False,True,False
W00009,3,P074,lifecycle,extremely_subtle,UNDETECTABLE_IN_PRINCIPLE,0.2916666666666667,0.08333333333333333,False,False,False,False,False,False,False,False,False
W00010,3,P000,linear,obvious,DETECTABLE,1.0,1.0,False,False,True,True,True,True,True,True,False
W00010,3,P001,linear,moderate,DETECTABLE,1.0,1.0,False,False,True,True,True,True,True,True,False
W00010,3,P002,linear,subtle,DETECTABLE,0.9583333333333334,0.9583333333333334,False,False,True,True,True,True,True,True,False
W00010,3,P003,linear,faint,DETECTABLE,0.5833333333333334,0.5833333333333334,False,True,False,False,False,False,False,False,False
W00010,3,P004,linear,extremely_subtle,UNDETECTABLE_IN_PRINCIPLE,0.041666666666666664,0.041666666666666664,False,False,False,False,False,False,False,False,False
W00010,3,P005,rare,obvious,DETECTABLE,1.0,0.9583333333333334,True,True,False,True,True,True,True,True,False
W00010,3,P006,rare,moderate,NOT_REPRESENTABLE,0.9166666666666666,0.041666666666666664,True,True,False,False,True,True,True,True,False
W00010,3,P007,rare,subtle,NOT_REPRESENTABLE,0.7083333333333334,0.4583333333333333,False,False,False,True,False,True,False,True,False
W00010,3,P008,rare,faint,NOT_REPRESENTABLE,0.7916666666666666,0.20833333333333334,False,False,False,True,False,True,False,True,False
W00010,3,P009,rare,extremely_subtle,UNDETECTABLE_IN_PRINCIPLE,0.0,0.0,False,False,False,False,False,False,False,False,False
W00010,3,P010,threshold,obvious,DETECTABLE,1.0,1.0,False,False,False,True,False,True,False,True,False
W00010,3,P011,threshold,moderate,DETECTABLE,1.0,0.75,True,True,False,True,False,True,False,True,False
W00010,3,P012,threshold,subtle,UNDETECTABLE_IN_PRINCIPLE,0.0,0.3333333333333333,False,False,False,False,False,False,False,False,False
W00010,3,P013,threshold,faint,UNDETECTABLE_IN_PRINCIPLE,0.0,0.0,False,False,False,False,False,False,False,False,False
W00010,3,P014,threshold,extremely_subtle,UNDETECTABLE_IN_PRINCIPLE,0.125,0.041666666666666664,False,True,False,False,False,True,False,True,False
W00010,3,P015,conditional,obvious,DETECTABLE,1.0,1.0,False,False,False,True,False,True,False,True,False
W00010,3,P017,conditional,moderate,DETECTABLE,1.0,1.0,True,True,False,True,True,True,True,True,False
W00010,3,P019,conditional,subtle,DETECTABLE,0.9583333333333334,0.875,False,False,False,True,False,True,False,True,False
W00010,3,P021,conditional,faint,UNDETECTABLE_IN_PRINCIPLE,0.08333333333333333,0.375,False,True,False,False,False,True,False,True,False
W00010,3,P023,conditional,extremely_subtle,UNDETECTABLE_IN_PRINCIPLE,0.0,0.08333333333333333,False,False,False,False,False,False,False,False,False
W00010,3,P025,interactive,obvious,NOT_REPRESENTABLE,1.0,0.0,True,True,False,False,True,True,True,True,False
W00010,3,P028,interactive,moderate,NOT_REPRESENTABLE,1.0,0.0,True,True,False,False,True,True,True,True,False
W00010,3,P031,interactive,subtle,NOT_REPRESENTABLE,1.0,0.041666666666666664,True,True,False,False,True,True,True,True,False
W00010,3,P034,interactive,faint,NOT_REPRESENTABLE,0.7916666666666666,0.0,False,False,False,False,False,False,False,False,False
W00010,3,P037,interactive,extremely_subtle,UNDETECTABLE_IN_PRINCIPLE,0.25,0.0,False,False,False,False,False,False,False,False,False
W00010,3,P040,xor,obvious,NOT_REPRESENTABLE,1.0,0.0,True,True,False,False,True,True,True,True,False
W00010,3,P043,xor,moderate,NOT_REPRESENTABLE,1.0,0.0,True,True,False,False,True,True,True,True,False
W00010,3,P046,xor,subtle,NOT_REPRESENTABLE,1.0,0.041666666666666664,False,True,False,False,False,True,False,True,False
W00010,3,P049,xor,faint,UNDETECTABLE_IN_PRINCIPLE,0.4166666666666667,0.16666666666666666,False,False,False,False,False,False,False,False,False
W00010,3,P052,xor,extremely_subtle,UNDETECTABLE_IN_PRINCIPLE,0.0,0.0,False,False,False,False,False,False,False,False,False
W00010,3,P055,delayed,obvious,NOT_REPRESENTABLE,1.0,0.041666666666666664,True,True,False,False,True,True,True,True,False
W00010,3,P056,delayed,moderate,DETECTABLE,1.0,0.875,True,True,False,False,True,True,True,True,False
W00010,3,P057,delayed,subtle,NOT_REPRESENTABLE,1.0,0.25,False,False,False,True,False,True,False,True,False
W00010,3,P058,delayed,faint,NOT_REPRESENTABLE,0.8333333333333334,0.0,True,True,False,False,True,True,True,True,False
W00010,3,P059,delayed,extremely_subtle,UNDETECTABLE_IN_PRINCIPLE,0.041666666666666664,0.0,False,False,False,False,False,False,False,False,False
W00010,3,P060,regime,obvious,DETECTABLE,1.0,1.0,False,False,False,True,False,True,False,True,False
W00010,3,P061,regime,moderate,DETECTABLE,1.0,1.0,False,False,False,True,False,True,False,True,False
W00010,3,P062,regime,subtle,DETECTABLE,1.0,1.0,False,False,False,True,False,True,False,True,False
W00010,3,P063,regime,faint,DETECTABLE,1.0,1.0,False,True,False,True,False,True,False,True,False
W00010,3,P064,regime,extremely_subtle,DETECTABLE,0.5833333333333334,0.5833333333333334,False,False,False,True,False,True,False,True,False
W00010,3,P065,changing,obvious,DETECTABLE,1.0,1.0,False,False,True,True,True,True,True,True,False
W00010,3,P066,changing,moderate,DETECTABLE,1.0,1.0,False,False,True,True,True,True,True,True,False
W00010,3,P067,changing,subtle,DETECTABLE,1.0,1.0,False,False,True,True,True,True,True,True,False
W00010,3,P068,changing,faint,UNDETECTABLE_IN_PRINCIPLE,0.0,0.0,False,False,False,False,False,False,False,False,False
W00010,3,P069,changing,extremely_subtle,UNDETECTABLE_IN_PRINCIPLE,0.0,0.0,False,False,False,False,False,False,False,False,False
W00010,3,P070,lifecycle,obvious,DETECTABLE,1.0,1.0,False,False,True,True,True,True,True,True,False
W00010,3,P071,lifecycle,moderate,DETECTABLE,1.0,1.0,False,False,True,True,True,True,True,True,False
W00010,3,P072,lifecycle,subtle,UNDETECTABLE_IN_PRINCIPLE,0.3333333333333333,0.3333333333333333,False,False,True,True,True,True,True,True,False
W00010,3,P073,lifecycle,faint,NOT_REPRESENTABLE,0.8333333333333334,0.041666666666666664,False,True,False,False,False,True,False,True,False
W00010,3,P074,lifecycle,extremely_subtle,UNDETECTABLE_IN_PRINCIPLE,0.125,0.0,False,False,False,False,False,False,False,False,False
W00012,3,P000,linear,obvious,DETECTABLE,1.0,1.0,False,False,True,True,True,True,True,True,False
W00012,3,P001,linear,moderate,DETECTABLE,1.0,1.0,False,True,True,True,True,True,True,True,False
W00012,3,P002,linear,subtle,DETECTABLE,1.0,1.0,False,False,True,True,True,True,True,True,False
W00012,3,P003,linear,faint,DETECTABLE,0.5416666666666666,0.5416666666666666,False,False,True,True,True,True,True,True,False
W00012,3,P004,linear,extremely_subtle,UNDETECTABLE_IN_PRINCIPLE,0.041666666666666664,0.041666666666666664,False,False,False,False,False,False,False,False,False
W00012,3,P005,rare,obvious,DETECTABLE,1.0,0.9583333333333334,True,True,False,True,True,True,True,True,False
W00012,3,P006,rare,moderate,NOT_REPRESENTABLE,0.9166666666666666,0.2916666666666667,True,True,False,True,True,True,True,True,False
W00012,3,P007,rare,subtle,NOT_REPRESENTABLE,0.75,0.4583333333333333,False,False,False,False,False,False,False,False,False
W00012,3,P008,rare,faint,UNDETECTABLE_IN_PRINCIPLE,0.0,0.0,False,False,False,False,False,False,False,False,False
W00012,3,P009,rare,extremely_subtle,UNDETECTABLE_IN_PRINCIPLE,0.0,0.0,False,True,False,True,False,True,False,True,False
W00012,3,P010,threshold,obvious,DETECTABLE,1.0,1.0,True,True,False,True,True,True,True,True,False
W00012,3,P011,threshold,moderate,DETECTABLE,1.0,1.0,False,False,False,True,False,True,False,True,False
W00012,3,P012,threshold,subtle,UNDETECTABLE_IN_PRINCIPLE,0.0,0.0,False,False,False,False,False,False,False,False,False
W00012,3,P013,threshold,faint,UNDETECTABLE_IN_PRINCIPLE,0.25,0.25,False,False,False,False,False,False,False,False,False
W00012,3,P014,threshold,extremely_subtle,UNDETECTABLE_IN_PRINCIPLE,0.041666666666666664,0.16666666666666666,False,False,False,False,False,False,False,False,False
W00012,3,P015,conditional,obvious,DETECTABLE,1.0,1.0,False,False,False,True,False,True,False,True,False
W00012,3,P017,conditional,moderate,DETECTABLE,1.0,1.0,True,True,False,True,True,True,True,True,False
W00012,3,P019,conditional,subtle,NOT_REPRESENTABLE,0.9166666666666666,0.125,False,False,False,False,False,False,False,False,False
W00012,3,P021,conditional,faint,NOT_REPRESENTABLE,0.9166666666666666,0.375,False,False,False,True,False,True,False,True,False
W00012,3,P023,conditional,extremely_subtle,UNDETECTABLE_IN_PRINCIPLE,0.0,0.0,False,False,False,False,False,False,False,False,False
W00012,3,P025,interactive,obvious,NOT_REPRESENTABLE,1.0,0.16666666666666666,True,True,False,True,True,True,True,True,False
W00012,3,P028,interactive,moderate,NOT_REPRESENTABLE,1.0,0.041666666666666664,True,True,False,False,True,True,True,True,False
W00012,3,P031,interactive,subtle,NOT_REPRESENTABLE,1.0,0.25,True,True,False,True,True,True,True,True,False
W00012,3,P034,interactive,faint,NOT_REPRESENTABLE,1.0,0.0,False,True,False,False,False,False,False,False,False
W00012,3,P037,interactive,extremely_subtle,UNDETECTABLE_IN_PRINCIPLE,0.4166666666666667,0.0,False,False,False,False,False,False,False,False,False
W00012,3,P040,xor,obvious,NOT_REPRESENTABLE,1.0,0.041666666666666664,True,True,False,False,True,True,True,True,False
W00012,3,P043,xor,moderate,NOT_REPRESENTABLE,1.0,0.08333333333333333,True,True,False,False,True,True,True,True,False
W00012,3,P046,xor,subtle,NOT_REPRESENTABLE,1.0,0.041666666666666664,False,False,False,False,False,False,False,False,False
W00012,3,P049,xor,faint,NOT_REPRESENTABLE,0.5,0.0,False,True,False,False,False,True,False,True,False
W00012,3,P052,xor,extremely_subtle,NOT_REPRESENTABLE,0.9166666666666666,0.08333333333333333,False,False,False,False,False,False,False,False,False
W00012,3,P055,delayed,obvious,NOT_REPRESENTABLE,1.0,0.3333333333333333,True,True,False,False,True,True,True,True,False
W00012,3,P056,delayed,moderate,NOT_REPRESENTABLE,1.0,0.08333333333333333,True,True,False,False,True,True,True,True,False
W00012,3,P057,delayed,subtle,NOT_REPRESENTABLE,0.5,0.0,False,False,False,False,False,False,False,False,False
W00012,3,P058,delayed,faint,UNDETECTABLE_IN_PRINCIPLE,0.125,0.041666666666666664,False,False,False,False,False,False,False,False,False
W00012,3,P059,delayed,extremely_subtle,UNDETECTABLE_IN_PRINCIPLE,0.375,0.0,False,False,False,False,False,False,False,False,False
W00012,3,P060,regime,obvious,UNDETECTABLE_IN_PRINCIPLE,0.0,0.0,False,False,False,False,False,False,False,False,False
W00012,3,P061,regime,moderate,UNDETECTABLE_IN_PRINCIPLE,0.0,0.125,False,True,False,False,False,False,False,False,False
W00012,3,P062,regime,subtle,UNDETECTABLE_IN_PRINCIPLE,0.0,0.0,False,True,False,False,False,True,False,True,False
W00012,3,P063,regime,faint,UNDETECTABLE_IN_PRINCIPLE,0.0,0.0,False,False,False,False,False,False,False,False,False
W00012,3,P064,regime,extremely_subtle,UNDETECTABLE_IN_PRINCIPLE,0.0,0.0,False,False,False,False,False,False,False,False,False
W00012,3,P065,changing,obvious,DETECTABLE,1.0,1.0,False,False,True,True,True,True,True,True,False
W00012,3,P066,changing,moderate,DETECTABLE,1.0,1.0,False,False,True,True,True,True,True,True,False
W00012,3,P067,changing,subtle,DETECTABLE,1.0,1.0,False,True,True,True,True,True,True,True,False
W00012,3,P068,changing,faint,DETECTABLE,0.5,0.5,False,False,True,True,True,True,True,True,False
W00012,3,P069,changing,extremely_subtle,DETECTABLE,0.8333333333333334,0.8333333333333334,False,True,True,True,True,True,True,True,False
W00012,3,P070,lifecycle,obvious,DETECTABLE,1.0,1.0,False,False,True,True,True,True,True,True,False
W00012,3,P071,lifecycle,moderate,DETECTABLE,1.0,1.0,False,True,True,True,True,True,True,True,False
W00012,3,P072,lifecycle,subtle,UNDETECTABLE_IN_PRINCIPLE,0.0,0.0,False,False,False,False,False,False,False,False,False
W00012,3,P073,lifecycle,faint,UNDETECTABLE_IN_PRINCIPLE,0.0,0.0,False,False,False,False,False,False,False,False,False
W00012,3,P074,lifecycle,extremely_subtle,UNDETECTABLE_IN_PRINCIPLE,0.2916666666666667,0.2916666666666667,False,False,False,False,False,False,False,False,False
W00014,2,P000,linear,obvious,DETECTABLE,1.0,1.0,False,False,True,True,True,True,True,True,False
W00014,2,P001,linear,moderate,DETECTABLE,1.0,1.0,False,False,True,True,True,True,True,True,False
W00014,2,P002,linear,subtle,DETECTABLE,0.9166666666666666,0.9166666666666666,False,False,True,True,True,True,True,True,False
W00014,2,P003,linear,faint,UNDETECTABLE_IN_PRINCIPLE,0.0,0.0,False,False,False,False,False,False,False,False,False
W00014,2,P004,linear,extremely_subtle,DETECTABLE,0.75,0.75,False,False,False,False,False,False,False,False,False
W00014,2,P005,rare,obvious,DETECTABLE,1.0,1.0,True,True,False,True,True,True,True,True,False
W00014,2,P006,rare,moderate,DETECTABLE,1.0,0.875,False,False,False,True,False,True,False,True,False
W00014,2,P007,rare,subtle,UNDETECTABLE_IN_PRINCIPLE,0.125,0.0,True,True,False,False,False,False,False,False,False
W00014,2,P008,rare,faint,NOT_REPRESENTABLE,0.5416666666666666,0.0,False,False,False,False,False,False,False,False,False
W00014,2,P009,rare,extremely_subtle,UNDETECTABLE_IN_PRINCIPLE,0.0,0.20833333333333334,False,False,False,True,False,True,False,True,False
W00014,2,P010,threshold,obvious,DETECTABLE,1.0,1.0,False,False,False,True,False,True,False,True,False
W00014,2,P011,threshold,moderate,DETECTABLE,1.0,0.75,False,False,False,True,False,True,False,True,False
W00014,2,P012,threshold,subtle,UNDETECTABLE_IN_PRINCIPLE,0.2916666666666667,0.041666666666666664,False,False,False,False,False,False,False,False,False
W00014,2,P013,threshold,faint,DETECTABLE,0.8333333333333334,0.7083333333333334,True,True,False,True,False,True,True,True,False
W00014,2,P014,threshold,extremely_subtle,UNDETECTABLE_IN_PRINCIPLE,0.0,0.0,False,False,False,False,False,False,False,False,False
W00014,2,P015,conditional,obvious,DETECTABLE,1.0,1.0,False,False,False,True,False,True,False,True,False
W00014,2,P017,conditional,moderate,DETECTABLE,1.0,1.0,False,False,False,True,False,True,False,True,False
W00014,2,P019,conditional,subtle,DETECTABLE,1.0,1.0,True,True,False,True,True,True,True,True,False
W00014,2,P021,conditional,faint,NOT_REPRESENTABLE,0.9166666666666666,0.25,False,False,False,False,False,False,False,False,False
W00014,2,P023,conditional,extremely_subtle,UNDETECTABLE_IN_PRINCIPLE,0.16666666666666666,0.0,False,False,False,False,False,False,False,False,False
W00014,2,P025,interactive,obvious,NOT_REPRESENTABLE,1.0,0.08333333333333333,True,True,False,False,True,True,True,True,False
W00014,2,P028,interactive,moderate,NOT_REPRESENTABLE,1.0,0.0,True,True,False,False,True,True,True,True,False
W00014,2,P031,interactive,subtle,NOT_REPRESENTABLE,1.0,0.0,True,True,False,False,True,True,True,True,False
W00014,2,P034,interactive,faint,NOT_REPRESENTABLE,0.875,0.0,False,False,False,False,False,False,False,False,False
W00014,2,P037,interactive,extremely_subtle,NOT_REPRESENTABLE,0.7916666666666666,0.041666666666666664,False,False,False,False,False,False,False,False,False
W00014,2,P040,xor,obvious,NOT_REPRESENTABLE,1.0,0.0,True,True,False,False,True,True,True,True,False
W00014,2,P043,xor,moderate,NOT_REPRESENTABLE,1.0,0.0,True,True,False,False,True,True,True,True,False
W00014,2,P046,xor,subtle,NOT_REPRESENTABLE,1.0,0.0,False,False,False,False,False,False,False,False,False
W00014,2,P049,xor,faint,NOT_REPRESENTABLE,1.0,0.0,False,False,False,False,False,False,False,False,False
W00014,2,P052,xor,extremely_subtle,NOT_REPRESENTABLE,0.8333333333333334,0.0,False,False,False,False,False,False,False,False,False
W00014,2,P055,delayed,obvious,DETECTABLE,1.0,0.8333333333333334,True,True,False,True,True,True,True,True,False
W00014,2,P056,delayed,moderate,NOT_REPRESENTABLE,1.0,0.08333333333333333,True,True,False,False,True,True,True,True,False
W00014,2,P057,delayed,subtle,NOT_REPRESENTABLE,0.7083333333333334,0.3333333333333333,False,True,False,False,False,True,False,True,False
W00014,2,P058,delayed,faint,UNDETECTABLE_IN_PRINCIPLE,0.08333333333333333,0.041666666666666664,False,False,False,False,False,False,False,False,False
W00014,2,P059,delayed,extremely_subtle,UNDETECTABLE_IN_PRINCIPLE,0.0,0.041666666666666664,False,False,False,False,False,False,False,False,False
W00014,2,P060,regime,obvious,DETECTABLE,1.0,1.0,False,False,False,True,False,True,False,True,False
W00014,2,P061,regime,moderate,DETECTABLE,1.0,1.0,False,False,False,True,False,True,False,True,False
W00014,2,P062,regime,subtle,DETECTABLE,1.0,1.0,False,False,False,True,False,True,False,True,False
W00014,2,P063,regime,faint,DETECTABLE,1.0,1.0,False,False,False,True,False,True,False,True,False
W00014,2,P064,regime,extremely_subtle,UNDETECTABLE_IN_PRINCIPLE,0.3333333333333333,0.3333333333333333,False,False,False,True,False,True,False,True,False
W00014,2,P065,changing,obvious,DETECTABLE,1.0,1.0,False,False,True,True,True,True,True,True,False
W00014,2,P066,changing,moderate,DETECTABLE,1.0,1.0,False,False,True,True,True,True,True,True,False
W00014,2,P067,changing,subtle,DETECTABLE,1.0,1.0,False,False,True,True,True,True,True,True,False
W00014,2,P068,changing,faint,DETECTABLE,1.0,1.0,False,True,True,True,True,True,True,True,False
W00014,2,P069,changing,extremely_subtle,UNDETECTABLE_IN_PRINCIPLE,0.041666666666666664,0.041666666666666664,False,True,False,False,False,True,False,True,False
W00014,2,P070,lifecycle,obvious,DETECTABLE,1.0,1.0,False,False,True,True,True,True,True,True,False
W00014,2,P071,lifecycle,moderate,DETECTABLE,1.0,1.0,False,False,True,True,True,True,True,True,False
W00014,2,P072,lifecycle,subtle,UNDETECTABLE_IN_PRINCIPLE,0.16666666666666666,0.16666666666666666,False,False,True,True,True,True,True,True,False
W00014,2,P073,lifecycle,faint,NOT_REPRESENTABLE,0.8333333333333334,0.0,False,True,False,False,False,True,False,True,False
W00014,2,P074,lifecycle,extremely_subtle,DETECTABLE,0.5,0.5,False,False,False,False,False,False,False,False,False
W00015,1,P000,linear,obvious,DETECTABLE,1.0,1.0,False,False,True,True,True,True,True,True,False
W00015,1,P001,linear,moderate,DETECTABLE,1.0,1.0,False,False,True,True,True,True,True,True,False
W00015,1,P002,linear,subtle,DETECTABLE,1.0,1.0,False,False,True,True,True,True,True,True,False
W00015,1,P003,linear,faint,DETECTABLE,0.8333333333333334,0.8333333333333334,False,False,True,True,True,True,True,True,False
W00015,1,P004,linear,extremely_subtle,UNDETECTABLE_IN_PRINCIPLE,0.041666666666666664,0.041666666666666664,False,False,False,False,False,False,False,False,False
W00015,1,P005,rare,obvious,DETECTABLE,1.0,0.9583333333333334,True,True,False,False,True,True,True,True,False
W00015,1,P006,rare,moderate,DETECTABLE,1.0,1.0,True,True,False,True,True,True,True,True,False
W00015,1,P007,rare,subtle,NOT_REPRESENTABLE,0.875,0.0,True,True,False,False,True,True,True,True,False
W00015,1,P008,rare,faint,UNDETECTABLE_IN_PRINCIPLE,0.0,0.0,False,False,False,False,False,False,False,False,False
W00015,1,P009,rare,extremely_subtle,NOT_REPRESENTABLE,0.75,0.25,False,True,False,False,False,False,False,False,False
W00015,1,P010,threshold,obvious,DETECTABLE,1.0,1.0,True,True,False,True,True,True,True,True,False
W00015,1,P011,threshold,moderate,DETECTABLE,1.0,1.0,False,False,False,True,False,True,False,True,False
W00015,1,P012,threshold,subtle,NOT_REPRESENTABLE,0.9583333333333334,0.041666666666666664,False,True,False,False,False,False,False,False,False
W00015,1,P013,threshold,faint,NOT_REPRESENTABLE,0.5,0.125,False,False,False,False,False,False,False,False,False
W00015,1,P014,threshold,extremely_subtle,UNDETECTABLE_IN_PRINCIPLE,0.375,0.0,False,True,False,False,False,False,False,False,False
W00015,1,P015,conditional,obvious,DETECTABLE,1.0,1.0,False,False,False,True,False,True,False,True,False
W00015,1,P017,conditional,moderate,DETECTABLE,1.0,1.0,False,False,False,True,False,True,False,True,False
W00015,1,P019,conditional,subtle,DETECTABLE,1.0,1.0,True,True,False,True,True,True,True,True,False
W00015,1,P021,conditional,faint,DETECTABLE,1.0,0.875,False,False,False,True,False,True,False,True,False
W00015,1,P023,conditional,extremely_subtle,UNDETECTABLE_IN_PRINCIPLE,0.08333333333333333,0.041666666666666664,False,False,False,False,False,False,False,False,False
W00015,1,P025,interactive,obvious,NOT_REPRESENTABLE,1.0,0.0,True,True,False,False,True,True,True,True,False
W00015,1,P028,interactive,moderate,NOT_REPRESENTABLE,1.0,0.0,True,True,False,False,True,True,True,True,False
W00015,1,P031,interactive,subtle,NOT_REPRESENTABLE,1.0,0.0,True,True,False,True,True,True,True,True,False
W00015,1,P034,interactive,faint,NOT_REPRESENTABLE,0.9583333333333334,0.0,False,False,False,False,False,False,False,False,False
W00015,1,P037,interactive,extremely_subtle,UNDETECTABLE_IN_PRINCIPLE,0.0,0.041666666666666664,False,False,False,False,False,False,False,False,False
W00015,1,P040,xor,obvious,NOT_REPRESENTABLE,1.0,0.0,True,True,False,False,True,True,True,True,False
W00015,1,P043,xor,moderate,NOT_REPRESENTABLE,1.0,0.0,True,True,False,False,True,True,True,True,False
W00015,1,P046,xor,subtle,NOT_REPRESENTABLE,1.0,0.0,True,True,False,False,True,True,True,True,False
W00015,1,P049,xor,faint,NOT_REPRESENTABLE,1.0,0.0,False,False,False,False,False,False,False,False,False
W00015,1,P052,xor,extremely_subtle,UNDETECTABLE_IN_PRINCIPLE,0.3333333333333333,0.0,False,False,False,True,False,True,False,True,False
W00015,1,P055,delayed,obvious,DETECTABLE,1.0,0.7916666666666666,True,True,False,True,True,True,True,True,False
W00015,1,P056,delayed,moderate,NOT_REPRESENTABLE,1.0,0.041666666666666664,True,True,False,True,True,True,True,True,False
W00015,1,P057,delayed,subtle,NOT_REPRESENTABLE,0.6666666666666666,0.0,True,True,False,False,True,True,True,True,False
W00015,1,P058,delayed,faint,UNDETECTABLE_IN_PRINCIPLE,0.375,0.0,False,False,False,False,False,False,False,False,False
W00015,1,P059,delayed,extremely_subtle,UNDETECTABLE_IN_PRINCIPLE,0.0,0.08333333333333333,False,False,False,False,False,False,False,False,False
W00015,1,P060,regime,obvious,UNDETECTABLE_IN_PRINCIPLE,0.0,0.0,False,True,False,False,False,False,False,False,False
W00015,1,P061,regime,moderate,UNDETECTABLE_IN_PRINCIPLE,0.0,0.0,False,True,False,False,False,True,False,True,False
W00015,1,P062,regime,subtle,UNDETECTABLE_IN_PRINCIPLE,0.0,0.0,False,False,False,False,False,False,False,False,False
W00015,1,P063,regime,faint,UNDETECTABLE_IN_PRINCIPLE,0.0,0.25,False,True,False,False,False,True,False,True,False
W00015,1,P064,regime,extremely_subtle,UNDETECTABLE_IN_PRINCIPLE,0.0,0.0,False,False,False,False,False,False,False,False,False
W00015,1,P065,changing,obvious,DETECTABLE,1.0,1.0,False,False,True,True,True,True,True,True,False
W00015,1,P066,changing,moderate,DETECTABLE,1.0,1.0,False,True,True,True,True,True,True,True,False
W00015,1,P067,changing,subtle,DETECTABLE,0.9583333333333334,0.9583333333333334,False,True,True,True,True,True,True,True,False
W00015,1,P068,changing,faint,UNDETECTABLE_IN_PRINCIPLE,0.375,0.375,False,False,False,False,False,False,False,False,False
W00015,1,P069,changing,extremely_subtle,UNDETECTABLE_IN_PRINCIPLE,0.041666666666666664,0.041666666666666664,False,False,False,False,False,False,False,False,False
W00015,1,P070,lifecycle,obvious,DETECTABLE,1.0,1.0,False,False,True,True,True,True,True,True,False
W00015,1,P071,lifecycle,moderate,DETECTABLE,1.0,1.0,False,False,True,True,True,True,True,True,False
W00015,1,P072,lifecycle,subtle,UNDETECTABLE_IN_PRINCIPLE,0.375,0.375,False,False,True,True,True,True,True,True,False
W00015,1,P073,lifecycle,faint,UNDETECTABLE_IN_PRINCIPLE,0.0,0.0,False,False,False,False,False,False,False,False,False
W00015,1,P074,lifecycle,extremely_subtle,DETECTABLE,0.6666666666666666,0.6666666666666666,False,False,False,False,False,False,False,False,False
W00016,2,P000,linear,obvious,DETECTABLE,1.0,1.0,False,False,True,True,True,True,True,True,False
W00016,2,P001,linear,moderate,DETECTABLE,1.0,1.0,False,True,True,True,True,True,True,True,False
W00016,2,P002,linear,subtle,DETECTABLE,0.9583333333333334,0.9583333333333334,False,True,True,True,True,True,True,True,False
W00016,2,P003,linear,faint,DETECTABLE,0.6666666666666666,0.6666666666666666,False,False,False,False,False,False,False,False,False
W00016,2,P004,linear,extremely_subtle,DETECTABLE,0.625,0.625,False,False,False,False,False,False,False,False,False
W00016,2,P005,rare,obvious,NOT_REPRESENTABLE,1.0,0.08333333333333333,True,True,False,False,True,True,True,True,False
W00016,2,P006,rare,moderate,DETECTABLE,1.0,0.9166666666666666,True,True,False,True,True,True,True,True,False
W00016,2,P007,rare,subtle,NOT_REPRESENTABLE,0.9583333333333334,0.0,True,True,False,False,True,True,True,True,False
W00016,2,P008,rare,faint,UNDETECTABLE_IN_PRINCIPLE,0.0,0.0,False,True,False,False,False,True,False,True,False
W00016,2,P009,rare,extremely_subtle,UNDETECTABLE_IN_PRINCIPLE,0.125,0.041666666666666664,False,False,False,True,False,True,False,True,False
W00016,2,P010,threshold,obvious,DETECTABLE,1.0,1.0,False,False,False,True,False,True,False,True,False
W00016,2,P011,threshold,moderate,DETECTABLE,1.0,0.875,False,True,False,True,False,True,False,True,False
W00016,2,P012,threshold,subtle,UNDETECTABLE_IN_PRINCIPLE,0.4166666666666667,0.5416666666666666,False,False,False,True,False,True,False,True,False
W00016,2,P013,threshold,faint,NOT_REPRESENTABLE,0.9166666666666666,0.125,False,False,False,False,False,False,False,False,False
W00016,2,P014,threshold,extremely_subtle,UNDETECTABLE_IN_PRINCIPLE,0.0,0.08333333333333333,True,True,False,False,True,True,True,True,False
W00016,2,P015,conditional,obvious,DETECTABLE,1.0,1.0,False,False,False,True,False,True,False,True,False
W00016,2,P017,conditional,moderate,DETECTABLE,1.0,1.0,False,False,False,True,False,True,False,True,False
W00016,2,P019,conditional,subtle,DETECTABLE,1.0,1.0,True,True,False,True,True,True,True,True,False
W00016,2,P021,conditional,faint,DETECTABLE,0.8333333333333334,0.9166666666666666,False,True,False,True,False,True,False,True,False
W00016,2,P023,conditional,extremely_subtle,UNDETECTABLE_IN_PRINCIPLE,0.4583333333333333,0.375,False,False,False,False,False,False,False,False,False
W00016,2,P025,interactive,obvious,NOT_REPRESENTABLE,1.0,0.20833333333333334,True,True,False,False,True,True,True,True,False
W00016,2,P028,interactive,moderate,NOT_REPRESENTABLE,1.0,0.0,True,True,False,False,True,True,True,True,False
W00016,2,P031,interactive,subtle,NOT_REPRESENTABLE,1.0,0.0,True,True,False,False,True,True,True,True,False
W00016,2,P034,interactive,faint,NOT_REPRESENTABLE,1.0,0.4166666666666667,False,False,False,False,False,False,False,False,False
W00016,2,P037,interactive,extremely_subtle,UNDETECTABLE_IN_PRINCIPLE,0.4583333333333333,0.0,False,False,False,False,False,False,False,False,False
W00016,2,P040,xor,obvious,NOT_REPRESENTABLE,1.0,0.0,True,True,False,False,True,True,True,True,False
W00016,2,P043,xor,moderate,NOT_REPRESENTABLE,1.0,0.0,True,True,False,True,True,True,True,True,False
W00016,2,P046,xor,subtle,NOT_REPRESENTABLE,1.0,0.0,False,True,False,False,False,True,False,True,False
W00016,2,P049,xor,faint,NOT_REPRESENTABLE,0.9166666666666666,0.08333333333333333,False,False,False,False,False,False,False,False,False
W00016,2,P052,xor,extremely_subtle,UNDETECTABLE_IN_PRINCIPLE,0.20833333333333334,0.0,False,False,False,False,False,False,False,False,False
W00016,2,P055,delayed,obvious,DETECTABLE,1.0,0.6666666666666666,True,True,False,True,True,True,True,True,False
W00016,2,P056,delayed,moderate,NOT_REPRESENTABLE,1.0,0.25,True,True,False,True,True,True,True,True,False
W00016,2,P057,delayed,subtle,DETECTABLE,0.9583333333333334,0.5,False,False,False,False,False,False,False,False,False
W00016,2,P058,delayed,faint,UNDETECTABLE_IN_PRINCIPLE,0.375,0.16666666666666666,False,False,False,False,False,False,False,False,False
W00016,2,P059,delayed,extremely_subtle,UNDETECTABLE_IN_PRINCIPLE,0.16666666666666666,0.041666666666666664,False,False,False,False,False,False,False,False,False
W00016,2,P060,regime,obvious,UNDETECTABLE_IN_PRINCIPLE,0.0,0.041666666666666664,False,False,False,False,False,False,False,False,False
W00016,2,P061,regime,moderate,UNDETECTABLE_IN_PRINCIPLE,0.0,0.5833333333333334,False,False,False,False,False,False,False,False,False
W00016,2,P062,regime,subtle,UNDETECTABLE_IN_PRINCIPLE,0.0,0.0,False,False,False,False,False,False,False,False,False
W00016,2,P063,regime,faint,UNDETECTABLE_IN_PRINCIPLE,0.0,0.0,False,False,False,False,False,False,False,False,False
W00016,2,P064,regime,extremely_subtle,UNDETECTABLE_IN_PRINCIPLE,0.0,0.0,False,False,False,False,False,False,False,False,False
W00016,2,P065,changing,obvious,DETECTABLE,1.0,1.0,False,False,True,True,True,True,True,True,False
W00016,2,P066,changing,moderate,DETECTABLE,1.0,1.0,False,False,True,True,True,True,True,True,False
W00016,2,P067,changing,subtle,DETECTABLE,1.0,1.0,False,True,True,True,True,True,True,True,False
W00016,2,P068,changing,faint,UNDETECTABLE_IN_PRINCIPLE,0.0,0.0,False,False,False,False,False,False,False,False,False
W00016,2,P069,changing,extremely_subtle,UNDETECTABLE_IN_PRINCIPLE,0.0,0.0,False,False,False,False,False,False,False,False,False
W00016,2,P070,lifecycle,obvious,DETECTABLE,1.0,1.0,False,False,True,True,True,True,True,True,False
W00016,2,P071,lifecycle,moderate,DETECTABLE,1.0,1.0,False,True,True,True,True,True,True,True,False
W00016,2,P072,lifecycle,subtle,UNDETECTABLE_IN_PRINCIPLE,0.041666666666666664,0.041666666666666664,False,False,False,False,False,False,False,False,False
W00016,2,P073,lifecycle,faint,UNDETECTABLE_IN_PRINCIPLE,0.0,0.0,False,True,False,False,False,True,False,True,False
W00016,2,P074,lifecycle,extremely_subtle,UNDETECTABLE_IN_PRINCIPLE,0.16666666666666666,0.20833333333333334,False,False,False,False,False,False,False,False,False
W00017,3,P000,linear,obvious,DETECTABLE,1.0,1.0,False,False,True,True,True,True,True,True,False
W00017,3,P001,linear,moderate,DETECTABLE,1.0,1.0,False,False,True,True,True,True,True,True,False
W00017,3,P002,linear,subtle,DETECTABLE,0.8333333333333334,0.8333333333333334,False,False,True,True,True,True,True,True,False
W00017,3,P003,linear,faint,DETECTABLE,0.8333333333333334,0.8333333333333334,False,True,False,False,False,True,False,True,False
W00017,3,P004,linear,extremely_subtle,DETECTABLE,0.5833333333333334,0.5833333333333334,False,False,False,False,False,False,False,False,False
W00017,3,P005,rare,obvious,NOT_REPRESENTABLE,1.0,0.125,True,True,False,False,True,True,True,True,False
W00017,3,P006,rare,moderate,NOT_REPRESENTABLE,1.0,0.0,False,True,False,False,False,True,False,True,False
W00017,3,P007,rare,subtle,UNDETECTABLE_IN_PRINCIPLE,0.4166666666666667,0.041666666666666664,False,True,False,False,False,False,False,False,False
W00017,3,P008,rare,faint,NOT_REPRESENTABLE,0.5833333333333334,0.125,False,False,False,False,False,False,False,False,False
W00017,3,P009,rare,extremely_subtle,NOT_REPRESENTABLE,0.875,0.125,False,False,False,False,False,False,False,False,False
W00017,3,P010,threshold,obvious,DETECTABLE,1.0,1.0,True,True,False,True,True,True,True,True,False
W00017,3,P011,threshold,moderate,DETECTABLE,0.9583333333333334,0.875,False,True,False,True,False,True,False,True,False
W00017,3,P012,threshold,subtle,DETECTABLE,0.8333333333333334,0.5833333333333334,True,True,False,True,True,True,True,True,False
W00017,3,P013,threshold,faint,UNDETECTABLE_IN_PRINCIPLE,0.20833333333333334,0.0,False,False,False,False,False,False,False,False,False
W00017,3,P014,threshold,extremely_subtle,UNDETECTABLE_IN_PRINCIPLE,0.08333333333333333,0.0,False,False,False,False,False,False,False,False,False
W00017,3,P015,conditional,obvious,DETECTABLE,1.0,1.0,False,False,False,True,False,True,False,True,False
W00017,3,P017,conditional,moderate,DETECTABLE,1.0,1.0,True,True,False,True,True,True,True,True,False
W00017,3,P019,conditional,subtle,DETECTABLE,1.0,1.0,True,True,False,True,True,True,True,True,False
W00017,3,P021,conditional,faint,DETECTABLE,0.9166666666666666,0.9583333333333334,False,True,False,True,False,True,False,True,False
W00017,3,P023,conditional,extremely_subtle,UNDETECTABLE_IN_PRINCIPLE,0.0,0.08333333333333333,False,True,False,False,False,True,False,True,False
W00017,3,P025,interactive,obvious,NOT_REPRESENTABLE,1.0,0.041666666666666664,True,True,False,False,True,True,True,True,False
W00017,3,P028,interactive,moderate,NOT_REPRESENTABLE,1.0,0.2916666666666667,True,True,False,False,True,True,True,True,False
W00017,3,P031,interactive,subtle,NOT_REPRESENTABLE,1.0,0.0,True,True,False,False,True,True,True,True,False
W00017,3,P034,interactive,faint,NOT_REPRESENTABLE,0.875,0.041666666666666664,False,False,False,True,False,True,False,True,False
W00017,3,P037,interactive,extremely_subtle,UNDETECTABLE_IN_PRINCIPLE,0.041666666666666664,0.0,False,False,False,False,False,False,False,False,False
W00017,3,P040,xor,obvious,NOT_REPRESENTABLE,1.0,0.041666666666666664,True,True,False,False,True,True,True,True,False
W00017,3,P043,xor,moderate,NOT_REPRESENTABLE,1.0,0.0,True,True,False,False,True,True,True,True,False
W00017,3,P046,xor,subtle,UNDETECTABLE_IN_PRINCIPLE,0.375,0.0,False,False,False,False,False,False,False,False,False
W00017,3,P049,xor,faint,NOT_REPRESENTABLE,0.9583333333333334,0.0,False,False,False,False,False,False,False,False,False
W00017,3,P052,xor,extremely_subtle,UNDETECTABLE_IN_PRINCIPLE,0.0,0.0,False,False,False,True,False,True,False,True,False
W00017,3,P055,delayed,obvious,NOT_REPRESENTABLE,1.0,0.0,True,True,False,False,True,True,True,True,False
W00017,3,P056,delayed,moderate,DETECTABLE,1.0,0.9583333333333334,False,False,False,True,False,True,False,True,False
W00017,3,P057,delayed,subtle,NOT_REPRESENTABLE,1.0,0.041666666666666664,False,False,False,False,False,False,False,False,False
W00017,3,P058,delayed,faint,UNDETECTABLE_IN_PRINCIPLE,0.041666666666666664,0.20833333333333334,False,False,False,False,False,False,False,False,False
W00017,3,P059,delayed,extremely_subtle,NOT_REPRESENTABLE,0.5,0.20833333333333334,False,False,False,False,False,False,False,False,False
W00017,3,P060,regime,obvious,UNDETECTABLE_IN_PRINCIPLE,0.0,0.08333333333333333,False,False,False,False,False,False,False,False,False
W00017,3,P061,regime,moderate,UNDETECTABLE_IN_PRINCIPLE,0.0,0.0,False,False,False,False,False,False,False,False,False
W00017,3,P062,regime,subtle,UNDETECTABLE_IN_PRINCIPLE,0.0,0.0,False,False,False,False,False,False,False,False,False
W00017,3,P063,regime,faint,UNDETECTABLE_IN_PRINCIPLE,0.0,0.0,False,False,False,False,False,False,False,False,False
W00017,3,P064,regime,extremely_subtle,UNDETECTABLE_IN_PRINCIPLE,0.0,0.0,False,True,False,False,False,False,False,False,False
W00017,3,P065,changing,obvious,DETECTABLE,1.0,1.0,False,False,True,True,True,True,True,True,False
W00017,3,P066,changing,moderate,DETECTABLE,1.0,1.0,False,True,True,True,True,True,True,True,False
W00017,3,P067,changing,subtle,UNDETECTABLE_IN_PRINCIPLE,0.08333333333333333,0.08333333333333333,False,False,False,False,False,False,False,False,False
W00017,3,P068,changing,faint,UNDETECTABLE_IN_PRINCIPLE,0.041666666666666664,0.041666666666666664,False,True,False,False,False,True,False,True,False
W00017,3,P069,changing,extremely_subtle,UNDETECTABLE_IN_PRINCIPLE,0.0,0.0,False,False,False,False,False,False,False,False,False
W00017,3,P070,lifecycle,obvious,DETECTABLE,1.0,1.0,False,True,True,True,True,True,True,True,False
W00017,3,P071,lifecycle,moderate,DETECTABLE,1.0,1.0,False,True,True,True,True,True,True,True,False
W00017,3,P072,lifecycle,subtle,DETECTABLE,1.0,1.0,False,False,True,True,True,True,True,True,False
W00017,3,P073,lifecycle,faint,UNDETECTABLE_IN_PRINCIPLE,0.0,0.0,False,False,False,False,False,False,False,False,False
W00017,3,P074,lifecycle,extremely_subtle,UNDETECTABLE_IN_PRINCIPLE,0.08333333333333333,0.08333333333333333,False,True,True,True,True,True,True,True,False
W00019,1,P000,linear,obvious,DETECTABLE,1.0,1.0,False,False,True,True,True,True,True,True,False
W00019,1,P001,linear,moderate,DETECTABLE,1.0,1.0,False,False,True,True,True,True,True,True,False
W00019,1,P002,linear,subtle,DETECTABLE,1.0,1.0,False,False,True,True,True,True,True,True,False
W00019,1,P003,linear,faint,DETECTABLE,1.0,1.0,False,True,True,True,True,True,True,True,False
W00019,1,P004,linear,extremely_subtle,UNDETECTABLE_IN_PRINCIPLE,0.0,0.0,False,False,False,False,False,False,False,False,False
W00019,1,P005,rare,obvious,DETECTABLE,1.0,0.9166666666666666,True,True,False,True,True,True,True,True,False
W00019,1,P006,rare,moderate,NOT_REPRESENTABLE,1.0,0.125,True,True,False,True,True,True,True,True,False
W00019,1,P007,rare,subtle,NOT_REPRESENTABLE,0.9583333333333334,0.20833333333333334,True,True,False,True,True,True,True,True,False
W00019,1,P008,rare,faint,NOT_REPRESENTABLE,0.8333333333333334,0.0,False,False,False,True,False,True,False,True,False
W00019,1,P009,rare,extremely_subtle,UNDETECTABLE_IN_PRINCIPLE,0.08333333333333333,0.0,False,True,False,False,False,False,False,False,False
W00019,1,P010,threshold,obvious,DETECTABLE,1.0,1.0,True,True,False,True,True,True,True,True,False
W00019,1,P011,threshold,moderate,DETECTABLE,1.0,1.0,False,True,False,True,False,True,False,True,False
W00019,1,P012,threshold,subtle,UNDETECTABLE_IN_PRINCIPLE,0.08333333333333333,0.25,True,True,False,False,False,False,True,True,False
W00019,1,P013,threshold,faint,UNDETECTABLE_IN_PRINCIPLE,0.2916666666666667,0.3333333333333333,False,False,False,False,False,False,False,False,False
W00019,1,P014,threshold,extremely_subtle,UNDETECTABLE_IN_PRINCIPLE,0.0,0.0,False,False,False,False,False,False,False,False,False
W00019,1,P015,conditional,obvious,DETECTABLE,1.0,1.0,False,False,False,True,False,True,False,True,False
W00019,1,P017,conditional,moderate,DETECTABLE,1.0,1.0,False,False,False,True,False,True,False,True,False
W00019,1,P019,conditional,subtle,DETECTABLE,1.0,1.0,False,False,False,True,False,True,False,True,False
W00019,1,P021,conditional,faint,DETECTABLE,0.7083333333333334,1.0,False,False,False,True,False,True,False,True,False
W00019,1,P023,conditional,extremely_subtle,UNDETECTABLE_IN_PRINCIPLE,0.0,0.0,False,False,False,False,False,False,False,False,False
W00019,1,P025,interactive,obvious,NOT_REPRESENTABLE,1.0,0.0,True,True,False,False,True,True,True,True,False
W00019,1,P028,interactive,moderate,NOT_REPRESENTABLE,1.0,0.0,True,True,False,False,True,True,True,True,False
W00019,1,P031,interactive,subtle,NOT_REPRESENTABLE,1.0,0.0,True,True,False,False,True,True,True,True,False
W00019,1,P034,interactive,faint,NOT_REPRESENTABLE,1.0,0.0,True,True,False,False,True,True,True,True,False
W00019,1,P037,interactive,extremely_subtle,NOT_REPRESENTABLE,0.75,0.0,False,False,False,False,False,False,False,False,False
W00019,1,P040,xor,obvious,NOT_REPRESENTABLE,1.0,0.0,True,True,False,False,True,True,True,True,False
W00019,1,P043,xor,moderate,NOT_REPRESENTABLE,1.0,0.0,True,True,False,False,True,True,True,True,False
W00019,1,P046,xor,subtle,NOT_REPRESENTABLE,1.0,0.0,True,True,False,False,True,True,True,True,False
W00019,1,P049,xor,faint,NOT_REPRESENTABLE,0.9583333333333334,0.0,False,False,False,False,False,False,False,False,False
W00019,1,P052,xor,extremely_subtle,UNDETECTABLE_IN_PRINCIPLE,0.25,0.0,False,False,False,True,False,True,False,True,False
W00019,1,P055,delayed,obvious,NOT_REPRESENTABLE,1.0,0.20833333333333334,True,True,False,True,True,True,True,True,False
W00019,1,P056,delayed,moderate,NOT_REPRESENTABLE,1.0,0.375,True,True,False,False,True,True,True,True,False
W00019,1,P057,delayed,subtle,NOT_REPRESENTABLE,0.9166666666666666,0.0,True,True,False,False,True,True,True,True,False
W00019,1,P058,delayed,faint,NOT_REPRESENTABLE,0.7083333333333334,0.4166666666666667,False,False,False,False,False,False,False,False,False
W00019,1,P059,delayed,extremely_subtle,UNDETECTABLE_IN_PRINCIPLE,0.16666666666666666,0.0,False,False,False,False,False,False,False,False,False
W00019,1,P060,regime,obvious,DETECTABLE,1.0,1.0,True,True,False,True,False,True,False,True,False
W00019,1,P061,regime,moderate,DETECTABLE,1.0,1.0,True,True,False,True,True,True,True,True,False
W00019,1,P062,regime,subtle,DETECTABLE,1.0,1.0,True,True,False,True,True,True,True,True,False
W00019,1,P063,regime,faint,DETECTABLE,1.0,1.0,False,False,False,True,False,True,False,True,False
W00019,1,P064,regime,extremely_subtle,UNDETECTABLE_IN_PRINCIPLE,0.375,0.125,False,False,False,False,False,False,False,False,False
W00019,1,P065,changing,obvious,DETECTABLE,1.0,1.0,False,False,True,True,True,True,True,True,False
W00019,1,P066,changing,moderate,DETECTABLE,1.0,1.0,False,False,True,True,True,True,True,True,False
W00019,1,P067,changing,subtle,DETECTABLE,0.875,0.875,False,False,True,True,True,True,True,True,False
W00019,1,P068,changing,faint,UNDETECTABLE_IN_PRINCIPLE,0.0,0.0,False,False,False,False,False,False,False,False,False
W00019,1,P069,changing,extremely_subtle,UNDETECTABLE_IN_PRINCIPLE,0.08333333333333333,0.08333333333333333,False,False,False,False,False,False,False,False,False
W00019,1,P070,lifecycle,obvious,DETECTABLE,1.0,1.0,False,False,True,True,True,True,True,True,False
W00019,1,P071,lifecycle,moderate,DETECTABLE,1.0,1.0,False,False,True,True,True,True,True,True,False
W00019,1,P072,lifecycle,subtle,UNDETECTABLE_IN_PRINCIPLE,0.4583333333333333,0.4583333333333333,False,False,True,True,True,True,True,True,False
W00019,1,P073,lifecycle,faint,UNDETECTABLE_IN_PRINCIPLE,0.0,0.0,False,False,False,False,False,False,False,False,False
W00019,1,P074,lifecycle,extremely_subtle,UNDETECTABLE_IN_PRINCIPLE,0.041666666666666664,0.041666666666666664,False,False,False,False,False,False,False,False,False
