variant,k,t_pre,recall_true,recall_any,recall_before,recall_not_repr_true,proposed_true,uncapped_true,proposed_per_world,raised_per_world,composites_raised_per_world,false_composites_per_world,null_raised_per_world,null_composites_per_world,scanned_per_look
singles,0,0.0,0.26229508196721313,0.5971896955503513,0.5971896955503513,0.0,0.0,,0.0,86.5,0.0,0.0,65.33333333333333,0.0,
all,1,2.0,0.41217798594847777,0.7049180327868853,0.5971896955503513,0.22099447513812154,0.15456674473067916,0.41217798594847777,14.714285714285714,98.78571428571429,12.285714285714286,5.285714285714286,81.66666666666667,16.333333333333332,727126.5
all,1,2.5,0.41217798594847777,0.7049180327868853,0.5971896955503513,0.22099447513812154,0.15456674473067916,0.41217798594847777,14.714285714285714,98.78571428571429,12.285714285714286,5.285714285714286,81.66666666666667,16.333333333333332,727126.5
all,1,3.0,0.41217798594847777,0.7049180327868853,0.5971896955503513,0.22099447513812154,0.15456674473067916,0.41217798594847777,14.714285714285714,98.78571428571429,12.285714285714286,5.285714285714286,81.66666666666667,16.333333333333332,727126.5
all,1,4.0,0.4098360655737705,0.7049180327868853,0.5971896955503513,0.2154696132596685,0.14988290398126464,0.4098360655737705,11.5,97.07142857142857,10.571428571428571,3.7857142857142856,78.66666666666667,13.333333333333334,727126.5
all,2,2.0,0.522248243559719,0.775175644028103,0.5971896955503513,0.430939226519337,0.26697892271662765,0.522248243559719,31.5,110.92857142857143,24.642857142857142,11.785714285714286,100.33333333333333,35.0,727126.5
all,2,2.5,0.522248243559719,0.775175644028103,0.5971896955503513,0.430939226519337,0.26697892271662765,0.522248243559719,31.5,110.92857142857143,24.642857142857142,11.785714285714286,100.33333333333333,35.0,727126.5
all,2,3.0,0.522248243559719,0.775175644028103,0.5971896955503513,0.430939226519337,0.26697892271662765,0.522248243559719,31.285714285714285,110.78571428571429,24.5,11.714285714285714,100.33333333333333,35.0,727126.5
all,2,4.0,0.5128805620608899,0.7728337236533958,0.5971896955503513,0.4198895027624309,0.2529274004683841,0.5128805620608899,22.285714285714285,106.14285714285714,19.785714285714285,7.714285714285714,93.66666666666667,28.333333333333332,727126.5
all,4,2.0,0.5807962529274004,0.8056206088992974,0.5971896955503513,0.5082872928176796,0.3255269320843091,0.5807962529274004,68.42857142857143,137.0,51.07142857142857,31.0,128.0,62.666666666666664,727126.5
all,4,2.5,0.5807962529274004,0.8056206088992974,0.5971896955503513,0.5082872928176796,0.3255269320843091,0.5807962529274004,68.42857142857143,137.0,51.07142857142857,31.0,128.0,62.666666666666664,727126.5
all,4,3.0,0.5807962529274004,0.8056206088992974,0.5971896955503513,0.5082872928176796,0.3255269320843091,0.5807962529274004,67.42857142857143,136.42857142857142,50.5,30.5,128.0,62.666666666666664,727126.5
all,4,4.0,0.5550351288056206,0.7985948477751756,0.5971896955503513,0.4861878453038674,0.297423887587822,0.5550351288056206,43.642857142857146,124.14285714285714,38.07142857142857,20.5,114.33333333333333,49.0,727126.5
all,8,2.0,0.6276346604215457,0.8337236533957846,0.5971896955503513,0.569060773480663,0.3747072599531616,0.629976580796253,148.71428571428572,183.5,100.14285714285714,70.85714285714286,180.33333333333334,115.0,727126.5
all,8,2.5,0.6276346604215457,0.8337236533957846,0.5971896955503513,0.569060773480663,0.3747072599531616,0.629976580796253,148.71428571428572,183.5,100.14285714285714,70.85714285714286,180.33333333333334,115.0,727126.5
all,8,3.0,0.6276346604215457,0.8337236533957846,0.5971896955503513,0.569060773480663,0.3747072599531616,0.629976580796253,141.78571428571428,181.85714285714286,98.28571428571429,69.28571428571429,179.66666666666666,114.33333333333333,727126.5
all,8,4.0,0.5784543325526932,0.8149882903981265,0.5971896955503513,0.5082872928176796,0.3231850117096019,0.5807962529274004,86.07142857142857,156.71428571428572,72.28571428571429,48.42857142857143,154.0,88.66666666666667,727126.5
all,12,2.0,0.6557377049180327,0.8548009367681498,0.5971896955503513,0.5966850828729282,0.40749414519906324,0.65807962529274,231.07142857142858,226.0,144.5,107.78571428571429,219.66666666666666,154.33333333333334,727126.5
all,12,2.5,0.6557377049180327,0.8548009367681498,0.5971896955503513,0.5966850828729282,0.40749414519906324,0.65807962529274,230.92857142857142,225.92857142857142,144.42857142857142,107.71428571428571,219.66666666666666,154.33333333333334,727126.5
all,12,3.0,0.6557377049180327,0.8548009367681498,0.5971896955503513,0.5966850828729282,0.40749414519906324,0.65807962529274,206.07142857142858,218.92857142857142,137.28571428571428,101.42857142857143,216.33333333333334,151.0,727126.5
all,12,4.0,0.5925058548009368,0.8290398126463701,0.5971896955503513,0.5248618784530387,0.3372365339578454,0.594847775175644,126.92857142857143,184.42857142857142,101.78571428571429,73.0,181.33333333333334,116.0,727126.5
all,20,2.0,0.6768149882903981,0.8805620608899297,0.5971896955503513,0.6353591160220995,0.4449648711943794,0.6885245901639344,381.35714285714283,295.07142857142856,215.57142857142858,169.78571428571428,273.3333333333333,212.66666666666666,727126.5
all,20,2.5,0.6768149882903981,0.8805620608899297,0.5971896955503513,0.6353591160220995,0.4449648711943794,0.6885245901639344,379.2857142857143,294.14285714285717,214.64285714285714,168.85714285714286,273.3333333333333,212.66666666666666,727126.5
all,20,3.0,0.6768149882903981,0.8782201405152225,0.5971896955503513,0.6353591160220995,0.44028103044496486,0.6885245901639344,294.35714285714283,270.35714285714283,190.78571428571428,146.85714285714286,259.0,198.33333333333334,727126.5
all,20,4.0,0.6065573770491803,0.8548009367681498,0.5971896955503513,0.5524861878453039,0.3559718969555035,0.6135831381733021,179.57142857142858,217.35714285714286,137.07142857142858,101.42857142857143,202.0,137.33333333333334,727126.5
early,1,2.0,0.405152224824356,0.6908665105386417,0.5971896955503513,0.20994475138121546,0.14988290398126464,0.405152224824356,24.714285714285715,94.0,7.5,1.0714285714285714,68.33333333333333,3.0,725535.4285714285
early,1,2.5,0.405152224824356,0.6908665105386417,0.5971896955503513,0.20994475138121546,0.14988290398126464,0.405152224824356,24.714285714285715,94.0,7.5,1.0714285714285714,68.33333333333333,3.0,725535.4285714285
early,1,3.0,0.405152224824356,0.6908665105386417,0.5971896955503513,0.20994475138121546,0.14988290398126464,0.405152224824356,24.714285714285715,94.0,7.5,1.0714285714285714,68.33333333333333,3.0,725535.4285714285
early,1,4.0,0.3981264637002342,0.6908665105386417,0.5971896955503513,0.20994475138121546,0.1405152224824356,0.3981264637002342,17.5,93.14285714285714,6.642857142857143,0.7142857142857143,68.0,2.6666666666666665,725535.4285714285
early,2,2.0,0.4519906323185012,0.7189695550351288,0.5971896955503513,0.287292817679558,0.19437939110070257,0.4519906323185012,53.42857142857143,98.92857142857143,12.428571428571429,3.2142857142857144,71.66666666666667,6.333333333333333,725535.4285714285
early,2,2.5,0.4519906323185012,0.7189695550351288,0.5971896955503513,0.287292817679558,0.19437939110070257,0.4519906323185012,53.42857142857143,98.92857142857143,12.428571428571429,3.2142857142857144,71.66666666666667,6.333333333333333,725535.4285714285
early,2,3.0,0.4519906323185012,0.7189695550351288,0.5971896955503513,0.287292817679558,0.19437939110070257,0.4519906323185012,53.42857142857143,98.92857142857143,12.428571428571429,3.2142857142857144,71.66666666666667,6.333333333333333,725535.4285714285
early,2,4.0,0.44028103044496486,0.7166276346604216,0.5971896955503513,0.27624309392265195,0.18266978922716628,0.44028103044496486,34.214285714285715,97.28571428571429,10.785714285714286,2.5714285714285716,70.33333333333333,5.0,725535.4285714285
early,4,2.0,0.48009367681498827,0.7353629976580797,0.5971896955503513,0.3259668508287293,0.23653395784543327,0.48009367681498827,112.92857142857143,105.07142857142857,18.571428571428573,6.0,73.66666666666667,8.333333333333334,725535.4285714285
early,4,2.5,0.48009367681498827,0.7353629976580797,0.5971896955503513,0.3259668508287293,0.23653395784543327,0.48009367681498827,112.92857142857143,105.07142857142857,18.571428571428573,6.0,73.66666666666667,8.333333333333334,725535.4285714285
early,4,3.0,0.48009367681498827,0.7353629976580797,0.5971896955503513,0.3259668508287293,0.23653395784543327,0.48009367681498827,112.85714285714286,105.07142857142857,18.571428571428573,6.0,73.66666666666667,8.333333333333334,725535.4285714285
early,4,4.0,0.45901639344262296,0.7259953161592506,0.5971896955503513,0.2983425414364641,0.20608899297423888,0.45901639344262296,63.785714285714285,101.07142857142857,14.571428571428571,4.071428571428571,71.0,5.666666666666667,725535.4285714285
early,8,2.0,0.5152224824355972,0.7494145199063232,0.5971896955503513,0.3701657458563536,0.2716627634660422,0.5152224824355972,233.78571428571428,114.5,28.071428571428573,11.214285714285714,81.33333333333333,16.0,725535.4285714285
early,8,2.5,0.5152224824355972,0.7494145199063232,0.5971896955503513,0.3701657458563536,0.2716627634660422,0.5152224824355972,233.78571428571428,114.5,28.071428571428573,11.214285714285714,81.33333333333333,16.0,725535.4285714285
early,8,3.0,0.5152224824355972,0.7494145199063232,0.5971896955503513,0.3701657458563536,0.2716627634660422,0.5152224824355972,228.71428571428572,114.28571428571429,27.857142857142858,11.0,80.66666666666667,15.333333333333334,725535.4285714285
early,8,4.0,0.477751756440281,0.7377049180327869,0.5971896955503513,0.3259668508287293,0.22482435597189696,0.477751756440281,118.14285714285714,105.0,18.5,5.5,75.0,9.666666666666666,725535.4285714285
early,12,2.0,0.550351288056206,0.7681498829039812,0.5971896955503513,0.4198895027624309,0.30679156908665106,0.550351288056206,353.0,122.21428571428571,35.857142857142854,15.0,87.66666666666667,22.333333333333332,725535.4285714285
early,12,2.5,0.550351288056206,0.7681498829039812,0.5971896955503513,0.4198895027624309,0.30679156908665106,0.550351288056206,353.0,122.21428571428571,35.857142857142854,15.0,87.66666666666667,22.333333333333332,725535.4285714285
early,12,3.0,0.5409836065573771,0.7634660421545667,0.5971896955503513,0.4143646408839779,0.2997658079625293,0.5409836065573771,324.42857142857144,120.71428571428571,34.357142857142854,14.071428571428571,86.33333333333333,21.0,725535.4285714285
early,12,4.0,0.49414519906323184,0.7494145199063232,0.5971896955503513,0.36464088397790057,0.24121779859484777,0.49414519906323184,173.0,107.92857142857143,21.571428571428573,6.642857142857143,77.33333333333333,12.0,725535.4285714285
early,20,2.0,0.5901639344262295,0.7775175644028103,0.5971896955503513,0.4419889502762431,0.351288056206089,0.5901639344262295,589.6428571428571,136.07142857142858,49.857142857142854,23.571428571428573,99.66666666666667,34.333333333333336,725535.4285714285
early,20,2.5,0.5901639344262295,0.7775175644028103,0.5971896955503513,0.4419889502762431,0.351288056206089,0.5901639344262295,589.5714285714286,136.07142857142858,49.857142857142854,23.571428571428573,99.66666666666667,34.333333333333336,725535.4285714285
early,20,3.0,0.5573770491803278,0.7704918032786885,0.5971896955503513,0.43646408839779005,0.3185011709601874,0.5573770491803278,458.57142857142856,128.85714285714286,42.57142857142857,18.785714285714285,95.0,29.666666666666668,725535.4285714285
early,20,4.0,0.49882903981264637,0.7540983606557377,0.5971896955503513,0.3756906077348066,0.2459016393442623,0.49882903981264637,278.85714285714283,112.85714285714286,26.5,9.214285714285714,80.33333333333333,15.0,725535.4285714285
