feature,group,q0,q1,q2,q3,q4,unknown,levels_occupied
atr_pct,engine,328144,328808,328823,328806,329483,0,5
close_loc,engine,328243,328705,328852,328792,329472,0,5
days_since_earn,engine,328506,329446,331308,326210,328594,0,5
days_to_earn,engine,282184,285565,509179,285364,281772,0,5
dist_52wh,engine,324051,324744,345115,324744,325410,0,5
dist_ma200,engine,322915,323590,349704,323590,324265,0,5
dist_ma50,engine,326664,327334,334732,327334,328000,0,5
ear,engine,265793,266461,578204,266461,267145,0,5
ear_volsurge,engine,265079,265782,580984,265782,266437,0,5
earn_in_week,engine,0,140091,1406031,2048,95894,0,4
ev_activist,engine,0,0,1633245,0,10819,0,2
ev_activist_amend,engine,0,0,1591098,0,52966,0,2
ev_agreement,engine,0,0,1561151,0,82913,0,2
ev_offering,engine,0,0,1612984,0,31080,0,2
ev_red_flag,engine,0,0,1617100,0,26964,0,2
ev_shelf,engine,0,0,1630793,0,13271,0,2
frog,engine,326617,334080,327488,327927,327952,0,5
gap_today,engine,328236,328723,328883,328697,329525,0,5
ind_mom20,engine,329117,326865,329726,328626,329730,0,5
ind_mom60,engine,329067,327019,328821,331375,327782,0,5
ins_buyers30,engine,0,0,1565176,0,78888,0,2
ins_officer30,engine,0,0,1612491,0,31573,0,2
ins_opportunistic30,engine,0,0,1618308,0,25756,0,2
ins_value30,engine,0,0,1565176,0,78888,0,2
intraday20,engine,328144,328807,328824,328806,329483,0,5
log_dv,engine,328144,328807,328824,328806,329483,0,5
max20,engine,328101,328765,328997,328768,329433,0,5
min20,engine,328099,328763,329002,328760,329440,0,5
mom_12_1,engine,318979,319649,365452,319650,320334,0,5
news5,engine,0,192735,1260499,2748,188082,0,4
overnight20,engine,328099,328765,328997,328765,329438,0,5
r1,engine,328147,328815,328777,328843,329482,0,5
r120,engine,324014,324704,345268,324704,325374,0,5
r20,engine,327867,328536,329917,328540,329204,0,5
r5,engine,328145,328808,328812,328818,329481,0,5
r5_news,engine,89793,212,1453721,602,99736,0,5
r5_nonews,engine,327767,328342,331161,328806,327988,0,5
r60,engine,326259,326899,336404,326899,327603,0,5
range_compress,engine,326282,326930,336296,326932,327624,0,5
rel_ind20,engine,327867,328539,329914,328540,329204,0,5
rel_ind60,engine,326259,326899,336404,326899,327603,0,5
skew60,engine,327019,327690,333294,327690,328371,0,5
vol20,engine,328099,328765,328997,328765,329438,0,5
vol_ratio,engine,326259,326899,336404,326899,327603,0,5
vol_surge1,engine,327479,328137,331489,328139,328820,0,5
vol_surge5,engine,327479,328139,331490,328136,328820,0,5
m_spy_ma50,context,476142,394189,325688,203462,226139,18444,5
m_spy_ma200,context,588200,251663,238455,260149,287153,18444,5
m_spy_r5,context,414579,311366,303541,258082,338052,18444,5
m_vix,context,161231,172730,272353,457009,562297,18444,5
m_vix_chg5,context,341900,303621,292469,365974,321656,18444,5
m_vix_term,context,505862,314694,231321,242146,331597,18444,5
m_breadth,context,521080,353161,431971,203354,116054,18444,5
m_dispersion,context,125789,125772,185668,224546,963845,18444,5
