year,n_train,n_test,fitted,train_end,base_rate
2016,22000,8463,True,2015-12-11,0.07272727272727272
2017,30582,9152,True,2016-12-16,0.08030867830750114
2018,39719,9983,True,2017-12-15,0.07553060248243913
2019,49654,10294,True,2018-12-14,0.08150400773351593
2020,59951,11350,True,2019-12-13,0.08518623542559757
2021,71001,13335,True,2020-12-11,0.12027999605639357
2022,84510,13004,True,2021-12-17,0.13373565258549283
2023,97570,12538,True,2022-12-16,0.1475453520549349
2024,110082,13452,True,2023-12-15,0.1473265383986483
2025,123477,15407,True,2024-12-13,0.14714481239421107
2026,138809,12517,True,2025-12-12,0.15381567477613123
