ticker,kind,last_date,last_close,lag_sessions,final_month_return,guess
OST,flat_tail,2025-09-12,1.6950000524520874,260,-0.2399103045463562,acquired-like
UCFI,flat_tail,2025-10-01,5.510000228881836,247,-0.5110913515090942,acquired-like
EFTY,flat_tail,2025-10-03,15.020000457763672,245,1.238450050354004,acquired-like
PC,flat_tail,2025-10-16,9.399999618530273,236,0.10263931751251221,acquired-like
LAWR,flat_tail,2025-10-22,3.75,232,0.20192313194274902,acquired-like
MCTA,flat_tail,2025-11-11,29.354999542236328,218,3.1935715675354004,acquired-like
MAMK,flat_tail,2025-11-14,13.0,215,3.609929084777832,acquired-like
MAGH,flat_tail,2025-12-04,6.760000228881836,202,3.8285717964172363,acquired-like
HCHL,flat_tail,2026-06-11,3.9600000381469727,73,0.28571438789367676,acquired-like
SVA,no_data,2026-08-26,6.46999979019165,21,0.0,acquired-like
BTLN,no_data,2026-08-28,0.940500020980835,19,0.19686949253082275,acquired-like
CCZ,flat_tail,2026-09-08,64.66999816894531,13,0.010468721389770508,acquired-like
