seed,key,tested,q<=.2,ph<=.2,confirmed,no_gain,dup,disc,origin,status,t_disc,t_conf,p,q,ph,cf,p_real,fdr_pass,fdr_rows_pass
1000,__chain__,340,26.0,0.0,0.0,0.0,0.0,0.0,,,,,,,,,,,
1001,__chain__,340,44.0,0.0,0.0,0.0,0.0,0.0,,,,,,,,,,,
1002,__chain__,340,3.0,0.0,0.0,0.0,0.0,0.0,,,,,,,,,,,
1003,__chain__,340,38.0,8.0,0.0,0.0,0.0,0.0,,,,,,,,,,,
1004,__chain__,340,33.0,0.0,0.0,0.0,0.0,0.0,,,,,,,,,,,
1005,__chain__,340,35.0,1.0,0.0,0.0,0.0,0.0,,,,,,,,,,,
1006,f2 q4 & f5 q1 unless f6 q4,340,,,,,,,unless,active,3.8158323160180614,0.9511373922032044,0.00013572465540697627,0.032235445412305136,0.0,0.8292326823589683,0.8025019974926864,10.0,True
1006,f2 q4 & f5 q1 unless f1 q4,340,,,,,,,unless,active,3.221940677190293,1.2251511711194518,0.0012732549457398351,0.0496694858531111,0.07142857142857105,0.8897408659516484,0.8261879469551023,10.0,True
1006,__chain__,340,42.0,13.0,2.0,0.0,0.0,0.0,,,,,,,,,,,
1007,__chain__,340,3.0,1.0,0.0,0.0,0.0,0.0,,,,,,,,,,,
1008,__chain__,340,0.0,0.0,0.0,0.0,0.0,0.0,,,,,,,,,,,
1009,__chain__,340,25.0,0.0,0.0,0.0,0.0,0.0,,,,,,,,,,,
1010,__chain__,340,0.0,0.0,0.0,0.0,0.0,0.0,,,,,,,,,,,
1011,f1 q2 & f7 q4 unless f0 q4,340,,,,,,,unless,active,-3.70566420496093,-1.2863826711869417,0.00021083748160754027,0.0716847437465637,0.0,0.9008452284525839,0.8362683690956457,0.0,False
1011,__chain__,340,28.0,1.0,1.0,0.0,0.0,0.0,,,,,,,,,,,
1012,__chain__,340,4.0,0.0,0.0,0.0,0.0,0.0,,,,,,,,,,,
1013,__chain__,340,0.0,0.0,0.0,0.0,0.0,0.0,,,,,,,,,,,
1014,f1 q0 & f3 q1 unless f6 q0,340,,,,,,,unless,active,-3.9713357473278137,-0.9374490716729362,7.14707694814687e-05,0.024300061623699357,0.0,0.8257361954628764,0.8056707550282094,1.0,True
1014,__chain__,340,26.0,7.0,1.0,0.0,0.0,0.0,,,,,,,,,,,
1015,__chain__,340,0.0,0.0,0.0,0.0,0.0,0.0,,,,,,,,,,,
1016,__chain__,340,2.0,2.0,0.0,0.0,0.0,0.0,,,,,,,,,,,
1017,__chain__,340,15.0,6.0,0.0,0.0,0.0,0.0,,,,,,,,,,,
1018,f2 q2 & f6 q4 unless f7 q0,340,,,,,,,unless,active,4.426893134459265,1.0987633669325974,9.560006472665567e-06,0.0032504022007062926,0.0,0.8640643525992133,0.861255795925973,8.0,True
1018,f5 q4 & f7 q4 unless f4 q0,340,,,,,,,unless,active,-3.2982792400200305,-1.965786318185348,0.0009727934009433658,0.044813950849318454,0.1428571428571421,0.9753383505529211,0.836004300473933,8.0,True
1018,__chain__,340,59.0,8.0,2.0,0.0,0.0,0.0,,,,,,,,,,,
1019,__chain__,340,0.0,0.0,0.0,0.0,0.0,0.0,,,,,,,,,,,
1020,__chain__,340,0.0,0.0,0.0,0.0,0.0,0.0,,,,,,,,,,,
1021,__chain__,340,0.0,0.0,0.0,0.0,0.0,0.0,,,,,,,,,,,
1022,__chain__,340,53.0,0.0,0.0,0.0,0.0,0.0,,,,,,,,,,,
1023,__chain__,340,37.0,0.0,0.0,0.0,0.0,0.0,,,,,,,,,,,
1024,f3 q1 & f4 q3,340,,,,,,,top_pair,active,-3.454432407014132,-1.5839795034005608,0.0005514524296698907,0.055231029480569384,0.0,0.9434008082590355,0.8912958104060877,0.0,False
1024,f3 q1 & f4 q3 unless f5 q4,340,,,,,,,unless,active,-3.3485961175828645,-2.66826309621279,0.0008122210217730792,0.055231029480569384,0.1,0.9961877736435099,0.8965689962791589,0.0,False
1024,f2 q1 & f7 q0 unless f6 q4,340,,,,,,,unless,active,3.5984608642692577,1.313233174168175,0.0003201060078781545,0.05441802133928627,0.0,0.9054478056806631,0.8561751276695228,0.0,False
1024,__chain__,340,34.0,6.0,4.0,0.0,1.0,0.0,,,,,,,,,,,
1025,f7 q3,340,,,,,,,all_single,active,-3.5479841475546703,-1.0579366135606725,0.00038819158466823713,0.03805316737792446,0.0,0.8549578292530893,0.8224239758754546,20.0,True
1025,f4 q2 & f7 q3,340,,,,,,,top_pair,active,-3.0807042733599204,-1.4231400209508454,0.002065116446147956,0.040664431170692926,0.03333333333333325,0.9226522156472008,0.8851330881295278,20.0,True
1025,f4 q2 & f7 q3 unless f3 q4,340,,,,,,,unless,active,-3.6337384959123207,-1.7397589345170077,0.00027934399203457735,0.03805316737792446,0.0,0.9590493219798224,0.9225544576068393,20.0,True
1025,__chain__,340,48.0,25.0,8.0,1.0,4.0,0.0,,,,,,,,,,,
1026,__chain__,340,0.0,0.0,0.0,0.0,0.0,0.0,,,,,,,,,,,
1027,__chain__,340,27.0,0.0,0.0,0.0,0.0,0.0,,,,,,,,,,,
1028,__chain__,340,6.0,0.0,0.0,0.0,0.0,0.0,,,,,,,,,,,
1029,__chain__,340,59.0,0.0,0.0,0.0,0.0,0.0,,,,,,,,,,,
1030,__chain__,340,22.0,0.0,0.0,0.0,0.0,0.0,,,,,,,,,,,
1031,__chain__,340,38.0,0.0,0.0,0.0,0.0,0.0,,,,,,,,,,,
1032,__chain__,340,56.0,0.0,0.0,0.0,0.0,0.0,,,,,,,,,,,
1033,__chain__,340,38.0,0.0,0.0,0.0,0.0,0.0,,,,,,,,,,,
1034,__chain__,340,9.0,0.0,0.0,0.0,0.0,0.0,,,,,,,,,,,
1035,__chain__,340,26.0,0.0,0.0,0.0,0.0,0.0,,,,,,,,,,,
1036,__chain__,340,6.0,1.0,0.0,0.0,0.0,0.0,,,,,,,,,,,
1037,__chain__,340,25.0,13.0,0.0,0.0,0.0,0.0,,,,,,,,,,,
1038,__chain__,340,25.0,3.0,0.0,0.0,0.0,0.0,,,,,,,,,,,
1039,__chain__,340,0.0,0.0,0.0,0.0,0.0,0.0,,,,,,,,,,,
1040,f0 q4 & f2 q0 unless f7 q0,340,,,,,,,unless,active,3.6825778351139937,1.1710675533600745,0.00023088733995922908,0.01962542389653447,0.0,0.8792141876372055,0.8619592365089782,11.0,True
1040,f3 q2 & f5 q0 unless f2 q0,340,,,,,,,unless,active,-3.2110688761897515,-1.0021089590217016,0.001322422347411796,0.0408748725563646,0.0,0.8418545143038216,0.8074438183206527,11.0,True
1040,__chain__,340,47.0,26.0,2.0,0.0,0.0,0.0,,,,,,,,,,,
1041,__chain__,340,27.0,0.0,0.0,0.0,0.0,0.0,,,,,,,,,,,
1042,__chain__,340,9.0,0.0,0.0,0.0,0.0,0.0,,,,,,,,,,,
1043,__chain__,340,2.0,0.0,0.0,0.0,0.0,0.0,,,,,,,,,,,
1044,__chain__,340,3.0,0.0,0.0,0.0,0.0,0.0,,,,,,,,,,,
1045,f3 q2 & f6 q4,340,,,,,,,top_pair,active,3.4983888757149124,1.158050393089521,0.00046807810068340186,0.03978663855808916,0.0,0.8765782638910851,0.8417021613377732,19.0,True
1045,f3 q2 & f6 q4 unless f5 q4,340,,,,,,,unless,active,3.523804260665364,1.4729865126876056,0.0004253983784462331,0.03978663855808916,0.0,0.9296226637117752,0.8926361027952667,19.0,True
1045,__chain__,340,52.0,13.0,3.0,1.0,0.0,0.0,,,,,,,,,,,
1046,__chain__,340,45.0,0.0,0.0,0.0,0.0,0.0,,,,,,,,,,,
1047,__chain__,340,43.0,4.0,0.0,0.0,0.0,0.0,,,,,,,,,,,
1048,__chain__,340,24.0,0.0,0.0,0.0,0.0,0.0,,,,,,,,,,,
1049,__chain__,340,32.0,0.0,0.0,0.0,0.0,0.0,,,,,,,,,,,
1050,__chain__,340,35.0,1.0,0.0,0.0,0.0,0.0,,,,,,,,,,,
1051,__chain__,340,49.0,31.0,0.0,0.0,0.0,0.0,,,,,,,,,,,
1052,__chain__,340,43.0,0.0,0.0,0.0,0.0,0.0,,,,,,,,,,,
1053,__chain__,340,32.0,0.0,0.0,0.0,0.0,0.0,,,,,,,,,,,
1054,__chain__,340,0.0,0.0,0.0,0.0,0.0,0.0,,,,,,,,,,,
1055,__chain__,340,43.0,0.0,0.0,0.0,0.0,0.0,,,,,,,,,,,
1056,__chain__,340,53.0,0.0,0.0,0.0,0.0,0.0,,,,,,,,,,,
1057,__chain__,340,0.0,0.0,0.0,0.0,0.0,0.0,,,,,,,,,,,
1058,__chain__,340,36.0,0.0,0.0,0.0,0.0,0.0,,,,,,,,,,,
1059,__chain__,340,0.0,0.0,0.0,0.0,0.0,0.0,,,,,,,,,,,
1060,__chain__,340,48.0,2.0,0.0,0.0,0.0,0.0,,,,,,,,,,,
1061,f1 q0 & f4 q1,340,,,,,,,top_pair,active,-4.201201869773653,-1.3974538666151781,2.6550171281301444e-05,0.00300901941188083,0.0,0.9188614348155573,0.9160965629213687,24.0,True
1061,__chain__,340,50.0,8.0,4.0,0.0,3.0,0.0,,,,,,,,,,,
1062,__chain__,340,43.0,0.0,0.0,0.0,0.0,0.0,,,,,,,,,,,
1063,__chain__,340,51.0,0.0,0.0,0.0,0.0,0.0,,,,,,,,,,,
1064,__chain__,340,23.0,0.0,0.0,0.0,0.0,0.0,,,,,,,,,,,
1065,__chain__,340,0.0,0.0,0.0,0.0,0.0,0.0,,,,,,,,,,,
1066,__chain__,340,0.0,0.0,0.0,0.0,0.0,0.0,,,,,,,,,,,
1067,__chain__,340,60.0,33.0,0.0,0.0,0.0,0.0,,,,,,,,,,,
1068,__chain__,340,48.0,0.0,0.0,0.0,0.0,0.0,,,,,,,,,,,
1069,__chain__,340,2.0,2.0,0.0,0.0,0.0,0.0,,,,,,,,,,,
1070,__chain__,340,2.0,1.0,0.0,0.0,0.0,0.0,,,,,,,,,,,
1071,__chain__,340,31.0,5.0,0.0,0.0,0.0,0.0,,,,,,,,,,,
1072,__chain__,340,0.0,0.0,0.0,0.0,0.0,0.0,,,,,,,,,,,
1073,__chain__,340,43.0,4.0,0.0,0.0,0.0,0.0,,,,,,,,,,,
1074,__chain__,340,47.0,2.0,0.0,0.0,0.0,0.0,,,,,,,,,,,
1075,__chain__,340,28.0,0.0,0.0,0.0,0.0,0.0,,,,,,,,,,,
1076,__chain__,340,5.0,0.0,0.0,0.0,0.0,0.0,,,,,,,,,,,
1077,__chain__,340,0.0,0.0,0.0,0.0,0.0,0.0,,,,,,,,,,,
1078,__chain__,340,2.0,1.0,0.0,0.0,0.0,0.0,,,,,,,,,,,
1079,__chain__,340,10.0,0.0,0.0,0.0,0.0,0.0,,,,,,,,,,,
1080,__chain__,340,43.0,0.0,0.0,0.0,0.0,0.0,,,,,,,,,,,
1081,__chain__,340,48.0,12.0,0.0,0.0,0.0,0.0,,,,,,,,,,,
1082,__chain__,340,24.0,0.0,0.0,0.0,0.0,0.0,,,,,,,,,,,
1083,__chain__,340,14.0,0.0,0.0,0.0,0.0,0.0,,,,,,,,,,,
1084,__chain__,340,0.0,0.0,0.0,0.0,0.0,0.0,,,,,,,,,,,
1085,__chain__,340,32.0,0.0,0.0,0.0,0.0,0.0,,,,,,,,,,,
1086,__chain__,340,0.0,0.0,0.0,0.0,0.0,0.0,,,,,,,,,,,
1087,__chain__,340,10.0,0.0,0.0,0.0,0.0,0.0,,,,,,,,,,,
1088,__chain__,340,42.0,0.0,0.0,0.0,0.0,0.0,,,,,,,,,,,
1089,__chain__,340,0.0,0.0,0.0,0.0,0.0,0.0,,,,,,,,,,,
1090,__chain__,340,18.0,0.0,0.0,0.0,0.0,0.0,,,,,,,,,,,
1091,__chain__,340,0.0,0.0,0.0,0.0,0.0,0.0,,,,,,,,,,,
1092,__chain__,340,0.0,0.0,0.0,0.0,0.0,0.0,,,,,,,,,,,
1093,__chain__,340,0.0,0.0,0.0,0.0,0.0,0.0,,,,,,,,,,,
1094,__chain__,340,0.0,0.0,0.0,0.0,0.0,0.0,,,,,,,,,,,
1095,__chain__,340,51.0,1.0,0.0,0.0,0.0,0.0,,,,,,,,,,,
1096,__chain__,340,36.0,1.0,0.0,0.0,0.0,0.0,,,,,,,,,,,
1097,__chain__,340,0.0,0.0,0.0,0.0,0.0,0.0,,,,,,,,,,,
1098,__chain__,340,0.0,0.0,0.0,0.0,0.0,0.0,,,,,,,,,,,
1099,__chain__,340,12.0,0.0,0.0,0.0,0.0,0.0,,,,,,,,,,,
1100,__chain__,340,40.0,7.0,0.0,0.0,0.0,0.0,,,,,,,,,,,
1101,__chain__,340,58.0,6.0,0.0,0.0,0.0,0.0,,,,,,,,,,,
1102,__chain__,340,48.0,3.0,0.0,0.0,0.0,0.0,,,,,,,,,,,
1103,__chain__,340,9.0,3.0,0.0,0.0,0.0,0.0,,,,,,,,,,,
1104,__chain__,340,32.0,0.0,0.0,0.0,0.0,0.0,,,,,,,,,,,
1105,__chain__,340,0.0,0.0,0.0,0.0,0.0,0.0,,,,,,,,,,,
1106,__chain__,340,0.0,0.0,0.0,0.0,0.0,0.0,,,,,,,,,,,
1107,__chain__,340,37.0,4.0,0.0,0.0,0.0,0.0,,,,,,,,,,,
1108,__chain__,340,0.0,0.0,0.0,0.0,0.0,0.0,,,,,,,,,,,
1109,__chain__,340,0.0,0.0,0.0,0.0,0.0,0.0,,,,,,,,,,,
1110,__chain__,340,62.0,18.0,0.0,0.0,0.0,0.0,,,,,,,,,,,
1111,__chain__,340,28.0,0.0,0.0,0.0,0.0,0.0,,,,,,,,,,,
1112,__chain__,340,0.0,0.0,0.0,0.0,0.0,0.0,,,,,,,,,,,
1113,__chain__,340,19.0,1.0,0.0,0.0,0.0,0.0,,,,,,,,,,,
1114,__chain__,340,0.0,0.0,0.0,0.0,0.0,0.0,,,,,,,,,,,
1115,__chain__,340,3.0,0.0,0.0,0.0,0.0,0.0,,,,,,,,,,,
1116,__chain__,340,1.0,0.0,0.0,0.0,0.0,0.0,,,,,,,,,,,
1117,__chain__,340,0.0,0.0,0.0,0.0,0.0,0.0,,,,,,,,,,,
1118,f0 q0 & f7 q2 unless f6 q4,340,,,,,,,unless,active,3.604593387811199,1.0685894412515613,0.00031264201730231336,0.04600054007776359,0.0,0.8573726457971944,0.8179330410426224,3.0,True
1118,__chain__,340,41.0,5.0,1.0,0.0,0.0,0.0,,,,,,,,,,,
1119,__chain__,340,0.0,0.0,0.0,0.0,0.0,0.0,,,,,,,,,,,
1120,__chain__,340,35.0,3.0,0.0,0.0,0.0,0.0,,,,,,,,,,,
1121,__chain__,340,5.0,0.0,0.0,0.0,0.0,0.0,,,,,,,,,,,
1122,__chain__,340,5.0,0.0,0.0,0.0,0.0,0.0,,,,,,,,,,,
1123,__chain__,340,0.0,0.0,0.0,0.0,0.0,0.0,,,,,,,,,,,
1124,f0 q4 & f6 q3 unless f5 q0,340,,,,,,,unless,active,3.273855899138342,1.1122442581342011,0.0010609069811486189,0.045088546698816304,0.0,0.8669834282997345,0.8278924055057421,19.0,True
1124,__chain__,340,53.0,18.0,1.0,0.0,0.0,0.0,,,,,,,,,,,
1125,__chain__,340,13.0,1.0,0.0,0.0,0.0,0.0,,,,,,,,,,,
1126,__chain__,340,2.0,0.0,0.0,0.0,0.0,0.0,,,,,,,,,,,
1127,__chain__,340,6.0,0.0,0.0,0.0,0.0,0.0,,,,,,,,,,,
1128,f0 q0 & f3 q3,340,,,,,,,top_pair,active,-3.518719572909329,-1.308999482594526,0.0004336348091708619,0.04305838619518872,0.0,0.9047327370003861,0.8657764054071934,10.0,True
1128,f0 q4 & f7 q2 unless f2 q4,340,,,,,,,unless,active,3.449029113152248,2.231835207714903,0.0005626060409322189,0.04305838619518872,0.0,0.9871870717830951,0.9446803895993611,10.0,True
1128,f0 q4 & f7 q2 unless f3 q0,340,,,,,,,unless,active,3.2393512122245833,2.3298284779371756,0.0011980195363865663,0.043234662238417994,0.11111111111111065,0.9900923908096879,0.8800821251641675,10.0,True
1128,f1 q4 & f2 q1 unless f0 q4,340,,,,,,,unless,active,-3.2868525985804657,-1.6164284431172615,0.0010131384987103228,0.04305838619518872,0.12499999999999942,0.9469991435547465,0.8286242506104037,10.0,True
1128,__chain__,340,51.0,10.0,4.0,0.0,0.0,0.0,,,,,,,,,,,
1129,f1 q0 & f5 q0,340,,,,,,,top_pair,active,4.137993706726319,1.1728563585414742,3.503559786585841e-05,0.005956051637195929,0.0,0.879573293519957,0.8743345095650535,10.0,True
1129,__chain__,340,20.0,10.0,4.0,1.0,2.0,0.0,,,,,,,,,,,
1130,__chain__,340,44.0,34.0,0.0,0.0,0.0,0.0,,,,,,,,,,,
1131,__chain__,340,3.0,0.0,0.0,0.0,0.0,0.0,,,,,,,,,,,
1132,__chain__,340,27.0,1.0,0.0,0.0,0.0,0.0,,,,,,,,,,,
1133,__chain__,340,18.0,0.0,0.0,0.0,0.0,0.0,,,,,,,,,,,
1134,__chain__,340,24.0,0.0,0.0,0.0,0.0,0.0,,,,,,,,,,,
1135,__chain__,340,16.0,0.0,0.0,0.0,0.0,0.0,,,,,,,,,,,
1136,__chain__,340,0.0,0.0,0.0,0.0,0.0,0.0,,,,,,,,,,,
1137,__chain__,340,43.0,0.0,0.0,0.0,0.0,0.0,,,,,,,,,,,
1138,__chain__,340,36.0,0.0,0.0,0.0,0.0,0.0,,,,,,,,,,,
1139,f0 q4 & f1 q4,340,,,,,,,top_pair,active,-2.8373574446801,-2.2768724266491627,0.004548865496636744,0.1546614268856493,0.09999999999999962,0.9886030775538641,0.8357043149558393,0.0,False
1139,f5 q3 & f7 q3 unless f6 q4,340,,,,,,,unless,active,3.532582867295899,1.5109527664627322,0.0004115212302808868,0.1399172182955015,0.0,0.9345997572506752,0.8038331589965098,0.0,False
1139,__chain__,340,30.0,12.0,4.0,2.0,0.0,0.0,,,,,,,,,,,
1140,__chain__,340,0.0,0.0,0.0,0.0,0.0,0.0,,,,,,,,,,,
1141,__chain__,340,0.0,0.0,0.0,0.0,0.0,0.0,,,,,,,,,,,
1142,__chain__,340,25.0,2.0,0.0,0.0,0.0,0.0,,,,,,,,,,,
1143,__chain__,340,14.0,1.0,0.0,0.0,0.0,0.0,,,,,,,,,,,
1144,__chain__,340,0.0,0.0,0.0,0.0,0.0,0.0,,,,,,,,,,,
1145,__chain__,340,21.0,10.0,0.0,0.0,0.0,0.0,,,,,,,,,,,
1146,__chain__,340,0.0,0.0,0.0,0.0,0.0,0.0,,,,,,,,,,,
1147,__chain__,340,23.0,0.0,0.0,0.0,0.0,0.0,,,,,,,,,,,
1148,__chain__,340,51.0,5.0,0.0,0.0,0.0,0.0,,,,,,,,,,,
1149,__chain__,340,0.0,0.0,0.0,0.0,0.0,0.0,,,,,,,,,,,
1150,__chain__,340,44.0,0.0,0.0,0.0,0.0,0.0,,,,,,,,,,,
1151,__chain__,340,23.0,0.0,0.0,0.0,0.0,0.0,,,,,,,,,,,
1152,__chain__,340,0.0,0.0,0.0,0.0,0.0,0.0,,,,,,,,,,,
1153,f0 q4 & f4 q4 unless f2 q4,340,,,,,,,unless,active,-3.6268126485785723,-1.0764907060134221,0.00028694133294170115,0.05593836904524454,0.0,0.8591460723775155,0.8110868423170897,0.0,False
1153,__chain__,340,19.0,2.0,1.0,0.0,0.0,0.0,,,,,,,,,,,
1154,__chain__,340,39.0,0.0,0.0,0.0,0.0,0.0,,,,,,,,,,,
1155,__chain__,340,0.0,0.0,0.0,0.0,0.0,0.0,,,,,,,,,,,
1156,__chain__,340,0.0,0.0,0.0,0.0,0.0,0.0,,,,,,,,,,,
1157,__chain__,340,0.0,0.0,0.0,0.0,0.0,0.0,,,,,,,,,,,
1158,__chain__,340,2.0,0.0,0.0,0.0,0.0,0.0,,,,,,,,,,,
1159,__chain__,340,0.0,0.0,0.0,0.0,0.0,0.0,,,,,,,,,,,
1160,__chain__,340,28.0,1.0,0.0,0.0,0.0,0.0,,,,,,,,,,,
1161,__chain__,340,11.0,0.0,0.0,0.0,0.0,0.0,,,,,,,,,,,
1162,__chain__,340,9.0,0.0,0.0,0.0,0.0,0.0,,,,,,,,,,,
1163,__chain__,340,25.0,0.0,0.0,0.0,0.0,0.0,,,,,,,,,,,
1164,__chain__,340,50.0,0.0,0.0,0.0,0.0,0.0,,,,,,,,,,,
1165,__chain__,340,0.0,0.0,0.0,0.0,0.0,0.0,,,,,,,,,,,
1166,__chain__,340,0.0,0.0,0.0,0.0,0.0,0.0,,,,,,,,,,,
1167,__chain__,340,0.0,0.0,0.0,0.0,0.0,0.0,,,,,,,,,,,
1168,__chain__,340,26.0,0.0,0.0,0.0,0.0,0.0,,,,,,,,,,,
1169,__chain__,340,15.0,0.0,0.0,0.0,0.0,0.0,,,,,,,,,,,
1170,__chain__,340,36.0,2.0,0.0,0.0,0.0,0.0,,,,,,,,,,,
1171,__chain__,340,0.0,0.0,0.0,0.0,0.0,0.0,,,,,,,,,,,
1172,__chain__,340,0.0,0.0,0.0,0.0,0.0,0.0,,,,,,,,,,,
1173,__chain__,340,35.0,0.0,0.0,0.0,0.0,0.0,,,,,,,,,,,
1174,__chain__,340,43.0,0.0,0.0,0.0,0.0,0.0,,,,,,,,,,,
1175,__chain__,340,15.0,0.0,0.0,0.0,0.0,0.0,,,,,,,,,,,
1176,__chain__,340,0.0,0.0,0.0,0.0,0.0,0.0,,,,,,,,,,,
1177,__chain__,340,21.0,0.0,0.0,0.0,0.0,0.0,,,,,,,,,,,
1178,__chain__,340,0.0,0.0,0.0,0.0,0.0,0.0,,,,,,,,,,,
1179,__chain__,340,0.0,0.0,0.0,0.0,0.0,0.0,,,,,,,,,,,
1180,__chain__,340,42.0,8.0,0.0,0.0,0.0,0.0,,,,,,,,,,,
1181,__chain__,340,0.0,0.0,0.0,0.0,0.0,0.0,,,,,,,,,,,
1182,__chain__,340,0.0,0.0,0.0,0.0,0.0,0.0,,,,,,,,,,,
1183,__chain__,340,20.0,6.0,0.0,0.0,0.0,0.0,,,,,,,,,,,
1184,f2 q4,340,,,,,,,all_single,active,-3.336138421188631,-2.094333535235005,0.0008495085472133164,0.07288649340366977,0.0,0.981884860512062,0.9103187161031864,0.0,False
1184,f2 q3 & f6 q0 unless f5 q4,340,,,,,,,unless,active,3.3579689833635538,1.1405354695825365,0.000785174230139329,0.07288649340366977,0.0,0.8729683578794392,0.809340755421247,0.0,False
1184,__chain__,340,55.0,9.0,2.0,0.0,0.0,0.0,,,,,,,,,,,
1185,__chain__,340,49.0,2.0,0.0,0.0,0.0,0.0,,,,,,,,,,,
1186,__chain__,340,10.0,1.0,0.0,0.0,0.0,0.0,,,,,,,,,,,
1187,__chain__,340,31.0,0.0,0.0,0.0,0.0,0.0,,,,,,,,,,,
1188,__chain__,340,44.0,2.0,0.0,0.0,0.0,0.0,,,,,,,,,,,
1189,__chain__,340,0.0,0.0,0.0,0.0,0.0,0.0,,,,,,,,,,,
1190,__chain__,340,0.0,0.0,0.0,0.0,0.0,0.0,,,,,,,,,,,
1191,__chain__,340,0.0,0.0,0.0,0.0,0.0,0.0,,,,,,,,,,,
1192,__chain__,340,9.0,0.0,0.0,0.0,0.0,0.0,,,,,,,,,,,
1193,__chain__,340,56.0,14.0,0.0,0.0,0.0,0.0,,,,,,,,,,,
1194,__chain__,340,0.0,0.0,0.0,0.0,0.0,0.0,,,,,,,,,,,
1195,__chain__,340,0.0,0.0,0.0,0.0,0.0,0.0,,,,,,,,,,,
1196,__chain__,340,0.0,0.0,0.0,0.0,0.0,0.0,,,,,,,,,,,
1197,__chain__,340,2.0,0.0,0.0,0.0,0.0,0.0,,,,,,,,,,,
1198,__chain__,340,28.0,3.0,0.0,0.0,0.0,0.0,,,,,,,,,,,
1199,__chain__,340,0.0,0.0,0.0,0.0,0.0,0.0,,,,,,,,,,,
1200,__chain__,340,25.0,0.0,0.0,0.0,0.0,0.0,,,,,,,,,,,
1201,__chain__,340,22.0,0.0,0.0,0.0,0.0,0.0,,,,,,,,,,,
1202,__chain__,340,30.0,0.0,0.0,0.0,0.0,0.0,,,,,,,,,,,
1203,__chain__,340,49.0,0.0,0.0,0.0,0.0,0.0,,,,,,,,,,,
1204,__chain__,340,18.0,1.0,0.0,0.0,0.0,0.0,,,,,,,,,,,
1205,__chain__,340,30.0,0.0,0.0,0.0,0.0,0.0,,,,,,,,,,,
1206,__chain__,340,0.0,0.0,0.0,0.0,0.0,0.0,,,,,,,,,,,
1207,__chain__,340,52.0,6.0,0.0,0.0,0.0,0.0,,,,,,,,,,,
1208,__chain__,340,27.0,1.0,0.0,0.0,0.0,0.0,,,,,,,,,,,
1209,__chain__,340,40.0,8.0,0.0,0.0,0.0,0.0,,,,,,,,,,,
1210,__chain__,340,0.0,0.0,0.0,0.0,0.0,0.0,,,,,,,,,,,
1211,__chain__,340,0.0,1.0,0.0,0.0,0.0,0.0,,,,,,,,,,,
1212,__chain__,340,50.0,0.0,0.0,0.0,0.0,0.0,,,,,,,,,,,
1213,__chain__,340,26.0,0.0,0.0,0.0,0.0,0.0,,,,,,,,,,,
1214,__chain__,340,1.0,1.0,0.0,0.0,0.0,0.0,,,,,,,,,,,
1215,__chain__,340,8.0,0.0,0.0,0.0,0.0,0.0,,,,,,,,,,,
1216,__chain__,340,48.0,3.0,0.0,0.0,0.0,0.0,,,,,,,,,,,
1217,__chain__,340,42.0,23.0,0.0,0.0,0.0,0.0,,,,,,,,,,,
1218,__chain__,340,33.0,0.0,0.0,0.0,0.0,0.0,,,,,,,,,,,
1219,__chain__,340,35.0,1.0,0.0,0.0,0.0,0.0,,,,,,,,,,,
1220,__chain__,340,34.0,1.0,0.0,0.0,0.0,0.0,,,,,,,,,,,
1221,__chain__,340,36.0,0.0,0.0,0.0,0.0,0.0,,,,,,,,,,,
1222,__chain__,340,25.0,0.0,0.0,0.0,0.0,0.0,,,,,,,,,,,
1223,__chain__,340,0.0,0.0,0.0,0.0,0.0,0.0,,,,,,,,,,,
1224,f6 q1 & f7 q0 unless f1 q0,340,,,,,,,unless,active,-3.201542591647317,-1.8929253045206018,0.0013669386538915978,0.06903486633249874,0.0,0.9708160982109864,0.9037959386375529,0.0,False
1224,__chain__,340,45.0,9.0,1.0,0.0,0.0,0.0,,,,,,,,,,,
1225,__chain__,340,0.0,0.0,0.0,0.0,0.0,0.0,,,,,,,,,,,
1226,__chain__,340,10.0,0.0,0.0,0.0,0.0,0.0,,,,,,,,,,,
1227,__chain__,340,2.0,0.0,0.0,0.0,0.0,0.0,,,,,,,,,,,
1228,__chain__,340,23.0,0.0,0.0,0.0,0.0,0.0,,,,,,,,,,,
1229,__chain__,340,8.0,0.0,0.0,0.0,0.0,0.0,,,,,,,,,,,
1230,__chain__,340,0.0,0.0,0.0,0.0,0.0,0.0,,,,,,,,,,,
1231,__chain__,340,0.0,0.0,0.0,0.0,0.0,0.0,,,,,,,,,,,
1232,__chain__,340,10.0,1.0,0.0,0.0,0.0,0.0,,,,,,,,,,,
1233,__chain__,340,26.0,5.0,0.0,0.0,0.0,0.0,,,,,,,,,,,
1234,__chain__,340,35.0,0.0,0.0,0.0,0.0,0.0,,,,,,,,,,,
1235,__chain__,340,2.0,4.0,0.0,0.0,0.0,0.0,,,,,,,,,,,
1236,f4 q3 & f5 q0 unless f6 q0,340,,,,,,,unless,active,3.5093457644726693,1.5882923727275455,0.0004492105112316055,0.08163162135297905,0.0,0.943889879288432,0.8668386180634496,0.0,False
1236,__chain__,340,50.0,2.0,1.0,0.0,0.0,0.0,,,,,,,,,,,
1237,__chain__,340,23.0,0.0,0.0,0.0,0.0,0.0,,,,,,,,,,,
1238,__chain__,340,44.0,0.0,0.0,0.0,0.0,0.0,,,,,,,,,,,
1239,__chain__,340,0.0,0.0,0.0,0.0,0.0,0.0,,,,,,,,,,,
